price_date,commodity_name,spot_price
2026-09-15,"Los Angeles, CA Ultra-Low Sulfur CARB Diesel Spot Price (Dollars per Gallon)",5.516
2026-09-15,WTI Crude,107.02
2026-09-15,Brent Crude,130.8
2026-09-15,"Mont Belvieu, TX Propane Spot Price FOB (Dollars per Gallon)",0.855
2026-09-15,New York Harbor Conventional Gasoline Regular Spot Price FOB (Dollars per Gallon),3.535
2026-09-15,U.S. Gulf Coast Conventional Gasoline Regular Spot Price FOB (Dollars per Gallon),3.834
2026-09-15,Los Angeles Reformulated RBOB Regular Gasoline Spot Price (Dollars per Gallon),4.172
2026-09-15,U.S. Gulf Coast Kerosene-Type Jet Fuel Spot Price FOB (Dollars per Gallon),4.705
2026-09-15,New York Harbor No. 2 Heating Oil Spot Price FOB (Dollars per Gallon),5.163
2026-09-15,New York Harbor Ultra-Low Sulfur No 2 Diesel Spot Price (Dollars per Gallon),5.338
2026-09-15,U.S. Gulf Coast Ultra-Low Sulfur No 2 Diesel Spot Price (Dollars per Gallon),5.206
2026-09-14,"Los Angeles, CA Ultra-Low Sulfur CARB Diesel Spot Price (Dollars per Gallon)",5.256
2026-09-14,WTI Crude,102.42
2026-09-14,Brent Crude,121.25
2026-09-14,"Mont Belvieu, TX Propane Spot Price FOB (Dollars per Gallon)",0.855
2026-09-14,New York Harbor Conventional Gasoline Regular Spot Price FOB (Dollars per Gallon),3.414
2026-09-14,U.S. Gulf Coast Conventional Gasoline Regular Spot Price FOB (Dollars per Gallon),3.713
2026-09-14,Los Angeles Reformulated RBOB Regular Gasoline Spot Price (Dollars per Gallon),3.971
2026-09-14,U.S. Gulf Coast Kerosene-Type Jet Fuel Spot Price FOB (Dollars per Gallon),4.488
2026-09-14,New York Harbor No. 2 Heating Oil Spot Price FOB (Dollars per Gallon),4.903
2026-09-14,New York Harbor Ultra-Low Sulfur No 2 Diesel Spot Price (Dollars per Gallon),5.078
2026-09-14,U.S. Gulf Coast Ultra-Low Sulfur No 2 Diesel Spot Price (Dollars per Gallon),4.946
2026-09-11,"Los Angeles, CA Ultra-Low Sulfur CARB Diesel Spot Price (Dollars per Gallon)",5.263
2026-09-11,WTI Crude,101.27
2026-09-11,Brent Crude,118.06
2026-09-11,"Mont Belvieu, TX Propane Spot Price FOB (Dollars per Gallon)",0.855
2026-09-11,New York Harbor Conventional Gasoline Regular Spot Price FOB (Dollars per Gallon),3.376
2026-09-11,U.S. Gulf Coast Conventional Gasoline Regular Spot Price FOB (Dollars per Gallon),3.679
2026-09-11,Los Angeles Reformulated RBOB Regular Gasoline Spot Price (Dollars per Gallon),3.924
2026-09-11,U.S. Gulf Coast Kerosene-Type Jet Fuel Spot Price FOB (Dollars per Gallon),4.521
2026-09-11,New York Harbor No. 2 Heating Oil Spot Price FOB (Dollars per Gallon),4.91
2026-09-11,New York Harbor Ultra-Low Sulfur No 2 Diesel Spot Price (Dollars per Gallon),5.048
2026-09-11,U.S. Gulf Coast Ultra-Low Sulfur No 2 Diesel Spot Price (Dollars per Gallon),4.965
2026-09-10,"Los Angeles, CA Ultra-Low Sulfur CARB Diesel Spot Price (Dollars per Gallon)",5.435
2026-09-10,WTI Crude,103.57
2026-09-10,Brent Crude,120.98
2026-09-10,"Mont Belvieu, TX Propane Spot Price FOB (Dollars per Gallon)",0.878
2026-09-10,New York Harbor Conventional Gasoline Regular Spot Price FOB (Dollars per Gallon),3.469
2026-09-10,U.S. Gulf Coast Conventional Gasoline Regular Spot Price FOB (Dollars per Gallon),3.772
2026-09-10,Los Angeles Reformulated RBOB Regular Gasoline Spot Price (Dollars per Gallon),4.047
2026-09-10,U.S. Gulf Coast Kerosene-Type Jet Fuel Spot Price FOB (Dollars per Gallon),4.682
2026-09-10,New York Harbor No. 2 Heating Oil Spot Price FOB (Dollars per Gallon),5.032
2026-09-10,New York Harbor Ultra-Low Sulfur No 2 Diesel Spot Price (Dollars per Gallon),5.17
2026-09-10,U.S. Gulf Coast Ultra-Low Sulfur No 2 Diesel Spot Price (Dollars per Gallon),5.087
2026-09-09,"Los Angeles, CA Ultra-Low Sulfur CARB Diesel Spot Price (Dollars per Gallon)",5.127
2026-09-09,WTI Crude,97.26
2026-09-09,Brent Crude,109.51
2026-09-09,"Mont Belvieu, TX Propane Spot Price FOB (Dollars per Gallon)",0.833
2026-09-09,New York Harbor Conventional Gasoline Regular Spot Price FOB (Dollars per Gallon),3.289
2026-09-09,U.S. Gulf Coast Conventional Gasoline Regular Spot Price FOB (Dollars per Gallon),3.534
2026-09-09,Los Angeles Reformulated RBOB Regular Gasoline Spot Price (Dollars per Gallon),3.866
2026-09-09,U.S. Gulf Coast Kerosene-Type Jet Fuel Spot Price FOB (Dollars per Gallon),4.341
2026-09-09,New York Harbor No. 2 Heating Oil Spot Price FOB (Dollars per Gallon),4.725
2026-09-09,New York Harbor Ultra-Low Sulfur No 2 Diesel Spot Price (Dollars per Gallon),4.85
2026-09-09,U.S. Gulf Coast Ultra-Low Sulfur No 2 Diesel Spot Price (Dollars per Gallon),4.832
2026-09-08,"Los Angeles, CA Ultra-Low Sulfur CARB Diesel Spot Price (Dollars per Gallon)",5.132
2026-09-08,WTI Crude,94.21
2026-09-08,Brent Crude,106.12
2026-09-08,"Mont Belvieu, TX Propane Spot Price FOB (Dollars per Gallon)",0.809
2026-09-08,New York Harbor Conventional Gasoline Regular Spot Price FOB (Dollars per Gallon),3.311
2026-09-08,U.S. Gulf Coast Conventional Gasoline Regular Spot Price FOB (Dollars per Gallon),3.531
2026-09-08,Los Angeles Reformulated RBOB Regular Gasoline Spot Price (Dollars per Gallon),3.928
2026-09-08,U.S. Gulf Coast Kerosene-Type Jet Fuel Spot Price FOB (Dollars per Gallon),4.126
2026-09-08,New York Harbor No. 2 Heating Oil Spot Price FOB (Dollars per Gallon),4.539
2026-09-08,New York Harbor Ultra-Low Sulfur No 2 Diesel Spot Price (Dollars per Gallon),4.644
2026-09-08,U.S. Gulf Coast Ultra-Low Sulfur No 2 Diesel Spot Price (Dollars per Gallon),4.642
2026-09-07,Brent Crude,104.47
2026-09-04,"Los Angeles, CA Ultra-Low Sulfur CARB Diesel Spot Price (Dollars per Gallon)",5.047
2026-09-04,WTI Crude,92.69
2026-09-04,Brent Crude,102.24
2026-09-04,"Mont Belvieu, TX Propane Spot Price FOB (Dollars per Gallon)",0.774
2026-09-04,New York Harbor Conventional Gasoline Regular Spot Price FOB (Dollars per Gallon),3.245
2026-09-04,U.S. Gulf Coast Conventional Gasoline Regular Spot Price FOB (Dollars per Gallon),3.458
2026-09-04,Los Angeles Reformulated RBOB Regular Gasoline Spot Price (Dollars per Gallon),3.905
2026-09-04,U.S. Gulf Coast Kerosene-Type Jet Fuel Spot Price FOB (Dollars per Gallon),4.017
2026-09-04,New York Harbor No. 2 Heating Oil Spot Price FOB (Dollars per Gallon),4.454
2026-09-04,New York Harbor Ultra-Low Sulfur No 2 Diesel Spot Price (Dollars per Gallon),4.549
2026-09-04,U.S. Gulf Coast Ultra-Low Sulfur No 2 Diesel Spot Price (Dollars per Gallon),4.557
2026-09-03,"Los Angeles, CA Ultra-Low Sulfur CARB Diesel Spot Price (Dollars per Gallon)",5.089
2026-09-03,WTI Crude,92.55
2026-09-03,Brent Crude,100.52
2026-09-03,"Mont Belvieu, TX Propane Spot Price FOB (Dollars per Gallon)",0.784
2026-09-03,New York Harbor Conventional Gasoline Regular Spot Price FOB (Dollars per Gallon),3.197
2026-09-03,U.S. Gulf Coast Conventional Gasoline Regular Spot Price FOB (Dollars per Gallon),3.41
2026-09-03,Los Angeles Reformulated RBOB Regular Gasoline Spot Price (Dollars per Gallon),3.807
2026-09-03,U.S. Gulf Coast Kerosene-Type Jet Fuel Spot Price FOB (Dollars per Gallon),4.063
2026-09-03,New York Harbor No. 2 Heating Oil Spot Price FOB (Dollars per Gallon),4.497
2026-09-03,New York Harbor Ultra-Low Sulfur No 2 Diesel Spot Price (Dollars per Gallon),4.592
2026-09-03,U.S. Gulf Coast Ultra-Low Sulfur No 2 Diesel Spot Price (Dollars per Gallon),4.599
2026-09-02,"Los Angeles, CA Ultra-Low Sulfur CARB Diesel Spot Price (Dollars per Gallon)",5.163
2026-09-02,WTI Crude,92.15
2026-09-02,Brent Crude,97.59
2026-09-02,"Mont Belvieu, TX Propane Spot Price FOB (Dollars per Gallon)",0.76
2026-09-02,New York Harbor Conventional Gasoline Regular Spot Price FOB (Dollars per Gallon),3.135
2026-09-02,U.S. Gulf Coast Conventional Gasoline Regular Spot Price FOB (Dollars per Gallon),3.295
2026-09-02,Los Angeles Reformulated RBOB Regular Gasoline Spot Price (Dollars per Gallon),3.685
2026-09-02,U.S. Gulf Coast Kerosene-Type Jet Fuel Spot Price FOB (Dollars per Gallon),4.118
2026-09-02,New York Harbor No. 2 Heating Oil Spot Price FOB (Dollars per Gallon),4.571
2026-09-02,New York Harbor Ultra-Low Sulfur No 2 Diesel Spot Price (Dollars per Gallon),4.666
2026-09-02,U.S. Gulf Coast Ultra-Low Sulfur No 2 Diesel Spot Price (Dollars per Gallon),4.683
2026-09-01,"Los Angeles, CA Ultra-Low Sulfur CARB Diesel Spot Price (Dollars per Gallon)",5.221
2026-09-01,WTI Crude,91.48
2026-09-01,Brent Crude,96.02
2026-09-01,"Mont Belvieu, TX Propane Spot Price FOB (Dollars per Gallon)",0.736
2026-09-01,New York Harbor Conventional Gasoline Regular Spot Price FOB (Dollars per Gallon),3.203
2026-09-01,U.S. Gulf Coast Conventional Gasoline Regular Spot Price FOB (Dollars per Gallon),3.443
2026-09-01,Los Angeles Reformulated RBOB Regular Gasoline Spot Price (Dollars per Gallon),3.753
2026-09-01,U.S. Gulf Coast Kerosene-Type Jet Fuel Spot Price FOB (Dollars per Gallon),4.19
2026-09-01,New York Harbor No. 2 Heating Oil Spot Price FOB (Dollars per Gallon),4.629
2026-09-01,New York Harbor Ultra-Low Sulfur No 2 Diesel Spot Price (Dollars per Gallon),4.724
2026-09-01,U.S. Gulf Coast Ultra-Low Sulfur No 2 Diesel Spot Price (Dollars per Gallon),4.734
2026-08-31,"Los Angeles, CA Ultra-Low Sulfur CARB Diesel Spot Price (Dollars per Gallon)",4.988
2026-08-31,WTI Crude,87.03
2026-08-31,"Mont Belvieu, TX Propane Spot Price FOB (Dollars per Gallon)",0.71
2026-08-31,New York Harbor Conventional Gasoline Regular Spot Price FOB (Dollars per Gallon),3.55
2026-08-31,U.S. Gulf Coast Conventional Gasoline Regular Spot Price FOB (Dollars per Gallon),3.863
2026-08-31,Los Angeles Reformulated RBOB Regular Gasoline Spot Price (Dollars per Gallon),4.148
2026-08-31,U.S. Gulf Coast Kerosene-Type Jet Fuel Spot Price FOB (Dollars per Gallon),4.021
2026-08-31,New York Harbor No. 2 Heating Oil Spot Price FOB (Dollars per Gallon),4.391
2026-08-31,New York Harbor Ultra-Low Sulfur No 2 Diesel Spot Price (Dollars per Gallon),4.491
2026-08-31,U.S. Gulf Coast Ultra-Low Sulfur No 2 Diesel Spot Price (Dollars per Gallon),4.488
2026-08-28,"Los Angeles, CA Ultra-Low Sulfur CARB Diesel Spot Price (Dollars per Gallon)",4.754
2026-08-28,WTI Crude,84.57
2026-08-28,Brent Crude,89.75
2026-08-28,"Mont Belvieu, TX Propane Spot Price FOB (Dollars per Gallon)",0.68
2026-08-28,New York Harbor Conventional Gasoline Regular Spot Price FOB (Dollars per Gallon),3.527
2026-08-28,U.S. Gulf Coast Conventional Gasoline Regular Spot Price FOB (Dollars per Gallon),3.742
2026-08-28,Los Angeles Reformulated RBOB Regular Gasoline Spot Price (Dollars per Gallon),4.124
2026-08-28,U.S. Gulf Coast Kerosene-Type Jet Fuel Spot Price FOB (Dollars per Gallon),3.805
2026-08-28,New York Harbor No. 2 Heating Oil Spot Price FOB (Dollars per Gallon),4.251
2026-08-28,New York Harbor Ultra-Low Sulfur No 2 Diesel Spot Price (Dollars per Gallon),4.351
2026-08-28,U.S. Gulf Coast Ultra-Low Sulfur No 2 Diesel Spot Price (Dollars per Gallon),4.346
2026-08-27,"Los Angeles, CA Ultra-Low Sulfur CARB Diesel Spot Price (Dollars per Gallon)",4.575
2026-08-27,WTI Crude,84.81
2026-08-27,Brent Crude,90.18
2026-08-27,"Mont Belvieu, TX Propane Spot Price FOB (Dollars per Gallon)",0.693
2026-08-27,New York Harbor Conventional Gasoline Regular Spot Price FOB (Dollars per Gallon),3.42
2026-08-27,U.S. Gulf Coast Conventional Gasoline Regular Spot Price FOB (Dollars per Gallon),3.635
2026-08-27,Los Angeles Reformulated RBOB Regular Gasoline Spot Price (Dollars per Gallon),3.977
2026-08-27,U.S. Gulf Coast Kerosene-Type Jet Fuel Spot Price FOB (Dollars per Gallon),3.74
2026-08-27,New York Harbor No. 2 Heating Oil Spot Price FOB (Dollars per Gallon),4.173
2026-08-27,New York Harbor Ultra-Low Sulfur No 2 Diesel Spot Price (Dollars per Gallon),4.273
2026-08-27,U.S. Gulf Coast Ultra-Low Sulfur No 2 Diesel Spot Price (Dollars per Gallon),4.268
2026-08-26,"Los Angeles, CA Ultra-Low Sulfur CARB Diesel Spot Price (Dollars per Gallon)",4.488
2026-08-26,WTI Crude,83.46
2026-08-26,Brent Crude,87.77
2026-08-26,"Mont Belvieu, TX Propane Spot Price FOB (Dollars per Gallon)",0.685
2026-08-26,New York Harbor Conventional Gasoline Regular Spot Price FOB (Dollars per Gallon),3.325
2026-08-26,U.S. Gulf Coast Conventional Gasoline Regular Spot Price FOB (Dollars per Gallon),3.513
2026-08-26,Los Angeles Reformulated RBOB Regular Gasoline Spot Price (Dollars per Gallon),3.903
2026-08-26,U.S. Gulf Coast Kerosene-Type Jet Fuel Spot Price FOB (Dollars per Gallon),3.675
2026-08-26,New York Harbor No. 2 Heating Oil Spot Price FOB (Dollars per Gallon),4.131
2026-08-26,New York Harbor Ultra-Low Sulfur No 2 Diesel Spot Price (Dollars per Gallon),4.231
2026-08-26,U.S. Gulf Coast Ultra-Low Sulfur No 2 Diesel Spot Price (Dollars per Gallon),4.243
2026-08-25,"Los Angeles, CA Ultra-Low Sulfur CARB Diesel Spot Price (Dollars per Gallon)",4.446
2026-08-25,WTI Crude,83.9
2026-08-25,Brent Crude,88.24
2026-08-25,"Mont Belvieu, TX Propane Spot Price FOB (Dollars per Gallon)",0.685
2026-08-25,New York Harbor Conventional Gasoline Regular Spot Price FOB (Dollars per Gallon),3.254
2026-08-25,U.S. Gulf Coast Conventional Gasoline Regular Spot Price FOB (Dollars per Gallon),3.429
2026-08-25,Los Angeles Reformulated RBOB Regular Gasoline Spot Price (Dollars per Gallon),3.741
2026-08-25,U.S. Gulf Coast Kerosene-Type Jet Fuel Spot Price FOB (Dollars per Gallon),3.619
2026-08-25,New York Harbor No. 2 Heating Oil Spot Price FOB (Dollars per Gallon),4.089
2026-08-25,New York Harbor Ultra-Low Sulfur No 2 Diesel Spot Price (Dollars per Gallon),4.186
2026-08-25,U.S. Gulf Coast Ultra-Low Sulfur No 2 Diesel Spot Price (Dollars per Gallon),4.216
2026-08-24,"Los Angeles, CA Ultra-Low Sulfur CARB Diesel Spot Price (Dollars per Gallon)",4.388
2026-08-24,WTI Crude,86.34
2026-08-24,Brent Crude,92.71
2026-08-24,"Mont Belvieu, TX Propane Spot Price FOB (Dollars per Gallon)",0.693
2026-08-24,New York Harbor Conventional Gasoline Regular Spot Price FOB (Dollars per Gallon),3.326
2026-08-24,U.S. Gulf Coast Conventional Gasoline Regular Spot Price FOB (Dollars per Gallon),3.501
2026-08-24,Los Angeles Reformulated RBOB Regular Gasoline Spot Price (Dollars per Gallon),3.524
2026-08-24,U.S. Gulf Coast Kerosene-Type Jet Fuel Spot Price FOB (Dollars per Gallon),3.734
2026-08-24,New York Harbor No. 2 Heating Oil Spot Price FOB (Dollars per Gallon),4.17
2026-08-24,New York Harbor Ultra-Low Sulfur No 2 Diesel Spot Price (Dollars per Gallon),4.268
2026-08-24,U.S. Gulf Coast Ultra-Low Sulfur No 2 Diesel Spot Price (Dollars per Gallon),4.298
2026-08-21,"Los Angeles, CA Ultra-Low Sulfur CARB Diesel Spot Price (Dollars per Gallon)",4.593
2026-08-21,WTI Crude,87.21
2026-08-21,Brent Crude,96.92
2026-08-21,"Mont Belvieu, TX Propane Spot Price FOB (Dollars per Gallon)",0.723
2026-08-21,New York Harbor Conventional Gasoline Regular Spot Price FOB (Dollars per Gallon),3.379
2026-08-21,U.S. Gulf Coast Conventional Gasoline Regular Spot Price FOB (Dollars per Gallon),3.569
2026-08-21,Los Angeles Reformulated RBOB Regular Gasoline Spot Price (Dollars per Gallon),3.519
2026-08-21,U.S. Gulf Coast Kerosene-Type Jet Fuel Spot Price FOB (Dollars per Gallon),3.918
2026-08-21,New York Harbor No. 2 Heating Oil Spot Price FOB (Dollars per Gallon),4.376
2026-08-21,New York Harbor Ultra-Low Sulfur No 2 Diesel Spot Price (Dollars per Gallon),4.473
2026-08-21,U.S. Gulf Coast Ultra-Low Sulfur No 2 Diesel Spot Price (Dollars per Gallon),4.521
2026-08-20,"Los Angeles, CA Ultra-Low Sulfur CARB Diesel Spot Price (Dollars per Gallon)",4.606
2026-08-20,WTI Crude,89.75
2026-08-20,Brent Crude,94.0
2026-08-20,"Mont Belvieu, TX Propane Spot Price FOB (Dollars per Gallon)",0.771
2026-08-20,New York Harbor Conventional Gasoline Regular Spot Price FOB (Dollars per Gallon),3.336
2026-08-20,U.S. Gulf Coast Conventional Gasoline Regular Spot Price FOB (Dollars per Gallon),3.533
2026-08-20,Los Angeles Reformulated RBOB Regular Gasoline Spot Price (Dollars per Gallon),3.483
2026-08-20,U.S. Gulf Coast Kerosene-Type Jet Fuel Spot Price FOB (Dollars per Gallon),3.926
2026-08-20,New York Harbor No. 2 Heating Oil Spot Price FOB (Dollars per Gallon),4.388
2026-08-20,New York Harbor Ultra-Low Sulfur No 2 Diesel Spot Price (Dollars per Gallon),4.568
2026-08-20,U.S. Gulf Coast Ultra-Low Sulfur No 2 Diesel Spot Price (Dollars per Gallon),4.518
2026-08-19,"Los Angeles, CA Ultra-Low Sulfur CARB Diesel Spot Price (Dollars per Gallon)",4.524
2026-08-19,WTI Crude,87.28
2026-08-19,Brent Crude,92.37
2026-08-19,"Mont Belvieu, TX Propane Spot Price FOB (Dollars per Gallon)",0.723
2026-08-19,New York Harbor Conventional Gasoline Regular Spot Price FOB (Dollars per Gallon),3.282
2026-08-19,U.S. Gulf Coast Conventional Gasoline Regular Spot Price FOB (Dollars per Gallon),3.479
2026-08-19,Los Angeles Reformulated RBOB Regular Gasoline Spot Price (Dollars per Gallon),3.434
2026-08-19,U.S. Gulf Coast Kerosene-Type Jet Fuel Spot Price FOB (Dollars per Gallon),3.895
2026-08-19,New York Harbor No. 2 Heating Oil Spot Price FOB (Dollars per Gallon),4.342
2026-08-19,New York Harbor Ultra-Low Sulfur No 2 Diesel Spot Price (Dollars per Gallon),4.522
2026-08-19,U.S. Gulf Coast Ultra-Low Sulfur No 2 Diesel Spot Price (Dollars per Gallon),4.472
2026-08-18,"Los Angeles, CA Ultra-Low Sulfur CARB Diesel Spot Price (Dollars per Gallon)",4.552
2026-08-18,WTI Crude,86.48
2026-08-18,Brent Crude,95.29
2026-08-18,"Mont Belvieu, TX Propane Spot Price FOB (Dollars per Gallon)",0.723
2026-08-18,New York Harbor Conventional Gasoline Regular Spot Price FOB (Dollars per Gallon),3.361
2026-08-18,U.S. Gulf Coast Conventional Gasoline Regular Spot Price FOB (Dollars per Gallon),3.318
2026-08-18,Los Angeles Reformulated RBOB Regular Gasoline Spot Price (Dollars per Gallon),3.528
2026-08-18,U.S. Gulf Coast Kerosene-Type Jet Fuel Spot Price FOB (Dollars per Gallon),3.96
2026-08-18,New York Harbor No. 2 Heating Oil Spot Price FOB (Dollars per Gallon),4.37
2026-08-18,New York Harbor Ultra-Low Sulfur No 2 Diesel Spot Price (Dollars per Gallon),4.55
2026-08-18,U.S. Gulf Coast Ultra-Low Sulfur No 2 Diesel Spot Price (Dollars per Gallon),4.422
2026-08-17,"Los Angeles, CA Ultra-Low Sulfur CARB Diesel Spot Price (Dollars per Gallon)",4.535
2026-08-17,WTI Crude,86.04
2026-08-17,Brent Crude,92.43
2026-08-17,"Mont Belvieu, TX Propane Spot Price FOB (Dollars per Gallon)",0.698
2026-08-17,New York Harbor Conventional Gasoline Regular Spot Price FOB (Dollars per Gallon),3.324
2026-08-17,U.S. Gulf Coast Conventional Gasoline Regular Spot Price FOB (Dollars per Gallon),3.281
2026-08-17,Los Angeles Reformulated RBOB Regular Gasoline Spot Price (Dollars per Gallon),3.511
2026-08-17,U.S. Gulf Coast Kerosene-Type Jet Fuel Spot Price FOB (Dollars per Gallon),3.912
2026-08-17,New York Harbor No. 2 Heating Oil Spot Price FOB (Dollars per Gallon),4.352
2026-08-17,New York Harbor Ultra-Low Sulfur No 2 Diesel Spot Price (Dollars per Gallon),4.532
2026-08-17,U.S. Gulf Coast Ultra-Low Sulfur No 2 Diesel Spot Price (Dollars per Gallon),4.405
2026-08-14,"Los Angeles, CA Ultra-Low Sulfur CARB Diesel Spot Price (Dollars per Gallon)",4.394
2026-08-14,WTI Crude,83.99
2026-08-14,Brent Crude,92.02
2026-08-14,"Mont Belvieu, TX Propane Spot Price FOB (Dollars per Gallon)",0.681
2026-08-14,New York Harbor Conventional Gasoline Regular Spot Price FOB (Dollars per Gallon),3.192
2026-08-14,U.S. Gulf Coast Conventional Gasoline Regular Spot Price FOB (Dollars per Gallon),3.207
2026-08-14,Los Angeles Reformulated RBOB Regular Gasoline Spot Price (Dollars per Gallon),3.36
2026-08-14,U.S. Gulf Coast Kerosene-Type Jet Fuel Spot Price FOB (Dollars per Gallon),3.766
2026-08-14,New York Harbor No. 2 Heating Oil Spot Price FOB (Dollars per Gallon),4.172
2026-08-14,New York Harbor Ultra-Low Sulfur No 2 Diesel Spot Price (Dollars per Gallon),4.332
2026-08-14,U.S. Gulf Coast Ultra-Low Sulfur No 2 Diesel Spot Price (Dollars per Gallon),4.219
2026-08-13,"Los Angeles, CA Ultra-Low Sulfur CARB Diesel Spot Price (Dollars per Gallon)",4.378
2026-08-13,WTI Crude,82.77
2026-08-13,Brent Crude,92.03
2026-08-13,"Mont Belvieu, TX Propane Spot Price FOB (Dollars per Gallon)",0.679
2026-08-13,New York Harbor Conventional Gasoline Regular Spot Price FOB (Dollars per Gallon),3.13
2026-08-13,U.S. Gulf Coast Conventional Gasoline Regular Spot Price FOB (Dollars per Gallon),3.153
2026-08-13,Los Angeles Reformulated RBOB Regular Gasoline Spot Price (Dollars per Gallon),3.308
2026-08-13,U.S. Gulf Coast Kerosene-Type Jet Fuel Spot Price FOB (Dollars per Gallon),3.734
2026-08-13,New York Harbor No. 2 Heating Oil Spot Price FOB (Dollars per Gallon),4.155
2026-08-13,New York Harbor Ultra-Low Sulfur No 2 Diesel Spot Price (Dollars per Gallon),4.305
2026-08-13,U.S. Gulf Coast Ultra-Low Sulfur No 2 Diesel Spot Price (Dollars per Gallon),4.2
2026-08-12,"Los Angeles, CA Ultra-Low Sulfur CARB Diesel Spot Price (Dollars per Gallon)",4.413
2026-08-12,WTI Crude,84.97
2026-08-12,Brent Crude,92.52
2026-08-12,"Mont Belvieu, TX Propane Spot Price FOB (Dollars per Gallon)",0.689
2026-08-12,New York Harbor Conventional Gasoline Regular Spot Price FOB (Dollars per Gallon),3.158
2026-08-12,U.S. Gulf Coast Conventional Gasoline Regular Spot Price FOB (Dollars per Gallon),3.2
2026-08-12,Los Angeles Reformulated RBOB Regular Gasoline Spot Price (Dollars per Gallon),3.343
2026-08-12,U.S. Gulf Coast Kerosene-Type Jet Fuel Spot Price FOB (Dollars per Gallon),3.822
2026-08-12,New York Harbor No. 2 Heating Oil Spot Price FOB (Dollars per Gallon),4.185
2026-08-12,New York Harbor Ultra-Low Sulfur No 2 Diesel Spot Price (Dollars per Gallon),4.345
2026-08-12,U.S. Gulf Coast Ultra-Low Sulfur No 2 Diesel Spot Price (Dollars per Gallon),4.285
2026-08-11,"Los Angeles, CA Ultra-Low Sulfur CARB Diesel Spot Price (Dollars per Gallon)",4.408
2026-08-11,WTI Crude,84.77
2026-08-11,Brent Crude,93.26
2026-08-11,"Mont Belvieu, TX Propane Spot Price FOB (Dollars per Gallon)",0.673
2026-08-11,New York Harbor Conventional Gasoline Regular Spot Price FOB (Dollars per Gallon),3.152
2026-08-11,U.S. Gulf Coast Conventional Gasoline Regular Spot Price FOB (Dollars per Gallon),3.214
2026-08-11,Los Angeles Reformulated RBOB Regular Gasoline Spot Price (Dollars per Gallon),3.449
2026-08-11,U.S. Gulf Coast Kerosene-Type Jet Fuel Spot Price FOB (Dollars per Gallon),3.814
2026-08-11,New York Harbor No. 2 Heating Oil Spot Price FOB (Dollars per Gallon),4.175
2026-08-11,New York Harbor Ultra-Low Sulfur No 2 Diesel Spot Price (Dollars per Gallon),4.325
2026-08-11,U.S. Gulf Coast Ultra-Low Sulfur No 2 Diesel Spot Price (Dollars per Gallon),4.248
2026-08-10,"Los Angeles, CA Ultra-Low Sulfur CARB Diesel Spot Price (Dollars per Gallon)",4.33
2026-08-10,WTI Crude,83.76
2026-08-10,Brent Crude,92.74
2026-08-10,"Mont Belvieu, TX Propane Spot Price FOB (Dollars per Gallon)",0.673
2026-08-10,New York Harbor Conventional Gasoline Regular Spot Price FOB (Dollars per Gallon),3.147
2026-08-10,U.S. Gulf Coast Conventional Gasoline Regular Spot Price FOB (Dollars per Gallon),3.189
2026-08-10,Los Angeles Reformulated RBOB Regular Gasoline Spot Price (Dollars per Gallon),3.399
2026-08-10,U.S. Gulf Coast Kerosene-Type Jet Fuel Spot Price FOB (Dollars per Gallon),3.713
2026-08-10,New York Harbor No. 2 Heating Oil Spot Price FOB (Dollars per Gallon),4.077
2026-08-10,New York Harbor Ultra-Low Sulfur No 2 Diesel Spot Price (Dollars per Gallon),4.212
2026-08-10,U.S. Gulf Coast Ultra-Low Sulfur No 2 Diesel Spot Price (Dollars per Gallon),4.147
2026-08-07,"Los Angeles, CA Ultra-Low Sulfur CARB Diesel Spot Price (Dollars per Gallon)",4.028
2026-08-07,WTI Crude,79.77
2026-08-07,Brent Crude,87.62
2026-08-07,"Mont Belvieu, TX Propane Spot Price FOB (Dollars per Gallon)",0.664
2026-08-07,New York Harbor Conventional Gasoline Regular Spot Price FOB (Dollars per Gallon),2.97
2026-08-07,U.S. Gulf Coast Conventional Gasoline Regular Spot Price FOB (Dollars per Gallon),3.013
2026-08-07,Los Angeles Reformulated RBOB Regular Gasoline Spot Price (Dollars per Gallon),3.238
2026-08-07,U.S. Gulf Coast Kerosene-Type Jet Fuel Spot Price FOB (Dollars per Gallon),3.445
2026-08-07,New York Harbor No. 2 Heating Oil Spot Price FOB (Dollars per Gallon),3.775
2026-08-07,New York Harbor Ultra-Low Sulfur No 2 Diesel Spot Price (Dollars per Gallon),3.91
2026-08-07,U.S. Gulf Coast Ultra-Low Sulfur No 2 Diesel Spot Price (Dollars per Gallon),3.845
2026-08-06,"Los Angeles, CA Ultra-Low Sulfur CARB Diesel Spot Price (Dollars per Gallon)",4.082
2026-08-06,WTI Crude,78.88
2026-08-06,Brent Crude,89.65
2026-08-06,"Mont Belvieu, TX Propane Spot Price FOB (Dollars per Gallon)",0.66
2026-08-06,New York Harbor Conventional Gasoline Regular Spot Price FOB (Dollars per Gallon),2.965
2026-08-06,U.S. Gulf Coast Conventional Gasoline Regular Spot Price FOB (Dollars per Gallon),3.028
2026-08-06,Los Angeles Reformulated RBOB Regular Gasoline Spot Price (Dollars per Gallon),3.158
2026-08-06,U.S. Gulf Coast Kerosene-Type Jet Fuel Spot Price FOB (Dollars per Gallon),3.519
2026-08-06,New York Harbor No. 2 Heating Oil Spot Price FOB (Dollars per Gallon),3.83
2026-08-06,New York Harbor Ultra-Low Sulfur No 2 Diesel Spot Price (Dollars per Gallon),3.965
2026-08-06,U.S. Gulf Coast Ultra-Low Sulfur No 2 Diesel Spot Price (Dollars per Gallon),3.89
2026-08-05,"Los Angeles, CA Ultra-Low Sulfur CARB Diesel Spot Price (Dollars per Gallon)",3.951
2026-08-05,WTI Crude,76.78
2026-08-05,Brent Crude,86.65
2026-08-05,"Mont Belvieu, TX Propane Spot Price FOB (Dollars per Gallon)",0.651
2026-08-05,New York Harbor Conventional Gasoline Regular Spot Price FOB (Dollars per Gallon),2.84
2026-08-05,U.S. Gulf Coast Conventional Gasoline Regular Spot Price FOB (Dollars per Gallon),2.902
2026-08-05,Los Angeles Reformulated RBOB Regular Gasoline Spot Price (Dollars per Gallon),3.182
2026-08-05,U.S. Gulf Coast Kerosene-Type Jet Fuel Spot Price FOB (Dollars per Gallon),3.361
2026-08-05,New York Harbor No. 2 Heating Oil Spot Price FOB (Dollars per Gallon),3.684
2026-08-05,New York Harbor Ultra-Low Sulfur No 2 Diesel Spot Price (Dollars per Gallon),3.819
2026-08-05,U.S. Gulf Coast Ultra-Low Sulfur No 2 Diesel Spot Price (Dollars per Gallon),3.744
2026-08-04,"Los Angeles, CA Ultra-Low Sulfur CARB Diesel Spot Price (Dollars per Gallon)",3.904
2026-08-04,WTI Crude,77.33
2026-08-04,Brent Crude,86.47
2026-08-04,"Mont Belvieu, TX Propane Spot Price FOB (Dollars per Gallon)",0.646
2026-08-04,New York Harbor Conventional Gasoline Regular Spot Price FOB (Dollars per Gallon),2.854
2026-08-04,U.S. Gulf Coast Conventional Gasoline Regular Spot Price FOB (Dollars per Gallon),2.932
2026-08-04,Los Angeles Reformulated RBOB Regular Gasoline Spot Price (Dollars per Gallon),3.192
2026-08-04,U.S. Gulf Coast Kerosene-Type Jet Fuel Spot Price FOB (Dollars per Gallon),3.322
2026-08-04,New York Harbor No. 2 Heating Oil Spot Price FOB (Dollars per Gallon),3.637
2026-08-04,New York Harbor Ultra-Low Sulfur No 2 Diesel Spot Price (Dollars per Gallon),3.757
2026-08-04,U.S. Gulf Coast Ultra-Low Sulfur No 2 Diesel Spot Price (Dollars per Gallon),3.722
2026-08-03,"Los Angeles, CA Ultra-Low Sulfur CARB Diesel Spot Price (Dollars per Gallon)",4.006
2026-08-03,WTI Crude,81.96
2026-08-03,Brent Crude,88.9
2026-08-03,"Mont Belvieu, TX Propane Spot Price FOB (Dollars per Gallon)",0.655
2026-08-03,New York Harbor Conventional Gasoline Regular Spot Price FOB (Dollars per Gallon),2.986
2026-08-03,U.S. Gulf Coast Conventional Gasoline Regular Spot Price FOB (Dollars per Gallon),3.086
2026-08-03,Los Angeles Reformulated RBOB Regular Gasoline Spot Price (Dollars per Gallon),3.328
2026-08-03,U.S. Gulf Coast Kerosene-Type Jet Fuel Spot Price FOB (Dollars per Gallon),3.506
2026-08-03,New York Harbor No. 2 Heating Oil Spot Price FOB (Dollars per Gallon),3.768
2026-08-03,New York Harbor Ultra-Low Sulfur No 2 Diesel Spot Price (Dollars per Gallon),3.898
2026-08-03,U.S. Gulf Coast Ultra-Low Sulfur No 2 Diesel Spot Price (Dollars per Gallon),3.868
2026-07-31,"Los Angeles, CA Ultra-Low Sulfur CARB Diesel Spot Price (Dollars per Gallon)",4.264
2026-07-31,WTI Crude,86.16
2026-07-31,Brent Crude,96.95
2026-07-31,"Mont Belvieu, TX Propane Spot Price FOB (Dollars per Gallon)",0.659
2026-07-31,New York Harbor Conventional Gasoline Regular Spot Price FOB (Dollars per Gallon),3.226
2026-07-31,U.S. Gulf Coast Conventional Gasoline Regular Spot Price FOB (Dollars per Gallon),3.351
2026-07-31,Los Angeles Reformulated RBOB Regular Gasoline Spot Price (Dollars per Gallon),3.608
2026-07-31,U.S. Gulf Coast Kerosene-Type Jet Fuel Spot Price FOB (Dollars per Gallon),3.88
2026-07-31,New York Harbor No. 2 Heating Oil Spot Price FOB (Dollars per Gallon),4.026
2026-07-31,New York Harbor Ultra-Low Sulfur No 2 Diesel Spot Price (Dollars per Gallon),4.161
2026-07-31,U.S. Gulf Coast Ultra-Low Sulfur No 2 Diesel Spot Price (Dollars per Gallon),4.134
2026-07-30,"Los Angeles, CA Ultra-Low Sulfur CARB Diesel Spot Price (Dollars per Gallon)",4.338
2026-07-30,WTI Crude,85.15
2026-07-30,Brent Crude,91.91
2026-07-30,"Mont Belvieu, TX Propane Spot Price FOB (Dollars per Gallon)",0.67
2026-07-30,New York Harbor Conventional Gasoline Regular Spot Price FOB (Dollars per Gallon),3.259
2026-07-30,U.S. Gulf Coast Conventional Gasoline Regular Spot Price FOB (Dollars per Gallon),3.346
2026-07-30,Los Angeles Reformulated RBOB Regular Gasoline Spot Price (Dollars per Gallon),3.641
2026-07-30,U.S. Gulf Coast Kerosene-Type Jet Fuel Spot Price FOB (Dollars per Gallon),3.681
2026-07-30,New York Harbor No. 2 Heating Oil Spot Price FOB (Dollars per Gallon),4.1
2026-07-30,New York Harbor Ultra-Low Sulfur No 2 Diesel Spot Price (Dollars per Gallon),4.235
2026-07-30,U.S. Gulf Coast Ultra-Low Sulfur No 2 Diesel Spot Price (Dollars per Gallon),4.21
2026-07-29,"Los Angeles, CA Ultra-Low Sulfur CARB Diesel Spot Price (Dollars per Gallon)",4.522
2026-07-29,WTI Crude,86.08
2026-07-29,Brent Crude,91.95
2026-07-29,"Mont Belvieu, TX Propane Spot Price FOB (Dollars per Gallon)",0.689
2026-07-29,New York Harbor Conventional Gasoline Regular Spot Price FOB (Dollars per Gallon),3.397
2026-07-29,U.S. Gulf Coast Conventional Gasoline Regular Spot Price FOB (Dollars per Gallon),3.514
2026-07-29,Los Angeles Reformulated RBOB Regular Gasoline Spot Price (Dollars per Gallon),3.782
2026-07-29,U.S. Gulf Coast Kerosene-Type Jet Fuel Spot Price FOB (Dollars per Gallon),3.825
2026-07-29,New York Harbor No. 2 Heating Oil Spot Price FOB (Dollars per Gallon),4.285
2026-07-29,New York Harbor Ultra-Low Sulfur No 2 Diesel Spot Price (Dollars per Gallon),4.425
2026-07-29,U.S. Gulf Coast Ultra-Low Sulfur No 2 Diesel Spot Price (Dollars per Gallon),4.39
2026-07-28,"Los Angeles, CA Ultra-Low Sulfur CARB Diesel Spot Price (Dollars per Gallon)",4.292
2026-07-28,WTI Crude,80.91
2026-07-28,Brent Crude,85.51
2026-07-28,"Mont Belvieu, TX Propane Spot Price FOB (Dollars per Gallon)",0.661
2026-07-28,New York Harbor Conventional Gasoline Regular Spot Price FOB (Dollars per Gallon),3.25
2026-07-28,U.S. Gulf Coast Conventional Gasoline Regular Spot Price FOB (Dollars per Gallon),3.44
2026-07-28,Los Angeles Reformulated RBOB Regular Gasoline Spot Price (Dollars per Gallon),3.74
2026-07-28,U.S. Gulf Coast Kerosene-Type Jet Fuel Spot Price FOB (Dollars per Gallon),3.712
2026-07-28,New York Harbor No. 2 Heating Oil Spot Price FOB (Dollars per Gallon),4.054
2026-07-28,New York Harbor Ultra-Low Sulfur No 2 Diesel Spot Price (Dollars per Gallon),4.162
2026-07-28,U.S. Gulf Coast Ultra-Low Sulfur No 2 Diesel Spot Price (Dollars per Gallon),4.157
2026-07-27,"Los Angeles, CA Ultra-Low Sulfur CARB Diesel Spot Price (Dollars per Gallon)",4.235
2026-07-27,WTI Crude,84.25
2026-07-27,Brent Crude,91.82
2026-07-27,"Mont Belvieu, TX Propane Spot Price FOB (Dollars per Gallon)",0.678
2026-07-27,New York Harbor Conventional Gasoline Regular Spot Price FOB (Dollars per Gallon),3.242
2026-07-27,U.S. Gulf Coast Conventional Gasoline Regular Spot Price FOB (Dollars per Gallon),3.434
2026-07-27,Los Angeles Reformulated RBOB Regular Gasoline Spot Price (Dollars per Gallon),3.504
2026-07-27,U.S. Gulf Coast Kerosene-Type Jet Fuel Spot Price FOB (Dollars per Gallon),3.582
2026-07-27,New York Harbor No. 2 Heating Oil Spot Price FOB (Dollars per Gallon),3.998
2026-07-27,New York Harbor Ultra-Low Sulfur No 2 Diesel Spot Price (Dollars per Gallon),4.103
2026-07-27,U.S. Gulf Coast Ultra-Low Sulfur No 2 Diesel Spot Price (Dollars per Gallon),4.105
2026-07-24,"Los Angeles, CA Ultra-Low Sulfur CARB Diesel Spot Price (Dollars per Gallon)",4.37
2026-07-24,WTI Crude,91.74
2026-07-24,Brent Crude,100.31
2026-07-24,"Mont Belvieu, TX Propane Spot Price FOB (Dollars per Gallon)",0.71
2026-07-24,New York Harbor Conventional Gasoline Regular Spot Price FOB (Dollars per Gallon),3.338
2026-07-24,U.S. Gulf Coast Conventional Gasoline Regular Spot Price FOB (Dollars per Gallon),3.508
2026-07-24,Los Angeles Reformulated RBOB Regular Gasoline Spot Price (Dollars per Gallon),3.613
2026-07-24,U.S. Gulf Coast Kerosene-Type Jet Fuel Spot Price FOB (Dollars per Gallon),3.708
2026-07-24,New York Harbor No. 2 Heating Oil Spot Price FOB (Dollars per Gallon),4.133
2026-07-24,New York Harbor Ultra-Low Sulfur No 2 Diesel Spot Price (Dollars per Gallon),4.233
2026-07-24,U.S. Gulf Coast Ultra-Low Sulfur No 2 Diesel Spot Price (Dollars per Gallon),4.225
2026-07-23,"Los Angeles, CA Ultra-Low Sulfur CARB Diesel Spot Price (Dollars per Gallon)",4.495
2026-07-23,WTI Crude,93.08
2026-07-23,Brent Crude,105.32
2026-07-23,"Mont Belvieu, TX Propane Spot Price FOB (Dollars per Gallon)",0.726
2026-07-23,New York Harbor Conventional Gasoline Regular Spot Price FOB (Dollars per Gallon),3.421
2026-07-23,U.S. Gulf Coast Conventional Gasoline Regular Spot Price FOB (Dollars per Gallon),3.548
2026-07-23,Los Angeles Reformulated RBOB Regular Gasoline Spot Price (Dollars per Gallon),3.663
2026-07-23,U.S. Gulf Coast Kerosene-Type Jet Fuel Spot Price FOB (Dollars per Gallon),3.864
2026-07-23,New York Harbor No. 2 Heating Oil Spot Price FOB (Dollars per Gallon),4.258
2026-07-23,New York Harbor Ultra-Low Sulfur No 2 Diesel Spot Price (Dollars per Gallon),4.36
2026-07-23,U.S. Gulf Coast Ultra-Low Sulfur No 2 Diesel Spot Price (Dollars per Gallon),4.37
2026-07-22,"Los Angeles, CA Ultra-Low Sulfur CARB Diesel Spot Price (Dollars per Gallon)",4.27
2026-07-22,WTI Crude,87.66
2026-07-22,Brent Crude,94.12
2026-07-22,"Mont Belvieu, TX Propane Spot Price FOB (Dollars per Gallon)",0.723
2026-07-22,New York Harbor Conventional Gasoline Regular Spot Price FOB (Dollars per Gallon),3.347
2026-07-22,U.S. Gulf Coast Conventional Gasoline Regular Spot Price FOB (Dollars per Gallon),3.475
2026-07-22,Los Angeles Reformulated RBOB Regular Gasoline Spot Price (Dollars per Gallon),3.59
2026-07-22,U.S. Gulf Coast Kerosene-Type Jet Fuel Spot Price FOB (Dollars per Gallon),3.67
2026-07-22,New York Harbor No. 2 Heating Oil Spot Price FOB (Dollars per Gallon),4.033
2026-07-22,New York Harbor Ultra-Low Sulfur No 2 Diesel Spot Price (Dollars per Gallon),4.135
2026-07-22,U.S. Gulf Coast Ultra-Low Sulfur No 2 Diesel Spot Price (Dollars per Gallon),4.145
2026-07-21,"Los Angeles, CA Ultra-Low Sulfur CARB Diesel Spot Price (Dollars per Gallon)",4.236
2026-07-21,WTI Crude,86.04
2026-07-21,Brent Crude,93.85
2026-07-21,"Mont Belvieu, TX Propane Spot Price FOB (Dollars per Gallon)",0.723
2026-07-21,New York Harbor Conventional Gasoline Regular Spot Price FOB (Dollars per Gallon),3.331
2026-07-21,U.S. Gulf Coast Conventional Gasoline Regular Spot Price FOB (Dollars per Gallon),3.518
2026-07-21,Los Angeles Reformulated RBOB Regular Gasoline Spot Price (Dollars per Gallon),3.648
2026-07-21,U.S. Gulf Coast Kerosene-Type Jet Fuel Spot Price FOB (Dollars per Gallon),3.589
2026-07-21,New York Harbor No. 2 Heating Oil Spot Price FOB (Dollars per Gallon),4.039
2026-07-21,New York Harbor Ultra-Low Sulfur No 2 Diesel Spot Price (Dollars per Gallon),4.139
2026-07-21,U.S. Gulf Coast Ultra-Low Sulfur No 2 Diesel Spot Price (Dollars per Gallon),4.151
2026-07-20,"Los Angeles, CA Ultra-Low Sulfur CARB Diesel Spot Price (Dollars per Gallon)",4.282
2026-07-20,WTI Crude,84.38
2026-07-20,Brent Crude,86.99
2026-07-20,"Mont Belvieu, TX Propane Spot Price FOB (Dollars per Gallon)",0.726
2026-07-20,New York Harbor Conventional Gasoline Regular Spot Price FOB (Dollars per Gallon),3.48
2026-07-20,U.S. Gulf Coast Conventional Gasoline Regular Spot Price FOB (Dollars per Gallon),3.4
2026-07-20,Los Angeles Reformulated RBOB Regular Gasoline Spot Price (Dollars per Gallon),3.595
2026-07-20,U.S. Gulf Coast Kerosene-Type Jet Fuel Spot Price FOB (Dollars per Gallon),3.549
2026-07-20,New York Harbor No. 2 Heating Oil Spot Price FOB (Dollars per Gallon),4.014
2026-07-20,New York Harbor Ultra-Low Sulfur No 2 Diesel Spot Price (Dollars per Gallon),4.118
2026-07-20,U.S. Gulf Coast Ultra-Low Sulfur No 2 Diesel Spot Price (Dollars per Gallon),4.039
2026-07-17,"Los Angeles, CA Ultra-Low Sulfur CARB Diesel Spot Price (Dollars per Gallon)",4.252
2026-07-17,WTI Crude,83.43
2026-07-17,Brent Crude,85.01
2026-07-17,"Mont Belvieu, TX Propane Spot Price FOB (Dollars per Gallon)",0.759
2026-07-17,New York Harbor Conventional Gasoline Regular Spot Price FOB (Dollars per Gallon),3.479
2026-07-17,U.S. Gulf Coast Conventional Gasoline Regular Spot Price FOB (Dollars per Gallon),3.359
2026-07-17,Los Angeles Reformulated RBOB Regular Gasoline Spot Price (Dollars per Gallon),3.594
2026-07-17,U.S. Gulf Coast Kerosene-Type Jet Fuel Spot Price FOB (Dollars per Gallon),3.501
2026-07-17,New York Harbor No. 2 Heating Oil Spot Price FOB (Dollars per Gallon),3.984
2026-07-17,New York Harbor Ultra-Low Sulfur No 2 Diesel Spot Price (Dollars per Gallon),4.088
2026-07-17,U.S. Gulf Coast Ultra-Low Sulfur No 2 Diesel Spot Price (Dollars per Gallon),4.019
2026-07-16,"Los Angeles, CA Ultra-Low Sulfur CARB Diesel Spot Price (Dollars per Gallon)",4.231
2026-07-16,WTI Crude,80.03
2026-07-16,Brent Crude,81.23
2026-07-16,"Mont Belvieu, TX Propane Spot Price FOB (Dollars per Gallon)",0.721
2026-07-16,New York Harbor Conventional Gasoline Regular Spot Price FOB (Dollars per Gallon),3.373
2026-07-16,U.S. Gulf Coast Conventional Gasoline Regular Spot Price FOB (Dollars per Gallon),3.263
2026-07-16,Los Angeles Reformulated RBOB Regular Gasoline Spot Price (Dollars per Gallon),3.488
2026-07-16,U.S. Gulf Coast Kerosene-Type Jet Fuel Spot Price FOB (Dollars per Gallon),3.563
2026-07-16,New York Harbor No. 2 Heating Oil Spot Price FOB (Dollars per Gallon),3.963
2026-07-16,New York Harbor Ultra-Low Sulfur No 2 Diesel Spot Price (Dollars per Gallon),4.067
2026-07-16,U.S. Gulf Coast Ultra-Low Sulfur No 2 Diesel Spot Price (Dollars per Gallon),3.988
2026-07-15,"Los Angeles, CA Ultra-Low Sulfur CARB Diesel Spot Price (Dollars per Gallon)",4.137
2026-07-15,WTI Crude,80.73
2026-07-15,Brent Crude,83.08
2026-07-15,"Mont Belvieu, TX Propane Spot Price FOB (Dollars per Gallon)",0.754
2026-07-15,New York Harbor Conventional Gasoline Regular Spot Price FOB (Dollars per Gallon),3.394
2026-07-15,U.S. Gulf Coast Conventional Gasoline Regular Spot Price FOB (Dollars per Gallon),3.314
2026-07-15,Los Angeles Reformulated RBOB Regular Gasoline Spot Price (Dollars per Gallon),3.494
2026-07-15,U.S. Gulf Coast Kerosene-Type Jet Fuel Spot Price FOB (Dollars per Gallon),3.516
2026-07-15,New York Harbor No. 2 Heating Oil Spot Price FOB (Dollars per Gallon),3.889
2026-07-15,New York Harbor Ultra-Low Sulfur No 2 Diesel Spot Price (Dollars per Gallon),3.993
2026-07-15,U.S. Gulf Coast Ultra-Low Sulfur No 2 Diesel Spot Price (Dollars per Gallon),3.914
2026-07-14,"Los Angeles, CA Ultra-Low Sulfur CARB Diesel Spot Price (Dollars per Gallon)",4.202
2026-07-14,WTI Crude,80.44
2026-07-14,Brent Crude,83.69
2026-07-14,"Mont Belvieu, TX Propane Spot Price FOB (Dollars per Gallon)",0.725
2026-07-14,New York Harbor Conventional Gasoline Regular Spot Price FOB (Dollars per Gallon),3.237
2026-07-14,U.S. Gulf Coast Conventional Gasoline Regular Spot Price FOB (Dollars per Gallon),3.242
2026-07-14,Los Angeles Reformulated RBOB Regular Gasoline Spot Price (Dollars per Gallon),3.417
2026-07-14,U.S. Gulf Coast Kerosene-Type Jet Fuel Spot Price FOB (Dollars per Gallon),3.552
2026-07-14,New York Harbor No. 2 Heating Oil Spot Price FOB (Dollars per Gallon),3.93
2026-07-14,New York Harbor Ultra-Low Sulfur No 2 Diesel Spot Price (Dollars per Gallon),4.045
2026-07-14,U.S. Gulf Coast Ultra-Low Sulfur No 2 Diesel Spot Price (Dollars per Gallon),3.955
2026-07-13,"Los Angeles, CA Ultra-Low Sulfur CARB Diesel Spot Price (Dollars per Gallon)",4.016
2026-07-13,WTI Crude,79.2
2026-07-13,Brent Crude,81.62
2026-07-13,"Mont Belvieu, TX Propane Spot Price FOB (Dollars per Gallon)",0.721
2026-07-13,New York Harbor Conventional Gasoline Regular Spot Price FOB (Dollars per Gallon),3.171
2026-07-13,U.S. Gulf Coast Conventional Gasoline Regular Spot Price FOB (Dollars per Gallon),3.151
2026-07-13,Los Angeles Reformulated RBOB Regular Gasoline Spot Price (Dollars per Gallon),3.348
2026-07-13,U.S. Gulf Coast Kerosene-Type Jet Fuel Spot Price FOB (Dollars per Gallon),3.351
2026-07-13,New York Harbor No. 2 Heating Oil Spot Price FOB (Dollars per Gallon),3.743
2026-07-13,New York Harbor Ultra-Low Sulfur No 2 Diesel Spot Price (Dollars per Gallon),3.866
2026-07-13,U.S. Gulf Coast Ultra-Low Sulfur No 2 Diesel Spot Price (Dollars per Gallon),3.778
2026-07-10,"Los Angeles, CA Ultra-Low Sulfur CARB Diesel Spot Price (Dollars per Gallon)",3.72
2026-07-10,WTI Crude,72.45
2026-07-10,Brent Crude,74.34
2026-07-10,"Mont Belvieu, TX Propane Spot Price FOB (Dollars per Gallon)",0.683
2026-07-10,New York Harbor Conventional Gasoline Regular Spot Price FOB (Dollars per Gallon),2.966
2026-07-10,U.S. Gulf Coast Conventional Gasoline Regular Spot Price FOB (Dollars per Gallon),2.971
2026-07-10,Los Angeles Reformulated RBOB Regular Gasoline Spot Price (Dollars per Gallon),3.268
2026-07-10,U.S. Gulf Coast Kerosene-Type Jet Fuel Spot Price FOB (Dollars per Gallon),2.969
2026-07-10,New York Harbor No. 2 Heating Oil Spot Price FOB (Dollars per Gallon),3.448
2026-07-10,New York Harbor Ultra-Low Sulfur No 2 Diesel Spot Price (Dollars per Gallon),3.573
2026-07-10,U.S. Gulf Coast Ultra-Low Sulfur No 2 Diesel Spot Price (Dollars per Gallon),3.483
2026-07-09,"Los Angeles, CA Ultra-Low Sulfur CARB Diesel Spot Price (Dollars per Gallon)",3.66
2026-07-09,WTI Crude,73.15
2026-07-09,Brent Crude,74.46
2026-07-09,"Mont Belvieu, TX Propane Spot Price FOB (Dollars per Gallon)",0.7
2026-07-09,New York Harbor Conventional Gasoline Regular Spot Price FOB (Dollars per Gallon),3.003
2026-07-09,U.S. Gulf Coast Conventional Gasoline Regular Spot Price FOB (Dollars per Gallon),3.018
2026-07-09,Los Angeles Reformulated RBOB Regular Gasoline Spot Price (Dollars per Gallon),3.305
2026-07-09,U.S. Gulf Coast Kerosene-Type Jet Fuel Spot Price FOB (Dollars per Gallon),2.986
2026-07-09,New York Harbor No. 2 Heating Oil Spot Price FOB (Dollars per Gallon),3.457
2026-07-09,New York Harbor Ultra-Low Sulfur No 2 Diesel Spot Price (Dollars per Gallon),3.582
2026-07-09,U.S. Gulf Coast Ultra-Low Sulfur No 2 Diesel Spot Price (Dollars per Gallon),3.5
2026-07-08,"Los Angeles, CA Ultra-Low Sulfur CARB Diesel Spot Price (Dollars per Gallon)",3.778
2026-07-08,WTI Crude,74.56
2026-07-08,Brent Crude,76.5
2026-07-08,"Mont Belvieu, TX Propane Spot Price FOB (Dollars per Gallon)",0.725
2026-07-08,New York Harbor Conventional Gasoline Regular Spot Price FOB (Dollars per Gallon),3.113
2026-07-08,U.S. Gulf Coast Conventional Gasoline Regular Spot Price FOB (Dollars per Gallon),3.145
2026-07-08,Los Angeles Reformulated RBOB Regular Gasoline Spot Price (Dollars per Gallon),3.423
2026-07-08,U.S. Gulf Coast Kerosene-Type Jet Fuel Spot Price FOB (Dollars per Gallon),3.187
2026-07-08,New York Harbor No. 2 Heating Oil Spot Price FOB (Dollars per Gallon),3.62
2026-07-08,New York Harbor Ultra-Low Sulfur No 2 Diesel Spot Price (Dollars per Gallon),3.718
2026-07-08,U.S. Gulf Coast Ultra-Low Sulfur No 2 Diesel Spot Price (Dollars per Gallon),3.653
2026-07-07,"Los Angeles, CA Ultra-Low Sulfur CARB Diesel Spot Price (Dollars per Gallon)",3.43
2026-07-07,WTI Crude,71.53
2026-07-07,Brent Crude,71.78
2026-07-07,"Mont Belvieu, TX Propane Spot Price FOB (Dollars per Gallon)",0.683
2026-07-07,New York Harbor Conventional Gasoline Regular Spot Price FOB (Dollars per Gallon),2.975
2026-07-07,U.S. Gulf Coast Conventional Gasoline Regular Spot Price FOB (Dollars per Gallon),3.007
2026-07-07,Los Angeles Reformulated RBOB Regular Gasoline Spot Price (Dollars per Gallon),3.255
2026-07-07,U.S. Gulf Coast Kerosene-Type Jet Fuel Spot Price FOB (Dollars per Gallon),2.885
2026-07-07,New York Harbor No. 2 Heating Oil Spot Price FOB (Dollars per Gallon),3.273
2026-07-07,New York Harbor Ultra-Low Sulfur No 2 Diesel Spot Price (Dollars per Gallon),3.37
2026-07-07,U.S. Gulf Coast Ultra-Low Sulfur No 2 Diesel Spot Price (Dollars per Gallon),3.305
2026-07-06,"Los Angeles, CA Ultra-Low Sulfur CARB Diesel Spot Price (Dollars per Gallon)",3.363
2026-07-06,WTI Crude,69.6
2026-07-06,Brent Crude,69.56
2026-07-06,"Mont Belvieu, TX Propane Spot Price FOB (Dollars per Gallon)",0.676
2026-07-06,New York Harbor Conventional Gasoline Regular Spot Price FOB (Dollars per Gallon),3.006
2026-07-06,U.S. Gulf Coast Conventional Gasoline Regular Spot Price FOB (Dollars per Gallon),3.048
2026-07-06,Los Angeles Reformulated RBOB Regular Gasoline Spot Price (Dollars per Gallon),3.266
2026-07-06,U.S. Gulf Coast Kerosene-Type Jet Fuel Spot Price FOB (Dollars per Gallon),2.828
2026-07-06,New York Harbor No. 2 Heating Oil Spot Price FOB (Dollars per Gallon),3.206
2026-07-06,New York Harbor Ultra-Low Sulfur No 2 Diesel Spot Price (Dollars per Gallon),3.306
2026-07-06,U.S. Gulf Coast Ultra-Low Sulfur No 2 Diesel Spot Price (Dollars per Gallon),3.253
2026-07-03,Brent Crude,68.68
2026-07-02,"Los Angeles, CA Ultra-Low Sulfur CARB Diesel Spot Price (Dollars per Gallon)",3.246
2026-07-02,WTI Crude,69.73
2026-07-02,Brent Crude,68.53
2026-07-02,"Mont Belvieu, TX Propane Spot Price FOB (Dollars per Gallon)",0.671
2026-07-02,New York Harbor Conventional Gasoline Regular Spot Price FOB (Dollars per Gallon),2.92
2026-07-02,U.S. Gulf Coast Conventional Gasoline Regular Spot Price FOB (Dollars per Gallon),3.007
2026-07-02,Los Angeles Reformulated RBOB Regular Gasoline Spot Price (Dollars per Gallon),3.22
2026-07-02,U.S. Gulf Coast Kerosene-Type Jet Fuel Spot Price FOB (Dollars per Gallon),2.713
2026-07-02,New York Harbor No. 2 Heating Oil Spot Price FOB (Dollars per Gallon),3.089
2026-07-02,New York Harbor Ultra-Low Sulfur No 2 Diesel Spot Price (Dollars per Gallon),3.189
2026-07-02,U.S. Gulf Coast Ultra-Low Sulfur No 2 Diesel Spot Price (Dollars per Gallon),3.204
2026-07-01,"Los Angeles, CA Ultra-Low Sulfur CARB Diesel Spot Price (Dollars per Gallon)",3.268
2026-07-01,WTI Crude,69.74
2026-07-01,Brent Crude,69.24
2026-07-01,"Mont Belvieu, TX Propane Spot Price FOB (Dollars per Gallon)",0.685
2026-07-01,New York Harbor Conventional Gasoline Regular Spot Price FOB (Dollars per Gallon),2.945
2026-07-01,U.S. Gulf Coast Conventional Gasoline Regular Spot Price FOB (Dollars per Gallon),3.035
2026-07-01,Los Angeles Reformulated RBOB Regular Gasoline Spot Price (Dollars per Gallon),3.205
2026-07-01,U.S. Gulf Coast Kerosene-Type Jet Fuel Spot Price FOB (Dollars per Gallon),2.755
2026-07-01,New York Harbor No. 2 Heating Oil Spot Price FOB (Dollars per Gallon),3.12
2026-07-01,New York Harbor Ultra-Low Sulfur No 2 Diesel Spot Price (Dollars per Gallon),3.22
2026-07-01,U.S. Gulf Coast Ultra-Low Sulfur No 2 Diesel Spot Price (Dollars per Gallon),3.23
2026-06-30,"Los Angeles, CA Ultra-Low Sulfur CARB Diesel Spot Price (Dollars per Gallon)",3.353
2026-06-30,WTI Crude,70.56
2026-06-30,Brent Crude,70.46
2026-06-30,"Mont Belvieu, TX Propane Spot Price FOB (Dollars per Gallon)",0.703
2026-06-30,New York Harbor Conventional Gasoline Regular Spot Price FOB (Dollars per Gallon),2.977
2026-06-30,U.S. Gulf Coast Conventional Gasoline Regular Spot Price FOB (Dollars per Gallon),3.017
2026-06-30,Los Angeles Reformulated RBOB Regular Gasoline Spot Price (Dollars per Gallon),3.287
2026-06-30,U.S. Gulf Coast Kerosene-Type Jet Fuel Spot Price FOB (Dollars per Gallon),2.867
2026-06-30,New York Harbor No. 2 Heating Oil Spot Price FOB (Dollars per Gallon),3.186
2026-06-30,New York Harbor Ultra-Low Sulfur No 2 Diesel Spot Price (Dollars per Gallon),3.286
2026-06-30,U.S. Gulf Coast Ultra-Low Sulfur No 2 Diesel Spot Price (Dollars per Gallon),3.293
2026-06-29,"Los Angeles, CA Ultra-Low Sulfur CARB Diesel Spot Price (Dollars per Gallon)",3.383
2026-06-29,WTI Crude,71.87
2026-06-29,Brent Crude,71.59
2026-06-29,"Mont Belvieu, TX Propane Spot Price FOB (Dollars per Gallon)",0.703
2026-06-29,New York Harbor Conventional Gasoline Regular Spot Price FOB (Dollars per Gallon),3.049
2026-06-29,U.S. Gulf Coast Conventional Gasoline Regular Spot Price FOB (Dollars per Gallon),3.092
2026-06-29,Los Angeles Reformulated RBOB Regular Gasoline Spot Price (Dollars per Gallon),3.359
2026-06-29,U.S. Gulf Coast Kerosene-Type Jet Fuel Spot Price FOB (Dollars per Gallon),2.928
2026-06-29,New York Harbor No. 2 Heating Oil Spot Price FOB (Dollars per Gallon),3.216
2026-06-29,New York Harbor Ultra-Low Sulfur No 2 Diesel Spot Price (Dollars per Gallon),3.316
2026-06-29,U.S. Gulf Coast Ultra-Low Sulfur No 2 Diesel Spot Price (Dollars per Gallon),3.296
2026-06-26,"Los Angeles, CA Ultra-Low Sulfur CARB Diesel Spot Price (Dollars per Gallon)",3.287
2026-06-26,WTI Crude,70.3
2026-06-26,Brent Crude,70.16
2026-06-26,"Mont Belvieu, TX Propane Spot Price FOB (Dollars per Gallon)",0.689
2026-06-26,New York Harbor Conventional Gasoline Regular Spot Price FOB (Dollars per Gallon),2.963
2026-06-26,U.S. Gulf Coast Conventional Gasoline Regular Spot Price FOB (Dollars per Gallon),3.006
2026-06-26,Los Angeles Reformulated RBOB Regular Gasoline Spot Price (Dollars per Gallon),3.313
2026-06-26,U.S. Gulf Coast Kerosene-Type Jet Fuel Spot Price FOB (Dollars per Gallon),2.786
2026-06-26,New York Harbor No. 2 Heating Oil Spot Price FOB (Dollars per Gallon),3.119
2026-06-26,New York Harbor Ultra-Low Sulfur No 2 Diesel Spot Price (Dollars per Gallon),3.219
2026-06-26,U.S. Gulf Coast Ultra-Low Sulfur No 2 Diesel Spot Price (Dollars per Gallon),3.199
2026-06-25,"Los Angeles, CA Ultra-Low Sulfur CARB Diesel Spot Price (Dollars per Gallon)",3.366
2026-06-25,WTI Crude,72.67
2026-06-25,Brent Crude,73.74
2026-06-25,"Mont Belvieu, TX Propane Spot Price FOB (Dollars per Gallon)",0.723
2026-06-25,New York Harbor Conventional Gasoline Regular Spot Price FOB (Dollars per Gallon),3.02
2026-06-25,U.S. Gulf Coast Conventional Gasoline Regular Spot Price FOB (Dollars per Gallon),3.027
2026-06-25,Los Angeles Reformulated RBOB Regular Gasoline Spot Price (Dollars per Gallon),3.282
2026-06-25,U.S. Gulf Coast Kerosene-Type Jet Fuel Spot Price FOB (Dollars per Gallon),2.898
2026-06-25,New York Harbor No. 2 Heating Oil Spot Price FOB (Dollars per Gallon),3.199
2026-06-25,New York Harbor Ultra-Low Sulfur No 2 Diesel Spot Price (Dollars per Gallon),3.299
2026-06-25,U.S. Gulf Coast Ultra-Low Sulfur No 2 Diesel Spot Price (Dollars per Gallon),3.279
2026-06-24,"Los Angeles, CA Ultra-Low Sulfur CARB Diesel Spot Price (Dollars per Gallon)",3.223
2026-06-24,WTI Crude,71.42
2026-06-24,Brent Crude,72.09
2026-06-24,"Mont Belvieu, TX Propane Spot Price FOB (Dollars per Gallon)",0.681
2026-06-24,New York Harbor Conventional Gasoline Regular Spot Price FOB (Dollars per Gallon),2.843
2026-06-24,U.S. Gulf Coast Conventional Gasoline Regular Spot Price FOB (Dollars per Gallon),2.858
2026-06-24,Los Angeles Reformulated RBOB Regular Gasoline Spot Price (Dollars per Gallon),3.141
2026-06-24,U.S. Gulf Coast Kerosene-Type Jet Fuel Spot Price FOB (Dollars per Gallon),2.794
2026-06-24,New York Harbor No. 2 Heating Oil Spot Price FOB (Dollars per Gallon),3.055
2026-06-24,New York Harbor Ultra-Low Sulfur No 2 Diesel Spot Price (Dollars per Gallon),3.158
2026-06-24,U.S. Gulf Coast Ultra-Low Sulfur No 2 Diesel Spot Price (Dollars per Gallon),3.143
2026-06-23,"Los Angeles, CA Ultra-Low Sulfur CARB Diesel Spot Price (Dollars per Gallon)",3.238
2026-06-23,WTI Crude,74.62
2026-06-23,Brent Crude,75.69
2026-06-23,"Mont Belvieu, TX Propane Spot Price FOB (Dollars per Gallon)",0.7
2026-06-23,New York Harbor Conventional Gasoline Regular Spot Price FOB (Dollars per Gallon),2.935
2026-06-23,U.S. Gulf Coast Conventional Gasoline Regular Spot Price FOB (Dollars per Gallon),2.95
2026-06-23,Los Angeles Reformulated RBOB Regular Gasoline Spot Price (Dollars per Gallon),3.273
2026-06-23,U.S. Gulf Coast Kerosene-Type Jet Fuel Spot Price FOB (Dollars per Gallon),2.765
2026-06-23,New York Harbor No. 2 Heating Oil Spot Price FOB (Dollars per Gallon),3.07
2026-06-23,New York Harbor Ultra-Low Sulfur No 2 Diesel Spot Price (Dollars per Gallon),3.173
2026-06-23,U.S. Gulf Coast Ultra-Low Sulfur No 2 Diesel Spot Price (Dollars per Gallon),3.158
2026-06-22,"Los Angeles, CA Ultra-Low Sulfur CARB Diesel Spot Price (Dollars per Gallon)",3.174
2026-06-22,WTI Crude,78.94
2026-06-22,Brent Crude,76.49
2026-06-22,"Mont Belvieu, TX Propane Spot Price FOB (Dollars per Gallon)",0.703
2026-06-22,New York Harbor Conventional Gasoline Regular Spot Price FOB (Dollars per Gallon),2.966
2026-06-22,U.S. Gulf Coast Conventional Gasoline Regular Spot Price FOB (Dollars per Gallon),2.991
2026-06-22,Los Angeles Reformulated RBOB Regular Gasoline Spot Price (Dollars per Gallon),3.246
2026-06-22,U.S. Gulf Coast Kerosene-Type Jet Fuel Spot Price FOB (Dollars per Gallon),2.698
2026-06-22,New York Harbor No. 2 Heating Oil Spot Price FOB (Dollars per Gallon),3.007
2026-06-22,New York Harbor Ultra-Low Sulfur No 2 Diesel Spot Price (Dollars per Gallon),3.094
2026-06-22,U.S. Gulf Coast Ultra-Low Sulfur No 2 Diesel Spot Price (Dollars per Gallon),3.074
2026-06-19,Brent Crude,80.46
2026-06-18,"Los Angeles, CA Ultra-Low Sulfur CARB Diesel Spot Price (Dollars per Gallon)",3.193
2026-06-18,WTI Crude,80.35
2026-06-18,Brent Crude,79.35
2026-06-18,"Mont Belvieu, TX Propane Spot Price FOB (Dollars per Gallon)",0.715
2026-06-18,New York Harbor Conventional Gasoline Regular Spot Price FOB (Dollars per Gallon),2.96
2026-06-18,U.S. Gulf Coast Conventional Gasoline Regular Spot Price FOB (Dollars per Gallon),2.97
2026-06-18,Los Angeles Reformulated RBOB Regular Gasoline Spot Price (Dollars per Gallon),3.177
2026-06-18,U.S. Gulf Coast Kerosene-Type Jet Fuel Spot Price FOB (Dollars per Gallon),2.952
2026-06-18,New York Harbor No. 2 Heating Oil Spot Price FOB (Dollars per Gallon),3.025
2026-06-18,New York Harbor Ultra-Low Sulfur No 2 Diesel Spot Price (Dollars per Gallon),3.128
2026-06-18,U.S. Gulf Coast Ultra-Low Sulfur No 2 Diesel Spot Price (Dollars per Gallon),3.053
2026-06-17,"Los Angeles, CA Ultra-Low Sulfur CARB Diesel Spot Price (Dollars per Gallon)",3.207
2026-06-17,WTI Crude,80.65
2026-06-17,Brent Crude,80.33
2026-06-17,"Mont Belvieu, TX Propane Spot Price FOB (Dollars per Gallon)",0.718
2026-06-17,New York Harbor Conventional Gasoline Regular Spot Price FOB (Dollars per Gallon),2.887
2026-06-17,U.S. Gulf Coast Conventional Gasoline Regular Spot Price FOB (Dollars per Gallon),2.93
2026-06-17,Los Angeles Reformulated RBOB Regular Gasoline Spot Price (Dollars per Gallon),3.11
2026-06-17,U.S. Gulf Coast Kerosene-Type Jet Fuel Spot Price FOB (Dollars per Gallon),2.815
2026-06-17,New York Harbor No. 2 Heating Oil Spot Price FOB (Dollars per Gallon),3.07
2026-06-17,New York Harbor Ultra-Low Sulfur No 2 Diesel Spot Price (Dollars per Gallon),3.172
2026-06-17,U.S. Gulf Coast Ultra-Low Sulfur No 2 Diesel Spot Price (Dollars per Gallon),3.097
2026-06-16,"Los Angeles, CA Ultra-Low Sulfur CARB Diesel Spot Price (Dollars per Gallon)",3.247
2026-06-16,WTI Crude,79.8
2026-06-16,Brent Crude,80.5
2026-06-16,"Mont Belvieu, TX Propane Spot Price FOB (Dollars per Gallon)",0.714
2026-06-16,New York Harbor Conventional Gasoline Regular Spot Price FOB (Dollars per Gallon),2.88
2026-06-16,U.S. Gulf Coast Conventional Gasoline Regular Spot Price FOB (Dollars per Gallon),2.875
2026-06-16,Los Angeles Reformulated RBOB Regular Gasoline Spot Price (Dollars per Gallon),3.162
2026-06-16,U.S. Gulf Coast Kerosene-Type Jet Fuel Spot Price FOB (Dollars per Gallon),2.74
2026-06-16,New York Harbor No. 2 Heating Oil Spot Price FOB (Dollars per Gallon),3.105
2026-06-16,New York Harbor Ultra-Low Sulfur No 2 Diesel Spot Price (Dollars per Gallon),3.207
2026-06-16,U.S. Gulf Coast Ultra-Low Sulfur No 2 Diesel Spot Price (Dollars per Gallon),3.152
2026-06-15,"Los Angeles, CA Ultra-Low Sulfur CARB Diesel Spot Price (Dollars per Gallon)",3.333
2026-06-15,WTI Crude,84.65
2026-06-15,Brent Crude,84.36
2026-06-15,"Mont Belvieu, TX Propane Spot Price FOB (Dollars per Gallon)",0.729
2026-06-15,New York Harbor Conventional Gasoline Regular Spot Price FOB (Dollars per Gallon),2.945
2026-06-15,U.S. Gulf Coast Conventional Gasoline Regular Spot Price FOB (Dollars per Gallon),2.955
2026-06-15,Los Angeles Reformulated RBOB Regular Gasoline Spot Price (Dollars per Gallon),3.232
2026-06-15,U.S. Gulf Coast Kerosene-Type Jet Fuel Spot Price FOB (Dollars per Gallon),2.847
2026-06-15,New York Harbor No. 2 Heating Oil Spot Price FOB (Dollars per Gallon),3.175
2026-06-15,New York Harbor Ultra-Low Sulfur No 2 Diesel Spot Price (Dollars per Gallon),3.278
2026-06-15,U.S. Gulf Coast Ultra-Low Sulfur No 2 Diesel Spot Price (Dollars per Gallon),3.218
2026-06-12,"Los Angeles, CA Ultra-Low Sulfur CARB Diesel Spot Price (Dollars per Gallon)",3.522
2026-06-12,WTI Crude,88.62
2026-06-12,Brent Crude,88.64
2026-06-12,"Mont Belvieu, TX Propane Spot Price FOB (Dollars per Gallon)",0.758
2026-06-12,New York Harbor Conventional Gasoline Regular Spot Price FOB (Dollars per Gallon),3.02
2026-06-12,U.S. Gulf Coast Conventional Gasoline Regular Spot Price FOB (Dollars per Gallon),3.03
2026-06-12,Los Angeles Reformulated RBOB Regular Gasoline Spot Price (Dollars per Gallon),3.312
2026-06-12,U.S. Gulf Coast Kerosene-Type Jet Fuel Spot Price FOB (Dollars per Gallon),2.974
2026-06-12,New York Harbor No. 2 Heating Oil Spot Price FOB (Dollars per Gallon),3.304
2026-06-12,New York Harbor Ultra-Low Sulfur No 2 Diesel Spot Price (Dollars per Gallon),3.407
2026-06-12,U.S. Gulf Coast Ultra-Low Sulfur No 2 Diesel Spot Price (Dollars per Gallon),3.347
2026-06-11,"Los Angeles, CA Ultra-Low Sulfur CARB Diesel Spot Price (Dollars per Gallon)",3.58
2026-06-11,WTI Crude,91.58
2026-06-11,Brent Crude,92.84
2026-06-11,"Mont Belvieu, TX Propane Spot Price FOB (Dollars per Gallon)",0.778
2026-06-11,New York Harbor Conventional Gasoline Regular Spot Price FOB (Dollars per Gallon),3.033
2026-06-11,U.S. Gulf Coast Conventional Gasoline Regular Spot Price FOB (Dollars per Gallon),3.045
2026-06-11,Los Angeles Reformulated RBOB Regular Gasoline Spot Price (Dollars per Gallon),3.328
2026-06-11,U.S. Gulf Coast Kerosene-Type Jet Fuel Spot Price FOB (Dollars per Gallon),3.171
2026-06-11,New York Harbor No. 2 Heating Oil Spot Price FOB (Dollars per Gallon),3.362
2026-06-11,New York Harbor Ultra-Low Sulfur No 2 Diesel Spot Price (Dollars per Gallon),3.47
2026-06-11,U.S. Gulf Coast Ultra-Low Sulfur No 2 Diesel Spot Price (Dollars per Gallon),3.39
2026-06-10,"Los Angeles, CA Ultra-Low Sulfur CARB Diesel Spot Price (Dollars per Gallon)",3.754
2026-06-10,WTI Crude,93.68
2026-06-10,Brent Crude,95.73
2026-06-10,"Mont Belvieu, TX Propane Spot Price FOB (Dollars per Gallon)",0.785
2026-06-10,New York Harbor Conventional Gasoline Regular Spot Price FOB (Dollars per Gallon),3.129
2026-06-10,U.S. Gulf Coast Conventional Gasoline Regular Spot Price FOB (Dollars per Gallon),3.117
2026-06-10,Los Angeles Reformulated RBOB Regular Gasoline Spot Price (Dollars per Gallon),3.399
2026-06-10,U.S. Gulf Coast Kerosene-Type Jet Fuel Spot Price FOB (Dollars per Gallon),3.28
2026-06-10,New York Harbor No. 2 Heating Oil Spot Price FOB (Dollars per Gallon),3.537
2026-06-10,New York Harbor Ultra-Low Sulfur No 2 Diesel Spot Price (Dollars per Gallon),3.644
2026-06-10,U.S. Gulf Coast Ultra-Low Sulfur No 2 Diesel Spot Price (Dollars per Gallon),3.564
2026-06-09,"Los Angeles, CA Ultra-Low Sulfur CARB Diesel Spot Price (Dollars per Gallon)",3.663
2026-06-09,WTI Crude,91.9
2026-06-09,Brent Crude,94.15
2026-06-09,"Mont Belvieu, TX Propane Spot Price FOB (Dollars per Gallon)",0.78
2026-06-09,New York Harbor Conventional Gasoline Regular Spot Price FOB (Dollars per Gallon),3.083
2026-06-09,U.S. Gulf Coast Conventional Gasoline Regular Spot Price FOB (Dollars per Gallon),3.003
2026-06-09,Los Angeles Reformulated RBOB Regular Gasoline Spot Price (Dollars per Gallon),3.34
2026-06-09,U.S. Gulf Coast Kerosene-Type Jet Fuel Spot Price FOB (Dollars per Gallon),3.212
2026-06-09,New York Harbor No. 2 Heating Oil Spot Price FOB (Dollars per Gallon),3.446
2026-06-09,New York Harbor Ultra-Low Sulfur No 2 Diesel Spot Price (Dollars per Gallon),3.526
2026-06-09,U.S. Gulf Coast Ultra-Low Sulfur No 2 Diesel Spot Price (Dollars per Gallon),3.468
2026-06-08,"Los Angeles, CA Ultra-Low Sulfur CARB Diesel Spot Price (Dollars per Gallon)",3.714
2026-06-08,WTI Crude,95.0
2026-06-08,Brent Crude,97.46
2026-06-08,"Mont Belvieu, TX Propane Spot Price FOB (Dollars per Gallon)",0.796
2026-06-08,New York Harbor Conventional Gasoline Regular Spot Price FOB (Dollars per Gallon),3.154
2026-06-08,U.S. Gulf Coast Conventional Gasoline Regular Spot Price FOB (Dollars per Gallon),3.049
2026-06-08,Los Angeles Reformulated RBOB Regular Gasoline Spot Price (Dollars per Gallon),3.399
2026-06-08,U.S. Gulf Coast Kerosene-Type Jet Fuel Spot Price FOB (Dollars per Gallon),3.29
2026-06-08,New York Harbor No. 2 Heating Oil Spot Price FOB (Dollars per Gallon),3.497
2026-06-08,New York Harbor Ultra-Low Sulfur No 2 Diesel Spot Price (Dollars per Gallon),3.587
2026-06-08,U.S. Gulf Coast Ultra-Low Sulfur No 2 Diesel Spot Price (Dollars per Gallon),3.527
2026-06-05,"Los Angeles, CA Ultra-Low Sulfur CARB Diesel Spot Price (Dollars per Gallon)",3.9
2026-06-05,WTI Crude,94.32
2026-06-05,Brent Crude,97.29
2026-06-05,"Mont Belvieu, TX Propane Spot Price FOB (Dollars per Gallon)",0.81
2026-06-05,New York Harbor Conventional Gasoline Regular Spot Price FOB (Dollars per Gallon),3.13
2026-06-05,U.S. Gulf Coast Conventional Gasoline Regular Spot Price FOB (Dollars per Gallon),3.012
2026-06-05,Los Angeles Reformulated RBOB Regular Gasoline Spot Price (Dollars per Gallon),3.385
2026-06-05,U.S. Gulf Coast Kerosene-Type Jet Fuel Spot Price FOB (Dollars per Gallon),3.25
2026-06-05,New York Harbor No. 2 Heating Oil Spot Price FOB (Dollars per Gallon),3.507
2026-06-05,New York Harbor Ultra-Low Sulfur No 2 Diesel Spot Price (Dollars per Gallon),3.597
2026-06-05,U.S. Gulf Coast Ultra-Low Sulfur No 2 Diesel Spot Price (Dollars per Gallon),3.542
2026-06-04,"Los Angeles, CA Ultra-Low Sulfur CARB Diesel Spot Price (Dollars per Gallon)",4.069
2026-06-04,WTI Crude,96.83
2026-06-04,Brent Crude,98.98
2026-06-04,"Mont Belvieu, TX Propane Spot Price FOB (Dollars per Gallon)",0.811
2026-06-04,New York Harbor Conventional Gasoline Regular Spot Price FOB (Dollars per Gallon),3.132
2026-06-04,U.S. Gulf Coast Conventional Gasoline Regular Spot Price FOB (Dollars per Gallon),3.027
2026-06-04,Los Angeles Reformulated RBOB Regular Gasoline Spot Price (Dollars per Gallon),3.372
2026-06-04,U.S. Gulf Coast Kerosene-Type Jet Fuel Spot Price FOB (Dollars per Gallon),3.341
2026-06-04,New York Harbor No. 2 Heating Oil Spot Price FOB (Dollars per Gallon),3.576
2026-06-04,New York Harbor Ultra-Low Sulfur No 2 Diesel Spot Price (Dollars per Gallon),3.666
2026-06-04,U.S. Gulf Coast Ultra-Low Sulfur No 2 Diesel Spot Price (Dollars per Gallon),3.634
2026-06-03,"Los Angeles, CA Ultra-Low Sulfur CARB Diesel Spot Price (Dollars per Gallon)",4.269
2026-06-03,WTI Crude,99.76
2026-06-03,Brent Crude,101.69
2026-06-03,"Mont Belvieu, TX Propane Spot Price FOB (Dollars per Gallon)",0.87
2026-06-03,New York Harbor Conventional Gasoline Regular Spot Price FOB (Dollars per Gallon),3.234
2026-06-03,U.S. Gulf Coast Conventional Gasoline Regular Spot Price FOB (Dollars per Gallon),3.111
2026-06-03,Los Angeles Reformulated RBOB Regular Gasoline Spot Price (Dollars per Gallon),3.566
2026-06-03,U.S. Gulf Coast Kerosene-Type Jet Fuel Spot Price FOB (Dollars per Gallon),3.538
2026-06-03,New York Harbor No. 2 Heating Oil Spot Price FOB (Dollars per Gallon),3.746
2026-06-03,New York Harbor Ultra-Low Sulfur No 2 Diesel Spot Price (Dollars per Gallon),3.851
2026-06-03,U.S. Gulf Coast Ultra-Low Sulfur No 2 Diesel Spot Price (Dollars per Gallon),3.804
2026-06-02,"Los Angeles, CA Ultra-Low Sulfur CARB Diesel Spot Price (Dollars per Gallon)",4.115
2026-06-02,WTI Crude,97.47
2026-06-02,Brent Crude,98.49
2026-06-02,"Mont Belvieu, TX Propane Spot Price FOB (Dollars per Gallon)",0.848
2026-06-02,New York Harbor Conventional Gasoline Regular Spot Price FOB (Dollars per Gallon),3.243
2026-06-02,U.S. Gulf Coast Conventional Gasoline Regular Spot Price FOB (Dollars per Gallon),3.143
2026-06-02,Los Angeles Reformulated RBOB Regular Gasoline Spot Price (Dollars per Gallon),3.62
2026-06-02,U.S. Gulf Coast Kerosene-Type Jet Fuel Spot Price FOB (Dollars per Gallon),3.369
2026-06-02,New York Harbor No. 2 Heating Oil Spot Price FOB (Dollars per Gallon),3.583
2026-06-02,New York Harbor Ultra-Low Sulfur No 2 Diesel Spot Price (Dollars per Gallon),3.688
2026-06-02,U.S. Gulf Coast Ultra-Low Sulfur No 2 Diesel Spot Price (Dollars per Gallon),3.63
2026-06-01,"Los Angeles, CA Ultra-Low Sulfur CARB Diesel Spot Price (Dollars per Gallon)",4.079
2026-06-01,WTI Crude,95.96
2026-06-01,Brent Crude,98.29
2026-06-01,"Mont Belvieu, TX Propane Spot Price FOB (Dollars per Gallon)",0.843
2026-06-01,New York Harbor Conventional Gasoline Regular Spot Price FOB (Dollars per Gallon),3.187
2026-06-01,U.S. Gulf Coast Conventional Gasoline Regular Spot Price FOB (Dollars per Gallon),3.042
2026-06-01,Los Angeles Reformulated RBOB Regular Gasoline Spot Price (Dollars per Gallon),3.592
2026-06-01,U.S. Gulf Coast Kerosene-Type Jet Fuel Spot Price FOB (Dollars per Gallon),3.359
2026-06-01,New York Harbor No. 2 Heating Oil Spot Price FOB (Dollars per Gallon),3.551
2026-06-01,New York Harbor Ultra-Low Sulfur No 2 Diesel Spot Price (Dollars per Gallon),3.656
2026-06-01,U.S. Gulf Coast Ultra-Low Sulfur No 2 Diesel Spot Price (Dollars per Gallon),3.634
2026-05-29,"Los Angeles, CA Ultra-Low Sulfur CARB Diesel Spot Price (Dollars per Gallon)",3.958
2026-05-29,WTI Crude,91.16
2026-05-29,Brent Crude,92.88
2026-05-29,"Mont Belvieu, TX Propane Spot Price FOB (Dollars per Gallon)",0.805
2026-05-29,New York Harbor Conventional Gasoline Regular Spot Price FOB (Dollars per Gallon),3.194
2026-05-29,U.S. Gulf Coast Conventional Gasoline Regular Spot Price FOB (Dollars per Gallon),3.031
2026-05-29,Los Angeles Reformulated RBOB Regular Gasoline Spot Price (Dollars per Gallon),3.546
2026-05-29,U.S. Gulf Coast Kerosene-Type Jet Fuel Spot Price FOB (Dollars per Gallon),3.237
2026-05-29,New York Harbor No. 2 Heating Oil Spot Price FOB (Dollars per Gallon),3.435
2026-05-29,New York Harbor Ultra-Low Sulfur No 2 Diesel Spot Price (Dollars per Gallon),3.525
2026-05-29,U.S. Gulf Coast Ultra-Low Sulfur No 2 Diesel Spot Price (Dollars per Gallon),3.488
2026-05-28,"Los Angeles, CA Ultra-Low Sulfur CARB Diesel Spot Price (Dollars per Gallon)",4.075
2026-05-28,WTI Crude,92.65
2026-05-28,Brent Crude,95.47
2026-05-28,"Mont Belvieu, TX Propane Spot Price FOB (Dollars per Gallon)",0.806
2026-05-28,New York Harbor Conventional Gasoline Regular Spot Price FOB (Dollars per Gallon),3.323
2026-05-28,U.S. Gulf Coast Conventional Gasoline Regular Spot Price FOB (Dollars per Gallon),3.148
2026-05-28,Los Angeles Reformulated RBOB Regular Gasoline Spot Price (Dollars per Gallon),3.678
2026-05-28,U.S. Gulf Coast Kerosene-Type Jet Fuel Spot Price FOB (Dollars per Gallon),3.304
2026-05-28,New York Harbor No. 2 Heating Oil Spot Price FOB (Dollars per Gallon),3.523
2026-05-28,New York Harbor Ultra-Low Sulfur No 2 Diesel Spot Price (Dollars per Gallon),3.62
2026-05-28,U.S. Gulf Coast Ultra-Low Sulfur No 2 Diesel Spot Price (Dollars per Gallon),3.575
2026-05-27,"Los Angeles, CA Ultra-Low Sulfur CARB Diesel Spot Price (Dollars per Gallon)",4.078
2026-05-27,WTI Crude,92.35
2026-05-27,Brent Crude,97.11
2026-05-27,"Mont Belvieu, TX Propane Spot Price FOB (Dollars per Gallon)",0.786
2026-05-27,New York Harbor Conventional Gasoline Regular Spot Price FOB (Dollars per Gallon),3.195
2026-05-27,U.S. Gulf Coast Conventional Gasoline Regular Spot Price FOB (Dollars per Gallon),3.175
2026-05-27,Los Angeles Reformulated RBOB Regular Gasoline Spot Price (Dollars per Gallon),3.633
2026-05-27,U.S. Gulf Coast Kerosene-Type Jet Fuel Spot Price FOB (Dollars per Gallon),3.253
2026-05-27,New York Harbor No. 2 Heating Oil Spot Price FOB (Dollars per Gallon),3.511
2026-05-27,New York Harbor Ultra-Low Sulfur No 2 Diesel Spot Price (Dollars per Gallon),3.671
2026-05-27,U.S. Gulf Coast Ultra-Low Sulfur No 2 Diesel Spot Price (Dollars per Gallon),3.588
2026-05-26,"Los Angeles, CA Ultra-Low Sulfur CARB Diesel Spot Price (Dollars per Gallon)",4.254
2026-05-26,WTI Crude,97.63
2026-05-26,Brent Crude,102.75
2026-05-26,"Mont Belvieu, TX Propane Spot Price FOB (Dollars per Gallon)",0.793
2026-05-26,New York Harbor Conventional Gasoline Regular Spot Price FOB (Dollars per Gallon),3.257
2026-05-26,U.S. Gulf Coast Conventional Gasoline Regular Spot Price FOB (Dollars per Gallon),3.237
2026-05-26,Los Angeles Reformulated RBOB Regular Gasoline Spot Price (Dollars per Gallon),3.465
2026-05-26,U.S. Gulf Coast Kerosene-Type Jet Fuel Spot Price FOB (Dollars per Gallon),3.392
2026-05-26,New York Harbor No. 2 Heating Oil Spot Price FOB (Dollars per Gallon),3.617
2026-05-26,New York Harbor Ultra-Low Sulfur No 2 Diesel Spot Price (Dollars per Gallon),3.777
2026-05-26,U.S. Gulf Coast Ultra-Low Sulfur No 2 Diesel Spot Price (Dollars per Gallon),3.694
2026-05-22,"Los Angeles, CA Ultra-Low Sulfur CARB Diesel Spot Price (Dollars per Gallon)",4.224
2026-05-22,WTI Crude,100.35
2026-05-22,Brent Crude,106.9
2026-05-22,New York Harbor Conventional Gasoline Regular Spot Price FOB (Dollars per Gallon),3.48
2026-05-22,U.S. Gulf Coast Conventional Gasoline Regular Spot Price FOB (Dollars per Gallon),3.465
2026-05-22,Los Angeles Reformulated RBOB Regular Gasoline Spot Price (Dollars per Gallon),3.688
2026-05-22,U.S. Gulf Coast Kerosene-Type Jet Fuel Spot Price FOB (Dollars per Gallon),3.987
2026-05-22,New York Harbor No. 2 Heating Oil Spot Price FOB (Dollars per Gallon),3.777
2026-05-22,New York Harbor Ultra-Low Sulfur No 2 Diesel Spot Price (Dollars per Gallon),3.957
2026-05-22,U.S. Gulf Coast Ultra-Low Sulfur No 2 Diesel Spot Price (Dollars per Gallon),3.857
2026-05-21,"Los Angeles, CA Ultra-Low Sulfur CARB Diesel Spot Price (Dollars per Gallon)",4.232
2026-05-21,WTI Crude,100.2
2026-05-21,Brent Crude,105.84
2026-05-21,"Mont Belvieu, TX Propane Spot Price FOB (Dollars per Gallon)",0.855
2026-05-21,New York Harbor Conventional Gasoline Regular Spot Price FOB (Dollars per Gallon),3.519
2026-05-21,U.S. Gulf Coast Conventional Gasoline Regular Spot Price FOB (Dollars per Gallon),3.476
2026-05-21,Los Angeles Reformulated RBOB Regular Gasoline Spot Price (Dollars per Gallon),3.706
2026-05-21,U.S. Gulf Coast Kerosene-Type Jet Fuel Spot Price FOB (Dollars per Gallon),3.999
2026-05-21,New York Harbor No. 2 Heating Oil Spot Price FOB (Dollars per Gallon),3.784
2026-05-21,New York Harbor Ultra-Low Sulfur No 2 Diesel Spot Price (Dollars per Gallon),3.974
2026-05-21,U.S. Gulf Coast Ultra-Low Sulfur No 2 Diesel Spot Price (Dollars per Gallon),3.869
2026-05-20,"Los Angeles, CA Ultra-Low Sulfur CARB Diesel Spot Price (Dollars per Gallon)",4.186
2026-05-20,WTI Crude,101.69
2026-05-20,Brent Crude,108.93
2026-05-20,"Mont Belvieu, TX Propane Spot Price FOB (Dollars per Gallon)",0.779
2026-05-20,New York Harbor Conventional Gasoline Regular Spot Price FOB (Dollars per Gallon),3.563
2026-05-20,U.S. Gulf Coast Conventional Gasoline Regular Spot Price FOB (Dollars per Gallon),3.521
2026-05-20,Los Angeles Reformulated RBOB Regular Gasoline Spot Price (Dollars per Gallon),3.801
2026-05-20,U.S. Gulf Coast Kerosene-Type Jet Fuel Spot Price FOB (Dollars per Gallon),4.059
2026-05-20,New York Harbor No. 2 Heating Oil Spot Price FOB (Dollars per Gallon),3.839
2026-05-20,New York Harbor Ultra-Low Sulfur No 2 Diesel Spot Price (Dollars per Gallon),4.036
2026-05-20,U.S. Gulf Coast Ultra-Low Sulfur No 2 Diesel Spot Price (Dollars per Gallon),3.926
2026-05-19,"Los Angeles, CA Ultra-Low Sulfur CARB Diesel Spot Price (Dollars per Gallon)",4.415
2026-05-19,WTI Crude,112.09
2026-05-19,Brent Crude,114.64
2026-05-19,"Mont Belvieu, TX Propane Spot Price FOB (Dollars per Gallon)",0.838
2026-05-19,New York Harbor Conventional Gasoline Regular Spot Price FOB (Dollars per Gallon),3.786
2026-05-19,U.S. Gulf Coast Conventional Gasoline Regular Spot Price FOB (Dollars per Gallon),3.651
2026-05-19,Los Angeles Reformulated RBOB Regular Gasoline Spot Price (Dollars per Gallon),4.001
2026-05-19,U.S. Gulf Coast Kerosene-Type Jet Fuel Spot Price FOB (Dollars per Gallon),4.328
2026-05-19,New York Harbor No. 2 Heating Oil Spot Price FOB (Dollars per Gallon),4.068
2026-05-19,New York Harbor Ultra-Low Sulfur No 2 Diesel Spot Price (Dollars per Gallon),4.288
2026-05-19,U.S. Gulf Coast Ultra-Low Sulfur No 2 Diesel Spot Price (Dollars per Gallon),4.068
2026-05-18,"Los Angeles, CA Ultra-Low Sulfur CARB Diesel Spot Price (Dollars per Gallon)",4.278
2026-05-18,WTI Crude,112.25
2026-05-18,Brent Crude,116.73
2026-05-18,"Mont Belvieu, TX Propane Spot Price FOB (Dollars per Gallon)",0.843
2026-05-18,New York Harbor Conventional Gasoline Regular Spot Price FOB (Dollars per Gallon),3.769
2026-05-18,U.S. Gulf Coast Conventional Gasoline Regular Spot Price FOB (Dollars per Gallon),3.632
2026-05-18,Los Angeles Reformulated RBOB Regular Gasoline Spot Price (Dollars per Gallon),4.007
2026-05-18,U.S. Gulf Coast Kerosene-Type Jet Fuel Spot Price FOB (Dollars per Gallon),4.191
2026-05-18,New York Harbor No. 2 Heating Oil Spot Price FOB (Dollars per Gallon),3.931
2026-05-18,New York Harbor Ultra-Low Sulfur No 2 Diesel Spot Price (Dollars per Gallon),4.151
2026-05-18,U.S. Gulf Coast Ultra-Low Sulfur No 2 Diesel Spot Price (Dollars per Gallon),3.916
2026-05-15,"Los Angeles, CA Ultra-Low Sulfur CARB Diesel Spot Price (Dollars per Gallon)",4.245
2026-05-15,WTI Crude,108.99
2026-05-15,Brent Crude,113.96
2026-05-15,"Mont Belvieu, TX Propane Spot Price FOB (Dollars per Gallon)",0.85
2026-05-15,New York Harbor Conventional Gasoline Regular Spot Price FOB (Dollars per Gallon),3.794
2026-05-15,U.S. Gulf Coast Conventional Gasoline Regular Spot Price FOB (Dollars per Gallon),3.689
2026-05-15,Los Angeles Reformulated RBOB Regular Gasoline Spot Price (Dollars per Gallon),3.981
2026-05-15,U.S. Gulf Coast Kerosene-Type Jet Fuel Spot Price FOB (Dollars per Gallon),4.193
2026-05-15,New York Harbor No. 2 Heating Oil Spot Price FOB (Dollars per Gallon),3.943
2026-05-15,New York Harbor Ultra-Low Sulfur No 2 Diesel Spot Price (Dollars per Gallon),4.163
2026-05-15,U.S. Gulf Coast Ultra-Low Sulfur No 2 Diesel Spot Price (Dollars per Gallon),3.973
2026-05-14,"Los Angeles, CA Ultra-Low Sulfur CARB Diesel Spot Price (Dollars per Gallon)",4.127
2026-05-14,WTI Crude,104.66
2026-05-14,Brent Crude,110.91
2026-05-14,"Mont Belvieu, TX Propane Spot Price FOB (Dollars per Gallon)",0.824
2026-05-14,New York Harbor Conventional Gasoline Regular Spot Price FOB (Dollars per Gallon),3.678
2026-05-14,U.S. Gulf Coast Conventional Gasoline Regular Spot Price FOB (Dollars per Gallon),3.593
2026-05-14,Los Angeles Reformulated RBOB Regular Gasoline Spot Price (Dollars per Gallon),3.916
2026-05-14,U.S. Gulf Coast Kerosene-Type Jet Fuel Spot Price FOB (Dollars per Gallon),4.075
2026-05-14,New York Harbor No. 2 Heating Oil Spot Price FOB (Dollars per Gallon),3.825
2026-05-14,New York Harbor Ultra-Low Sulfur No 2 Diesel Spot Price (Dollars per Gallon),4.005
2026-05-14,U.S. Gulf Coast Ultra-Low Sulfur No 2 Diesel Spot Price (Dollars per Gallon),3.855
2026-05-13,"Los Angeles, CA Ultra-Low Sulfur CARB Diesel Spot Price (Dollars per Gallon)",4.16
2026-05-13,WTI Crude,104.52
2026-05-13,Brent Crude,110.28
2026-05-13,"Mont Belvieu, TX Propane Spot Price FOB (Dollars per Gallon)",0.836
2026-05-13,New York Harbor Conventional Gasoline Regular Spot Price FOB (Dollars per Gallon),3.683
2026-05-13,U.S. Gulf Coast Conventional Gasoline Regular Spot Price FOB (Dollars per Gallon),3.59
2026-05-13,Los Angeles Reformulated RBOB Regular Gasoline Spot Price (Dollars per Gallon),3.925
2026-05-13,U.S. Gulf Coast Kerosene-Type Jet Fuel Spot Price FOB (Dollars per Gallon),4.117
2026-05-13,New York Harbor No. 2 Heating Oil Spot Price FOB (Dollars per Gallon),3.857
2026-05-13,New York Harbor Ultra-Low Sulfur No 2 Diesel Spot Price (Dollars per Gallon),4.04
2026-05-13,U.S. Gulf Coast Ultra-Low Sulfur No 2 Diesel Spot Price (Dollars per Gallon),3.895
2026-05-12,"Los Angeles, CA Ultra-Low Sulfur CARB Diesel Spot Price (Dollars per Gallon)",4.388
2026-05-12,WTI Crude,105.78
2026-05-12,Brent Crude,111.37
2026-05-12,"Mont Belvieu, TX Propane Spot Price FOB (Dollars per Gallon)",0.864
2026-05-12,New York Harbor Conventional Gasoline Regular Spot Price FOB (Dollars per Gallon),3.747
2026-05-12,U.S. Gulf Coast Conventional Gasoline Regular Spot Price FOB (Dollars per Gallon),3.707
2026-05-12,Los Angeles Reformulated RBOB Regular Gasoline Spot Price (Dollars per Gallon),4.015
2026-05-12,U.S. Gulf Coast Kerosene-Type Jet Fuel Spot Price FOB (Dollars per Gallon),4.265
2026-05-12,New York Harbor No. 2 Heating Oil Spot Price FOB (Dollars per Gallon),4.045
2026-05-12,New York Harbor Ultra-Low Sulfur No 2 Diesel Spot Price (Dollars per Gallon),4.205
2026-05-12,U.S. Gulf Coast Ultra-Low Sulfur No 2 Diesel Spot Price (Dollars per Gallon),4.115
2026-05-11,"Los Angeles, CA Ultra-Low Sulfur CARB Diesel Spot Price (Dollars per Gallon)",4.289
2026-05-11,WTI Crude,101.56
2026-05-11,Brent Crude,106.11
2026-05-11,"Mont Belvieu, TX Propane Spot Price FOB (Dollars per Gallon)",0.843
2026-05-11,New York Harbor Conventional Gasoline Regular Spot Price FOB (Dollars per Gallon),3.645
2026-05-11,U.S. Gulf Coast Conventional Gasoline Regular Spot Price FOB (Dollars per Gallon),3.605
2026-05-11,Los Angeles Reformulated RBOB Regular Gasoline Spot Price (Dollars per Gallon),4.132
2026-05-11,U.S. Gulf Coast Kerosene-Type Jet Fuel Spot Price FOB (Dollars per Gallon),4.111
2026-05-11,New York Harbor No. 2 Heating Oil Spot Price FOB (Dollars per Gallon),3.891
2026-05-11,New York Harbor Ultra-Low Sulfur No 2 Diesel Spot Price (Dollars per Gallon),4.051
2026-05-11,U.S. Gulf Coast Ultra-Low Sulfur No 2 Diesel Spot Price (Dollars per Gallon),3.961
2026-05-08,"Los Angeles, CA Ultra-Low Sulfur CARB Diesel Spot Price (Dollars per Gallon)",4.185
2026-05-08,WTI Crude,98.87
2026-05-08,Brent Crude,103.48
2026-05-08,"Mont Belvieu, TX Propane Spot Price FOB (Dollars per Gallon)",0.825
2026-05-08,New York Harbor Conventional Gasoline Regular Spot Price FOB (Dollars per Gallon),3.548
2026-05-08,U.S. Gulf Coast Conventional Gasoline Regular Spot Price FOB (Dollars per Gallon),3.513
2026-05-08,Los Angeles Reformulated RBOB Regular Gasoline Spot Price (Dollars per Gallon),4.05
2026-05-08,U.S. Gulf Coast Kerosene-Type Jet Fuel Spot Price FOB (Dollars per Gallon),3.992
2026-05-08,New York Harbor No. 2 Heating Oil Spot Price FOB (Dollars per Gallon),3.787
2026-05-08,New York Harbor Ultra-Low Sulfur No 2 Diesel Spot Price (Dollars per Gallon),3.927
2026-05-08,U.S. Gulf Coast Ultra-Low Sulfur No 2 Diesel Spot Price (Dollars per Gallon),3.875
2026-05-07,"Los Angeles, CA Ultra-Low Sulfur CARB Diesel Spot Price (Dollars per Gallon)",4.163
2026-05-07,WTI Crude,98.38
2026-05-07,Brent Crude,101.82
2026-05-07,"Mont Belvieu, TX Propane Spot Price FOB (Dollars per Gallon)",0.796
2026-05-07,New York Harbor Conventional Gasoline Regular Spot Price FOB (Dollars per Gallon),3.536
2026-05-07,U.S. Gulf Coast Conventional Gasoline Regular Spot Price FOB (Dollars per Gallon),3.476
2026-05-07,Los Angeles Reformulated RBOB Regular Gasoline Spot Price (Dollars per Gallon),4.013
2026-05-07,U.S. Gulf Coast Kerosene-Type Jet Fuel Spot Price FOB (Dollars per Gallon),3.996
2026-05-07,New York Harbor No. 2 Heating Oil Spot Price FOB (Dollars per Gallon),3.766
2026-05-07,New York Harbor Ultra-Low Sulfur No 2 Diesel Spot Price (Dollars per Gallon),3.926
2026-05-07,U.S. Gulf Coast Ultra-Low Sulfur No 2 Diesel Spot Price (Dollars per Gallon),3.833
2026-05-06,"Los Angeles, CA Ultra-Low Sulfur CARB Diesel Spot Price (Dollars per Gallon)",3.92
2026-05-06,WTI Crude,98.75
2026-05-06,Brent Crude,103.7
2026-05-06,"Mont Belvieu, TX Propane Spot Price FOB (Dollars per Gallon)",0.795
2026-05-06,New York Harbor Conventional Gasoline Regular Spot Price FOB (Dollars per Gallon),3.511
2026-05-06,U.S. Gulf Coast Conventional Gasoline Regular Spot Price FOB (Dollars per Gallon),3.451
2026-05-06,Los Angeles Reformulated RBOB Regular Gasoline Spot Price (Dollars per Gallon),4.008
2026-05-06,U.S. Gulf Coast Kerosene-Type Jet Fuel Spot Price FOB (Dollars per Gallon),3.913
2026-05-06,New York Harbor No. 2 Heating Oil Spot Price FOB (Dollars per Gallon),3.683
2026-05-06,New York Harbor Ultra-Low Sulfur No 2 Diesel Spot Price (Dollars per Gallon),3.843
2026-05-06,U.S. Gulf Coast Ultra-Low Sulfur No 2 Diesel Spot Price (Dollars per Gallon),3.75
2026-05-05,"Los Angeles, CA Ultra-Low Sulfur CARB Diesel Spot Price (Dollars per Gallon)",4.199
2026-05-05,WTI Crude,105.66
2026-05-05,Brent Crude,114.51
2026-05-05,"Mont Belvieu, TX Propane Spot Price FOB (Dollars per Gallon)",0.829
2026-05-05,New York Harbor Conventional Gasoline Regular Spot Price FOB (Dollars per Gallon),3.67
2026-05-05,U.S. Gulf Coast Conventional Gasoline Regular Spot Price FOB (Dollars per Gallon),3.567
2026-05-05,Los Angeles Reformulated RBOB Regular Gasoline Spot Price (Dollars per Gallon),4.182
2026-05-05,U.S. Gulf Coast Kerosene-Type Jet Fuel Spot Price FOB (Dollars per Gallon),4.182
2026-05-05,New York Harbor No. 2 Heating Oil Spot Price FOB (Dollars per Gallon),3.962
2026-05-05,New York Harbor Ultra-Low Sulfur No 2 Diesel Spot Price (Dollars per Gallon),4.114
2026-05-05,U.S. Gulf Coast Ultra-Low Sulfur No 2 Diesel Spot Price (Dollars per Gallon),4.039
2026-05-04,"Los Angeles, CA Ultra-Low Sulfur CARB Diesel Spot Price (Dollars per Gallon)",4.181
2026-05-04,WTI Crude,109.76
2026-05-04,"Mont Belvieu, TX Propane Spot Price FOB (Dollars per Gallon)",0.915
2026-05-04,New York Harbor Conventional Gasoline Regular Spot Price FOB (Dollars per Gallon),3.748
2026-05-04,U.S. Gulf Coast Conventional Gasoline Regular Spot Price FOB (Dollars per Gallon),3.703
2026-05-04,Los Angeles Reformulated RBOB Regular Gasoline Spot Price (Dollars per Gallon),4.271
2026-05-04,U.S. Gulf Coast Kerosene-Type Jet Fuel Spot Price FOB (Dollars per Gallon),4.163
2026-05-04,New York Harbor No. 2 Heating Oil Spot Price FOB (Dollars per Gallon),3.943
2026-05-04,New York Harbor Ultra-Low Sulfur No 2 Diesel Spot Price (Dollars per Gallon),4.091
2026-05-04,U.S. Gulf Coast Ultra-Low Sulfur No 2 Diesel Spot Price (Dollars per Gallon),4.021
2026-05-01,"Los Angeles, CA Ultra-Low Sulfur CARB Diesel Spot Price (Dollars per Gallon)",4.109
2026-05-01,WTI Crude,105.38
2026-05-01,Brent Crude,118.26
2026-05-01,"Mont Belvieu, TX Propane Spot Price FOB (Dollars per Gallon)",0.884
2026-05-01,New York Harbor Conventional Gasoline Regular Spot Price FOB (Dollars per Gallon),3.63
2026-05-01,U.S. Gulf Coast Conventional Gasoline Regular Spot Price FOB (Dollars per Gallon),3.598
2026-05-01,Los Angeles Reformulated RBOB Regular Gasoline Spot Price (Dollars per Gallon),4.158
2026-05-01,U.S. Gulf Coast Kerosene-Type Jet Fuel Spot Price FOB (Dollars per Gallon),4.094
2026-05-01,New York Harbor No. 2 Heating Oil Spot Price FOB (Dollars per Gallon),3.871
2026-05-01,New York Harbor Ultra-Low Sulfur No 2 Diesel Spot Price (Dollars per Gallon),4.016
2026-05-01,U.S. Gulf Coast Ultra-Low Sulfur No 2 Diesel Spot Price (Dollars per Gallon),3.944
2026-04-30,"Los Angeles, CA Ultra-Low Sulfur CARB Diesel Spot Price (Dollars per Gallon)",4.339
2026-04-30,WTI Crude,108.64
2026-04-30,Brent Crude,124.24
2026-04-30,"Mont Belvieu, TX Propane Spot Price FOB (Dollars per Gallon)",0.831
2026-04-30,New York Harbor Conventional Gasoline Regular Spot Price FOB (Dollars per Gallon),3.843
2026-04-30,U.S. Gulf Coast Conventional Gasoline Regular Spot Price FOB (Dollars per Gallon),3.823
2026-04-30,Los Angeles Reformulated RBOB Regular Gasoline Spot Price (Dollars per Gallon),4.378
2026-04-30,U.S. Gulf Coast Kerosene-Type Jet Fuel Spot Price FOB (Dollars per Gallon),4.287
2026-04-30,New York Harbor No. 2 Heating Oil Spot Price FOB (Dollars per Gallon),4.057
2026-04-30,New York Harbor Ultra-Low Sulfur No 2 Diesel Spot Price (Dollars per Gallon),4.217
2026-04-30,U.S. Gulf Coast Ultra-Low Sulfur No 2 Diesel Spot Price (Dollars per Gallon),4.134
2026-04-29,"Los Angeles, CA Ultra-Low Sulfur CARB Diesel Spot Price (Dollars per Gallon)",4.456
2026-04-29,WTI Crude,110.47
2026-04-29,Brent Crude,124.16
2026-04-29,"Mont Belvieu, TX Propane Spot Price FOB (Dollars per Gallon)",0.845
2026-04-29,New York Harbor Conventional Gasoline Regular Spot Price FOB (Dollars per Gallon),3.788
2026-04-29,U.S. Gulf Coast Conventional Gasoline Regular Spot Price FOB (Dollars per Gallon),3.77
2026-04-29,Los Angeles Reformulated RBOB Regular Gasoline Spot Price (Dollars per Gallon),4.355
2026-04-29,U.S. Gulf Coast Kerosene-Type Jet Fuel Spot Price FOB (Dollars per Gallon),4.344
2026-04-29,New York Harbor No. 2 Heating Oil Spot Price FOB (Dollars per Gallon),4.114
2026-04-29,New York Harbor Ultra-Low Sulfur No 2 Diesel Spot Price (Dollars per Gallon),4.264
2026-04-29,U.S. Gulf Coast Ultra-Low Sulfur No 2 Diesel Spot Price (Dollars per Gallon),4.206
2026-04-28,"Los Angeles, CA Ultra-Low Sulfur CARB Diesel Spot Price (Dollars per Gallon)",4.265
2026-04-28,WTI Crude,103.45
2026-04-28,Brent Crude,117.62
2026-04-28,"Mont Belvieu, TX Propane Spot Price FOB (Dollars per Gallon)",0.818
2026-04-28,New York Harbor Conventional Gasoline Regular Spot Price FOB (Dollars per Gallon),3.586
2026-04-28,U.S. Gulf Coast Conventional Gasoline Regular Spot Price FOB (Dollars per Gallon),3.561
2026-04-28,Los Angeles Reformulated RBOB Regular Gasoline Spot Price (Dollars per Gallon),4.211
2026-04-28,U.S. Gulf Coast Kerosene-Type Jet Fuel Spot Price FOB (Dollars per Gallon),4.047
2026-04-28,New York Harbor No. 2 Heating Oil Spot Price FOB (Dollars per Gallon),3.867
2026-04-28,New York Harbor Ultra-Low Sulfur No 2 Diesel Spot Price (Dollars per Gallon),4.035
2026-04-28,U.S. Gulf Coast Ultra-Low Sulfur No 2 Diesel Spot Price (Dollars per Gallon),3.965
2026-04-27,"Los Angeles, CA Ultra-Low Sulfur CARB Diesel Spot Price (Dollars per Gallon)",4.344
2026-04-27,WTI Crude,99.89
2026-04-27,Brent Crude,113.89
2026-04-27,"Mont Belvieu, TX Propane Spot Price FOB (Dollars per Gallon)",0.819
2026-04-27,New York Harbor Conventional Gasoline Regular Spot Price FOB (Dollars per Gallon),3.521
2026-04-27,U.S. Gulf Coast Conventional Gasoline Regular Spot Price FOB (Dollars per Gallon),3.496
2026-04-27,Los Angeles Reformulated RBOB Regular Gasoline Spot Price (Dollars per Gallon),4.136
2026-04-27,U.S. Gulf Coast Kerosene-Type Jet Fuel Spot Price FOB (Dollars per Gallon),4.027
2026-04-27,New York Harbor No. 2 Heating Oil Spot Price FOB (Dollars per Gallon),3.847
2026-04-27,New York Harbor Ultra-Low Sulfur No 2 Diesel Spot Price (Dollars per Gallon),4.014
2026-04-27,U.S. Gulf Coast Ultra-Low Sulfur No 2 Diesel Spot Price (Dollars per Gallon),3.944
2026-04-24,"Los Angeles, CA Ultra-Low Sulfur CARB Diesel Spot Price (Dollars per Gallon)",4.269
2026-04-24,WTI Crude,98.42
2026-04-24,Brent Crude,111.86
2026-04-24,"Mont Belvieu, TX Propane Spot Price FOB (Dollars per Gallon)",0.82
2026-04-24,New York Harbor Conventional Gasoline Regular Spot Price FOB (Dollars per Gallon),3.534
2026-04-24,U.S. Gulf Coast Conventional Gasoline Regular Spot Price FOB (Dollars per Gallon),3.467
2026-04-24,Los Angeles Reformulated RBOB Regular Gasoline Spot Price (Dollars per Gallon),4.137
2026-04-24,U.S. Gulf Coast Kerosene-Type Jet Fuel Spot Price FOB (Dollars per Gallon),4.024
2026-04-24,New York Harbor No. 2 Heating Oil Spot Price FOB (Dollars per Gallon),3.871
2026-04-24,New York Harbor Ultra-Low Sulfur No 2 Diesel Spot Price (Dollars per Gallon),4.029
2026-04-24,U.S. Gulf Coast Ultra-Low Sulfur No 2 Diesel Spot Price (Dollars per Gallon),3.979
2026-04-23,"Los Angeles, CA Ultra-Low Sulfur CARB Diesel Spot Price (Dollars per Gallon)",4.32
2026-04-23,WTI Crude,99.27
2026-04-23,Brent Crude,113.25
2026-04-23,"Mont Belvieu, TX Propane Spot Price FOB (Dollars per Gallon)",0.83
2026-04-23,New York Harbor Conventional Gasoline Regular Spot Price FOB (Dollars per Gallon),3.523
2026-04-23,U.S. Gulf Coast Conventional Gasoline Regular Spot Price FOB (Dollars per Gallon),3.456
2026-04-23,Los Angeles Reformulated RBOB Regular Gasoline Spot Price (Dollars per Gallon),4.126
2026-04-23,U.S. Gulf Coast Kerosene-Type Jet Fuel Spot Price FOB (Dollars per Gallon),4.075
2026-04-23,New York Harbor No. 2 Heating Oil Spot Price FOB (Dollars per Gallon),3.922
2026-04-23,New York Harbor Ultra-Low Sulfur No 2 Diesel Spot Price (Dollars per Gallon),4.08
2026-04-23,U.S. Gulf Coast Ultra-Low Sulfur No 2 Diesel Spot Price (Dollars per Gallon),4.03
2026-04-22,"Los Angeles, CA Ultra-Low Sulfur CARB Diesel Spot Price (Dollars per Gallon)",4.217
2026-04-22,WTI Crude,94.76
2026-04-22,Brent Crude,113.44
2026-04-22,"Mont Belvieu, TX Propane Spot Price FOB (Dollars per Gallon)",0.785
2026-04-22,New York Harbor Conventional Gasoline Regular Spot Price FOB (Dollars per Gallon),3.382
2026-04-22,U.S. Gulf Coast Conventional Gasoline Regular Spot Price FOB (Dollars per Gallon),3.327
2026-04-22,Los Angeles Reformulated RBOB Regular Gasoline Spot Price (Dollars per Gallon),3.992
2026-04-22,U.S. Gulf Coast Kerosene-Type Jet Fuel Spot Price FOB (Dollars per Gallon),3.96
2026-04-22,New York Harbor No. 2 Heating Oil Spot Price FOB (Dollars per Gallon),3.82
2026-04-22,New York Harbor Ultra-Low Sulfur No 2 Diesel Spot Price (Dollars per Gallon),3.972
2026-04-22,U.S. Gulf Coast Ultra-Low Sulfur No 2 Diesel Spot Price (Dollars per Gallon),3.937
2026-04-21,"Los Angeles, CA Ultra-Low Sulfur CARB Diesel Spot Price (Dollars per Gallon)",3.889
2026-04-21,WTI Crude,93.64
2026-04-21,Brent Crude,106.14
2026-04-21,"Mont Belvieu, TX Propane Spot Price FOB (Dollars per Gallon)",0.77
2026-04-21,New York Harbor Conventional Gasoline Regular Spot Price FOB (Dollars per Gallon),3.244
2026-04-21,U.S. Gulf Coast Conventional Gasoline Regular Spot Price FOB (Dollars per Gallon),3.216
2026-04-21,Los Angeles Reformulated RBOB Regular Gasoline Spot Price (Dollars per Gallon),3.811
2026-04-21,U.S. Gulf Coast Kerosene-Type Jet Fuel Spot Price FOB (Dollars per Gallon),3.862
2026-04-21,New York Harbor No. 2 Heating Oil Spot Price FOB (Dollars per Gallon),3.697
2026-04-21,New York Harbor Ultra-Low Sulfur No 2 Diesel Spot Price (Dollars per Gallon),3.847
2026-04-21,U.S. Gulf Coast Ultra-Low Sulfur No 2 Diesel Spot Price (Dollars per Gallon),3.787
2026-04-20,"Los Angeles, CA Ultra-Low Sulfur CARB Diesel Spot Price (Dollars per Gallon)",3.651
2026-04-20,WTI Crude,91.06
2026-04-20,Brent Crude,103.4
2026-04-20,"Mont Belvieu, TX Propane Spot Price FOB (Dollars per Gallon)",0.76
2026-04-20,New York Harbor Conventional Gasoline Regular Spot Price FOB (Dollars per Gallon),3.133
2026-04-20,U.S. Gulf Coast Conventional Gasoline Regular Spot Price FOB (Dollars per Gallon),3.113
2026-04-20,Los Angeles Reformulated RBOB Regular Gasoline Spot Price (Dollars per Gallon),3.65
2026-04-20,U.S. Gulf Coast Kerosene-Type Jet Fuel Spot Price FOB (Dollars per Gallon),3.608
2026-04-20,New York Harbor No. 2 Heating Oil Spot Price FOB (Dollars per Gallon),3.458
2026-04-20,New York Harbor Ultra-Low Sulfur No 2 Diesel Spot Price (Dollars per Gallon),3.598
2026-04-20,U.S. Gulf Coast Ultra-Low Sulfur No 2 Diesel Spot Price (Dollars per Gallon),3.461
2026-04-17,"Los Angeles, CA Ultra-Low Sulfur CARB Diesel Spot Price (Dollars per Gallon)",3.536
2026-04-17,WTI Crude,85.91
2026-04-17,Brent Crude,98.63
2026-04-17,"Mont Belvieu, TX Propane Spot Price FOB (Dollars per Gallon)",0.745
2026-04-17,New York Harbor Conventional Gasoline Regular Spot Price FOB (Dollars per Gallon),3.034
2026-04-17,U.S. Gulf Coast Conventional Gasoline Regular Spot Price FOB (Dollars per Gallon),3.014
2026-04-17,Los Angeles Reformulated RBOB Regular Gasoline Spot Price (Dollars per Gallon),3.514
2026-04-17,U.S. Gulf Coast Kerosene-Type Jet Fuel Spot Price FOB (Dollars per Gallon),3.493
2026-04-17,New York Harbor No. 2 Heating Oil Spot Price FOB (Dollars per Gallon),3.343
2026-04-17,New York Harbor Ultra-Low Sulfur No 2 Diesel Spot Price (Dollars per Gallon),3.483
2026-04-17,U.S. Gulf Coast Ultra-Low Sulfur No 2 Diesel Spot Price (Dollars per Gallon),3.346
2026-04-16,"Los Angeles, CA Ultra-Low Sulfur CARB Diesel Spot Price (Dollars per Gallon)",4.211
2026-04-16,WTI Crude,96.46
2026-04-16,Brent Crude,116.63
2026-04-16,"Mont Belvieu, TX Propane Spot Price FOB (Dollars per Gallon)",0.779
2026-04-16,New York Harbor Conventional Gasoline Regular Spot Price FOB (Dollars per Gallon),3.185
2026-04-16,U.S. Gulf Coast Conventional Gasoline Regular Spot Price FOB (Dollars per Gallon),3.122
2026-04-16,Los Angeles Reformulated RBOB Regular Gasoline Spot Price (Dollars per Gallon),3.592
2026-04-16,U.S. Gulf Coast Kerosene-Type Jet Fuel Spot Price FOB (Dollars per Gallon),3.864
2026-04-16,New York Harbor No. 2 Heating Oil Spot Price FOB (Dollars per Gallon),3.719
2026-04-16,New York Harbor Ultra-Low Sulfur No 2 Diesel Spot Price (Dollars per Gallon),3.854
2026-04-16,U.S. Gulf Coast Ultra-Low Sulfur No 2 Diesel Spot Price (Dollars per Gallon),3.701
2026-04-15,"Los Angeles, CA Ultra-Low Sulfur CARB Diesel Spot Price (Dollars per Gallon)",4.152
2026-04-15,WTI Crude,93.04
2026-04-15,Brent Crude,114.93
2026-04-15,"Mont Belvieu, TX Propane Spot Price FOB (Dollars per Gallon)",0.756
2026-04-15,New York Harbor Conventional Gasoline Regular Spot Price FOB (Dollars per Gallon),3.083
2026-04-15,U.S. Gulf Coast Conventional Gasoline Regular Spot Price FOB (Dollars per Gallon),2.968
2026-04-15,Los Angeles Reformulated RBOB Regular Gasoline Spot Price (Dollars per Gallon),3.498
2026-04-15,U.S. Gulf Coast Kerosene-Type Jet Fuel Spot Price FOB (Dollars per Gallon),3.78
2026-04-15,New York Harbor No. 2 Heating Oil Spot Price FOB (Dollars per Gallon),3.66
2026-04-15,New York Harbor Ultra-Low Sulfur No 2 Diesel Spot Price (Dollars per Gallon),3.79
2026-04-15,U.S. Gulf Coast Ultra-Low Sulfur No 2 Diesel Spot Price (Dollars per Gallon),3.692
2026-04-14,"Los Angeles, CA Ultra-Low Sulfur CARB Diesel Spot Price (Dollars per Gallon)",4.089
2026-04-14,WTI Crude,93.07
2026-04-14,Brent Crude,118.69
2026-04-14,"Mont Belvieu, TX Propane Spot Price FOB (Dollars per Gallon)",0.754
2026-04-14,New York Harbor Conventional Gasoline Regular Spot Price FOB (Dollars per Gallon),3.045
2026-04-14,U.S. Gulf Coast Conventional Gasoline Regular Spot Price FOB (Dollars per Gallon),2.915
2026-04-14,Los Angeles Reformulated RBOB Regular Gasoline Spot Price (Dollars per Gallon),3.525
2026-04-14,U.S. Gulf Coast Kerosene-Type Jet Fuel Spot Price FOB (Dollars per Gallon),3.659
2026-04-14,New York Harbor No. 2 Heating Oil Spot Price FOB (Dollars per Gallon),3.546
2026-04-14,New York Harbor Ultra-Low Sulfur No 2 Diesel Spot Price (Dollars per Gallon),3.696
2026-04-14,U.S. Gulf Coast Ultra-Low Sulfur No 2 Diesel Spot Price (Dollars per Gallon),3.579
2026-04-13,"Los Angeles, CA Ultra-Low Sulfur CARB Diesel Spot Price (Dollars per Gallon)",4.295
2026-04-13,WTI Crude,100.72
2026-04-13,Brent Crude,123.28
2026-04-13,"Mont Belvieu, TX Propane Spot Price FOB (Dollars per Gallon)",0.77
2026-04-13,New York Harbor Conventional Gasoline Regular Spot Price FOB (Dollars per Gallon),3.08
2026-04-13,U.S. Gulf Coast Conventional Gasoline Regular Spot Price FOB (Dollars per Gallon),3.053
2026-04-13,Los Angeles Reformulated RBOB Regular Gasoline Spot Price (Dollars per Gallon),3.538
2026-04-13,U.S. Gulf Coast Kerosene-Type Jet Fuel Spot Price FOB (Dollars per Gallon),3.748
2026-04-13,New York Harbor No. 2 Heating Oil Spot Price FOB (Dollars per Gallon),3.703
2026-04-13,New York Harbor Ultra-Low Sulfur No 2 Diesel Spot Price (Dollars per Gallon),3.838
2026-04-13,U.S. Gulf Coast Ultra-Low Sulfur No 2 Diesel Spot Price (Dollars per Gallon),3.733
2026-04-10,"Los Angeles, CA Ultra-Low Sulfur CARB Diesel Spot Price (Dollars per Gallon)",4.253
2026-04-10,WTI Crude,98.34
2026-04-10,Brent Crude,119.07
2026-04-10,"Mont Belvieu, TX Propane Spot Price FOB (Dollars per Gallon)",0.695
2026-04-10,New York Harbor Conventional Gasoline Regular Spot Price FOB (Dollars per Gallon),3.003
2026-04-10,U.S. Gulf Coast Conventional Gasoline Regular Spot Price FOB (Dollars per Gallon),2.975
2026-04-10,Los Angeles Reformulated RBOB Regular Gasoline Spot Price (Dollars per Gallon),3.41
2026-04-10,U.S. Gulf Coast Kerosene-Type Jet Fuel Spot Price FOB (Dollars per Gallon),3.685
2026-04-10,New York Harbor No. 2 Heating Oil Spot Price FOB (Dollars per Gallon),3.64
2026-04-10,New York Harbor Ultra-Low Sulfur No 2 Diesel Spot Price (Dollars per Gallon),3.775
2026-04-10,U.S. Gulf Coast Ultra-Low Sulfur No 2 Diesel Spot Price (Dollars per Gallon),3.67
2026-04-09,"Los Angeles, CA Ultra-Low Sulfur CARB Diesel Spot Price (Dollars per Gallon)",4.576
2026-04-09,WTI Crude,99.62
2026-04-09,Brent Crude,119.03
2026-04-09,"Mont Belvieu, TX Propane Spot Price FOB (Dollars per Gallon)",0.695
2026-04-09,New York Harbor Conventional Gasoline Regular Spot Price FOB (Dollars per Gallon),3.02
2026-04-09,U.S. Gulf Coast Conventional Gasoline Regular Spot Price FOB (Dollars per Gallon),2.923
2026-04-09,Los Angeles Reformulated RBOB Regular Gasoline Spot Price (Dollars per Gallon),3.438
2026-04-09,U.S. Gulf Coast Kerosene-Type Jet Fuel Spot Price FOB (Dollars per Gallon),3.878
2026-04-09,New York Harbor No. 2 Heating Oil Spot Price FOB (Dollars per Gallon),3.833
2026-04-09,New York Harbor Ultra-Low Sulfur No 2 Diesel Spot Price (Dollars per Gallon),3.981
2026-04-09,U.S. Gulf Coast Ultra-Low Sulfur No 2 Diesel Spot Price (Dollars per Gallon),3.888
2026-04-08,"Los Angeles, CA Ultra-Low Sulfur CARB Diesel Spot Price (Dollars per Gallon)",4.638
2026-04-08,WTI Crude,96.17
2026-04-08,Brent Crude,122.11
2026-04-08,"Mont Belvieu, TX Propane Spot Price FOB (Dollars per Gallon)",0.695
2026-04-08,New York Harbor Conventional Gasoline Regular Spot Price FOB (Dollars per Gallon),3.022
2026-04-08,U.S. Gulf Coast Conventional Gasoline Regular Spot Price FOB (Dollars per Gallon),2.924
2026-04-08,Los Angeles Reformulated RBOB Regular Gasoline Spot Price (Dollars per Gallon),3.414
2026-04-08,U.S. Gulf Coast Kerosene-Type Jet Fuel Spot Price FOB (Dollars per Gallon),3.825
2026-04-08,New York Harbor No. 2 Heating Oil Spot Price FOB (Dollars per Gallon),3.78
2026-04-08,New York Harbor Ultra-Low Sulfur No 2 Diesel Spot Price (Dollars per Gallon),3.928
2026-04-08,U.S. Gulf Coast Ultra-Low Sulfur No 2 Diesel Spot Price (Dollars per Gallon),3.835
2026-04-07,"Los Angeles, CA Ultra-Low Sulfur CARB Diesel Spot Price (Dollars per Gallon)",5.068
2026-04-07,WTI Crude,114.58
2026-04-07,Brent Crude,138.21
2026-04-07,"Mont Belvieu, TX Propane Spot Price FOB (Dollars per Gallon)",0.736
2026-04-07,New York Harbor Conventional Gasoline Regular Spot Price FOB (Dollars per Gallon),3.239
2026-04-07,U.S. Gulf Coast Conventional Gasoline Regular Spot Price FOB (Dollars per Gallon),3.232
2026-04-07,Los Angeles Reformulated RBOB Regular Gasoline Spot Price (Dollars per Gallon),3.632
2026-04-07,U.S. Gulf Coast Kerosene-Type Jet Fuel Spot Price FOB (Dollars per Gallon),4.1
2026-04-07,New York Harbor No. 2 Heating Oil Spot Price FOB (Dollars per Gallon),4.21
2026-04-07,New York Harbor Ultra-Low Sulfur No 2 Diesel Spot Price (Dollars per Gallon),4.358
2026-04-07,U.S. Gulf Coast Ultra-Low Sulfur No 2 Diesel Spot Price (Dollars per Gallon),4.38
2026-04-06,"Los Angeles, CA Ultra-Low Sulfur CARB Diesel Spot Price (Dollars per Gallon)",5.104
2026-04-06,WTI Crude,114.01
2026-04-06,"Mont Belvieu, TX Propane Spot Price FOB (Dollars per Gallon)",0.728
2026-04-06,New York Harbor Conventional Gasoline Regular Spot Price FOB (Dollars per Gallon),3.305
2026-04-06,U.S. Gulf Coast Conventional Gasoline Regular Spot Price FOB (Dollars per Gallon),3.298
2026-04-06,Los Angeles Reformulated RBOB Regular Gasoline Spot Price (Dollars per Gallon),3.698
2026-04-06,U.S. Gulf Coast Kerosene-Type Jet Fuel Spot Price FOB (Dollars per Gallon),4.136
2026-04-06,New York Harbor No. 2 Heating Oil Spot Price FOB (Dollars per Gallon),4.246
2026-04-06,New York Harbor Ultra-Low Sulfur No 2 Diesel Spot Price (Dollars per Gallon),4.394
2026-04-06,U.S. Gulf Coast Ultra-Low Sulfur No 2 Diesel Spot Price (Dollars per Gallon),4.416
2026-04-02,"Los Angeles, CA Ultra-Low Sulfur CARB Diesel Spot Price (Dollars per Gallon)",5.219
2026-04-02,WTI Crude,113.23
2026-04-02,Brent Crude,127.61
2026-04-02,"Mont Belvieu, TX Propane Spot Price FOB (Dollars per Gallon)",0.734
2026-04-02,New York Harbor Conventional Gasoline Regular Spot Price FOB (Dollars per Gallon),3.283
2026-04-02,U.S. Gulf Coast Conventional Gasoline Regular Spot Price FOB (Dollars per Gallon),3.295
2026-04-02,Los Angeles Reformulated RBOB Regular Gasoline Spot Price (Dollars per Gallon),3.675
2026-04-02,U.S. Gulf Coast Kerosene-Type Jet Fuel Spot Price FOB (Dollars per Gallon),4.252
2026-04-02,New York Harbor No. 2 Heating Oil Spot Price FOB (Dollars per Gallon),4.362
2026-04-02,New York Harbor Ultra-Low Sulfur No 2 Diesel Spot Price (Dollars per Gallon),4.509
2026-04-02,U.S. Gulf Coast Ultra-Low Sulfur No 2 Diesel Spot Price (Dollars per Gallon),4.507
2026-04-01,"Los Angeles, CA Ultra-Low Sulfur CARB Diesel Spot Price (Dollars per Gallon)",4.806
2026-04-01,WTI Crude,101.9
2026-04-01,Brent Crude,119.56
2026-04-01,"Mont Belvieu, TX Propane Spot Price FOB (Dollars per Gallon)",0.715
2026-04-01,New York Harbor Conventional Gasoline Regular Spot Price FOB (Dollars per Gallon),3.083
2026-04-01,U.S. Gulf Coast Conventional Gasoline Regular Spot Price FOB (Dollars per Gallon),3.101
2026-04-01,Los Angeles Reformulated RBOB Regular Gasoline Spot Price (Dollars per Gallon),3.476
2026-04-01,U.S. Gulf Coast Kerosene-Type Jet Fuel Spot Price FOB (Dollars per Gallon),3.839
2026-04-01,New York Harbor No. 2 Heating Oil Spot Price FOB (Dollars per Gallon),3.949
2026-04-01,New York Harbor Ultra-Low Sulfur No 2 Diesel Spot Price (Dollars per Gallon),4.096
2026-04-01,U.S. Gulf Coast Ultra-Low Sulfur No 2 Diesel Spot Price (Dollars per Gallon),4.026
2026-03-31,"Los Angeles, CA Ultra-Low Sulfur CARB Diesel Spot Price (Dollars per Gallon)",4.933
2026-03-31,WTI Crude,102.86
2026-03-31,Brent Crude,126.69
2026-03-31,"Mont Belvieu, TX Propane Spot Price FOB (Dollars per Gallon)",0.765
2026-03-31,New York Harbor Conventional Gasoline Regular Spot Price FOB (Dollars per Gallon),3.318
2026-03-31,U.S. Gulf Coast Conventional Gasoline Regular Spot Price FOB (Dollars per Gallon),3.315
2026-03-31,Los Angeles Reformulated RBOB Regular Gasoline Spot Price (Dollars per Gallon),3.74
2026-03-31,U.S. Gulf Coast Kerosene-Type Jet Fuel Spot Price FOB (Dollars per Gallon),3.965
2026-03-31,New York Harbor No. 2 Heating Oil Spot Price FOB (Dollars per Gallon),4.075
2026-03-31,New York Harbor Ultra-Low Sulfur No 2 Diesel Spot Price (Dollars per Gallon),4.223
2026-03-31,U.S. Gulf Coast Ultra-Low Sulfur No 2 Diesel Spot Price (Dollars per Gallon),4.26
2026-03-30,"Los Angeles, CA Ultra-Low Sulfur CARB Diesel Spot Price (Dollars per Gallon)",5.204
2026-03-30,WTI Crude,104.69
2026-03-30,Brent Crude,121.88
2026-03-30,"Mont Belvieu, TX Propane Spot Price FOB (Dollars per Gallon)",0.835
2026-03-30,New York Harbor Conventional Gasoline Regular Spot Price FOB (Dollars per Gallon),3.404
2026-03-30,U.S. Gulf Coast Conventional Gasoline Regular Spot Price FOB (Dollars per Gallon),3.401
2026-03-30,Los Angeles Reformulated RBOB Regular Gasoline Spot Price (Dollars per Gallon),3.876
2026-03-30,U.S. Gulf Coast Kerosene-Type Jet Fuel Spot Price FOB (Dollars per Gallon),4.237
2026-03-30,New York Harbor No. 2 Heating Oil Spot Price FOB (Dollars per Gallon),4.347
2026-03-30,New York Harbor Ultra-Low Sulfur No 2 Diesel Spot Price (Dollars per Gallon),4.494
2026-03-30,U.S. Gulf Coast Ultra-Low Sulfur No 2 Diesel Spot Price (Dollars per Gallon),4.532
2026-03-27,"Los Angeles, CA Ultra-Low Sulfur CARB Diesel Spot Price (Dollars per Gallon)",5.315
2026-03-27,WTI Crude,101.26
2026-03-27,Brent Crude,121.47
2026-03-27,"Mont Belvieu, TX Propane Spot Price FOB (Dollars per Gallon)",0.724
2026-03-27,New York Harbor Conventional Gasoline Regular Spot Price FOB (Dollars per Gallon),3.276
2026-03-27,U.S. Gulf Coast Conventional Gasoline Regular Spot Price FOB (Dollars per Gallon),3.263
2026-03-27,Los Angeles Reformulated RBOB Regular Gasoline Spot Price (Dollars per Gallon),3.748
2026-03-27,U.S. Gulf Coast Kerosene-Type Jet Fuel Spot Price FOB (Dollars per Gallon),4.348
2026-03-27,New York Harbor No. 2 Heating Oil Spot Price FOB (Dollars per Gallon),4.458
2026-03-27,New York Harbor Ultra-Low Sulfur No 2 Diesel Spot Price (Dollars per Gallon),4.605
2026-03-27,U.S. Gulf Coast Ultra-Low Sulfur No 2 Diesel Spot Price (Dollars per Gallon),4.59
2026-03-26,"Los Angeles, CA Ultra-Low Sulfur CARB Diesel Spot Price (Dollars per Gallon)",4.845
2026-03-26,WTI Crude,96.18
2026-03-26,Brent Crude,113.39
2026-03-26,"Mont Belvieu, TX Propane Spot Price FOB (Dollars per Gallon)",0.724
2026-03-26,New York Harbor Conventional Gasoline Regular Spot Price FOB (Dollars per Gallon),3.104
2026-03-26,U.S. Gulf Coast Conventional Gasoline Regular Spot Price FOB (Dollars per Gallon),3.057
2026-03-26,Los Angeles Reformulated RBOB Regular Gasoline Spot Price (Dollars per Gallon),3.572
2026-03-26,U.S. Gulf Coast Kerosene-Type Jet Fuel Spot Price FOB (Dollars per Gallon),4.032
2026-03-26,New York Harbor No. 2 Heating Oil Spot Price FOB (Dollars per Gallon),4.142
2026-03-26,New York Harbor Ultra-Low Sulfur No 2 Diesel Spot Price (Dollars per Gallon),4.29
2026-03-26,U.S. Gulf Coast Ultra-Low Sulfur No 2 Diesel Spot Price (Dollars per Gallon),4.22
2026-03-25,"Los Angeles, CA Ultra-Low Sulfur CARB Diesel Spot Price (Dollars per Gallon)",4.776
2026-03-25,WTI Crude,91.51
2026-03-25,Brent Crude,109.14
2026-03-25,"Mont Belvieu, TX Propane Spot Price FOB (Dollars per Gallon)",0.724
2026-03-25,New York Harbor Conventional Gasoline Regular Spot Price FOB (Dollars per Gallon),3.027
2026-03-25,U.S. Gulf Coast Conventional Gasoline Regular Spot Price FOB (Dollars per Gallon),2.965
2026-03-25,Los Angeles Reformulated RBOB Regular Gasoline Spot Price (Dollars per Gallon),3.47
2026-03-25,U.S. Gulf Coast Kerosene-Type Jet Fuel Spot Price FOB (Dollars per Gallon),3.819
2026-03-25,New York Harbor No. 2 Heating Oil Spot Price FOB (Dollars per Gallon),3.929
2026-03-25,New York Harbor Ultra-Low Sulfur No 2 Diesel Spot Price (Dollars per Gallon),4.076
2026-03-25,U.S. Gulf Coast Ultra-Low Sulfur No 2 Diesel Spot Price (Dollars per Gallon),4.001
2026-03-24,"Los Angeles, CA Ultra-Low Sulfur CARB Diesel Spot Price (Dollars per Gallon)",4.515
2026-03-24,WTI Crude,93.18
2026-03-24,Brent Crude,108.42
2026-03-24,"Mont Belvieu, TX Propane Spot Price FOB (Dollars per Gallon)",0.724
2026-03-24,New York Harbor Conventional Gasoline Regular Spot Price FOB (Dollars per Gallon),3.057
2026-03-24,U.S. Gulf Coast Conventional Gasoline Regular Spot Price FOB (Dollars per Gallon),2.995
2026-03-24,Los Angeles Reformulated RBOB Regular Gasoline Spot Price (Dollars per Gallon),3.515
2026-03-24,U.S. Gulf Coast Kerosene-Type Jet Fuel Spot Price FOB (Dollars per Gallon),3.917
2026-03-24,New York Harbor No. 2 Heating Oil Spot Price FOB (Dollars per Gallon),4.027
2026-03-24,New York Harbor Ultra-Low Sulfur No 2 Diesel Spot Price (Dollars per Gallon),4.175
2026-03-24,U.S. Gulf Coast Ultra-Low Sulfur No 2 Diesel Spot Price (Dollars per Gallon),4.12
2026-03-23,"Los Angeles, CA Ultra-Low Sulfur CARB Diesel Spot Price (Dollars per Gallon)",3.952
2026-03-23,WTI Crude,89.33
2026-03-23,Brent Crude,103.79
2026-03-23,"Mont Belvieu, TX Propane Spot Price FOB (Dollars per Gallon)",0.724
2026-03-23,New York Harbor Conventional Gasoline Regular Spot Price FOB (Dollars per Gallon),2.998
2026-03-23,U.S. Gulf Coast Conventional Gasoline Regular Spot Price FOB (Dollars per Gallon),2.936
2026-03-23,Los Angeles Reformulated RBOB Regular Gasoline Spot Price (Dollars per Gallon),3.341
2026-03-23,U.S. Gulf Coast Kerosene-Type Jet Fuel Spot Price FOB (Dollars per Gallon),3.929
2026-03-23,New York Harbor No. 2 Heating Oil Spot Price FOB (Dollars per Gallon),4.039
2026-03-23,New York Harbor Ultra-Low Sulfur No 2 Diesel Spot Price (Dollars per Gallon),4.187
2026-03-23,U.S. Gulf Coast Ultra-Low Sulfur No 2 Diesel Spot Price (Dollars per Gallon),4.132
2026-03-20,"Los Angeles, CA Ultra-Low Sulfur CARB Diesel Spot Price (Dollars per Gallon)",4.477
2026-03-20,WTI Crude,98.71
2026-03-20,Brent Crude,118.42
2026-03-20,"Mont Belvieu, TX Propane Spot Price FOB (Dollars per Gallon)",0.724
2026-03-20,New York Harbor Conventional Gasoline Regular Spot Price FOB (Dollars per Gallon),3.303
2026-03-20,U.S. Gulf Coast Conventional Gasoline Regular Spot Price FOB (Dollars per Gallon),3.258
2026-03-20,Los Angeles Reformulated RBOB Regular Gasoline Spot Price (Dollars per Gallon),3.676
2026-03-20,U.S. Gulf Coast Kerosene-Type Jet Fuel Spot Price FOB (Dollars per Gallon),4.454
2026-03-20,New York Harbor No. 2 Heating Oil Spot Price FOB (Dollars per Gallon),4.564
2026-03-20,New York Harbor Ultra-Low Sulfur No 2 Diesel Spot Price (Dollars per Gallon),4.712
2026-03-20,U.S. Gulf Coast Ultra-Low Sulfur No 2 Diesel Spot Price (Dollars per Gallon),4.462
2026-03-19,"Los Angeles, CA Ultra-Low Sulfur CARB Diesel Spot Price (Dollars per Gallon)",4.142
2026-03-19,WTI Crude,96.11
2026-03-19,Brent Crude,111.05
2026-03-19,"Mont Belvieu, TX Propane Spot Price FOB (Dollars per Gallon)",0.724
2026-03-19,New York Harbor Conventional Gasoline Regular Spot Price FOB (Dollars per Gallon),3.11
2026-03-19,U.S. Gulf Coast Conventional Gasoline Regular Spot Price FOB (Dollars per Gallon),3.065
2026-03-19,Los Angeles Reformulated RBOB Regular Gasoline Spot Price (Dollars per Gallon),3.482
2026-03-19,U.S. Gulf Coast Kerosene-Type Jet Fuel Spot Price FOB (Dollars per Gallon),4.12
2026-03-19,New York Harbor No. 2 Heating Oil Spot Price FOB (Dollars per Gallon),4.23
2026-03-19,New York Harbor Ultra-Low Sulfur No 2 Diesel Spot Price (Dollars per Gallon),4.377
2026-03-19,U.S. Gulf Coast Ultra-Low Sulfur No 2 Diesel Spot Price (Dollars per Gallon),4.175
2026-03-18,"Los Angeles, CA Ultra-Low Sulfur CARB Diesel Spot Price (Dollars per Gallon)",4.193
2026-03-18,WTI Crude,96.12
2026-03-18,Brent Crude,118.09
2026-03-18,"Mont Belvieu, TX Propane Spot Price FOB (Dollars per Gallon)",0.724
2026-03-18,New York Harbor Conventional Gasoline Regular Spot Price FOB (Dollars per Gallon),3.198
2026-03-18,U.S. Gulf Coast Conventional Gasoline Regular Spot Price FOB (Dollars per Gallon),3.153
2026-03-18,Los Angeles Reformulated RBOB Regular Gasoline Spot Price (Dollars per Gallon),3.581
2026-03-18,U.S. Gulf Coast Kerosene-Type Jet Fuel Spot Price FOB (Dollars per Gallon),4.171
2026-03-18,New York Harbor No. 2 Heating Oil Spot Price FOB (Dollars per Gallon),4.281
2026-03-18,New York Harbor Ultra-Low Sulfur No 2 Diesel Spot Price (Dollars per Gallon),4.428
2026-03-18,U.S. Gulf Coast Ultra-Low Sulfur No 2 Diesel Spot Price (Dollars per Gallon),4.226
2026-03-17,"Los Angeles, CA Ultra-Low Sulfur CARB Diesel Spot Price (Dollars per Gallon)",3.828
2026-03-17,WTI Crude,96.01
2026-03-17,Brent Crude,108.39
2026-03-17,"Mont Belvieu, TX Propane Spot Price FOB (Dollars per Gallon)",0.724
2026-03-17,New York Harbor Conventional Gasoline Regular Spot Price FOB (Dollars per Gallon),3.138
2026-03-17,U.S. Gulf Coast Conventional Gasoline Regular Spot Price FOB (Dollars per Gallon),3.158
2026-03-17,Los Angeles Reformulated RBOB Regular Gasoline Spot Price (Dollars per Gallon),3.501
2026-03-17,U.S. Gulf Coast Kerosene-Type Jet Fuel Spot Price FOB (Dollars per Gallon),3.806
2026-03-17,New York Harbor No. 2 Heating Oil Spot Price FOB (Dollars per Gallon),3.916
2026-03-17,New York Harbor Ultra-Low Sulfur No 2 Diesel Spot Price (Dollars per Gallon),4.063
2026-03-17,U.S. Gulf Coast Ultra-Low Sulfur No 2 Diesel Spot Price (Dollars per Gallon),3.876
2026-03-16,"Los Angeles, CA Ultra-Low Sulfur CARB Diesel Spot Price (Dollars per Gallon)",3.642
2026-03-16,WTI Crude,93.39
2026-03-16,Brent Crude,101.04
2026-03-16,"Mont Belvieu, TX Propane Spot Price FOB (Dollars per Gallon)",0.724
2026-03-16,New York Harbor Conventional Gasoline Regular Spot Price FOB (Dollars per Gallon),3.012
2026-03-16,U.S. Gulf Coast Conventional Gasoline Regular Spot Price FOB (Dollars per Gallon),3.032
2026-03-16,Los Angeles Reformulated RBOB Regular Gasoline Spot Price (Dollars per Gallon),3.36
2026-03-16,U.S. Gulf Coast Kerosene-Type Jet Fuel Spot Price FOB (Dollars per Gallon),3.639
2026-03-16,New York Harbor No. 2 Heating Oil Spot Price FOB (Dollars per Gallon),3.749
2026-03-16,New York Harbor Ultra-Low Sulfur No 2 Diesel Spot Price (Dollars per Gallon),3.897
2026-03-16,U.S. Gulf Coast Ultra-Low Sulfur No 2 Diesel Spot Price (Dollars per Gallon),3.709
2026-03-13,"Los Angeles, CA Ultra-Low Sulfur CARB Diesel Spot Price (Dollars per Gallon)",3.794
2026-03-13,WTI Crude,98.48
2026-03-13,Brent Crude,103.23
2026-03-13,"Mont Belvieu, TX Propane Spot Price FOB (Dollars per Gallon)",0.79
2026-03-13,New York Harbor Conventional Gasoline Regular Spot Price FOB (Dollars per Gallon),3.061
2026-03-13,U.S. Gulf Coast Conventional Gasoline Regular Spot Price FOB (Dollars per Gallon),3.054
2026-03-13,Los Angeles Reformulated RBOB Regular Gasoline Spot Price (Dollars per Gallon),3.504
2026-03-13,U.S. Gulf Coast Kerosene-Type Jet Fuel Spot Price FOB (Dollars per Gallon),3.792
2026-03-13,New York Harbor No. 2 Heating Oil Spot Price FOB (Dollars per Gallon),3.902
2026-03-13,New York Harbor Ultra-Low Sulfur No 2 Diesel Spot Price (Dollars per Gallon),4.049
2026-03-13,U.S. Gulf Coast Ultra-Low Sulfur No 2 Diesel Spot Price (Dollars per Gallon),3.829
2026-03-12,"Los Angeles, CA Ultra-Low Sulfur CARB Diesel Spot Price (Dollars per Gallon)",3.805
2026-03-12,WTI Crude,95.61
2026-03-12,Brent Crude,102.38
2026-03-12,"Mont Belvieu, TX Propane Spot Price FOB (Dollars per Gallon)",0.73
2026-03-12,New York Harbor Conventional Gasoline Regular Spot Price FOB (Dollars per Gallon),2.982
2026-03-12,U.S. Gulf Coast Conventional Gasoline Regular Spot Price FOB (Dollars per Gallon),2.875
2026-03-12,Los Angeles Reformulated RBOB Regular Gasoline Spot Price (Dollars per Gallon),3.375
2026-03-12,U.S. Gulf Coast Kerosene-Type Jet Fuel Spot Price FOB (Dollars per Gallon),3.753
2026-03-12,New York Harbor No. 2 Heating Oil Spot Price FOB (Dollars per Gallon),3.863
2026-03-12,New York Harbor Ultra-Low Sulfur No 2 Diesel Spot Price (Dollars per Gallon),4.01
2026-03-12,U.S. Gulf Coast Ultra-Low Sulfur No 2 Diesel Spot Price (Dollars per Gallon),3.753
2026-03-11,"Los Angeles, CA Ultra-Low Sulfur CARB Diesel Spot Price (Dollars per Gallon)",3.661
2026-03-11,WTI Crude,86.8
2026-03-11,Brent Crude,90.98
2026-03-11,"Mont Belvieu, TX Propane Spot Price FOB (Dollars per Gallon)",0.701
2026-03-11,New York Harbor Conventional Gasoline Regular Spot Price FOB (Dollars per Gallon),2.819
2026-03-11,U.S. Gulf Coast Conventional Gasoline Regular Spot Price FOB (Dollars per Gallon),2.664
2026-03-11,Los Angeles Reformulated RBOB Regular Gasoline Spot Price (Dollars per Gallon),3.191
2026-03-11,U.S. Gulf Coast Kerosene-Type Jet Fuel Spot Price FOB (Dollars per Gallon),3.544
2026-03-11,New York Harbor No. 2 Heating Oil Spot Price FOB (Dollars per Gallon),3.654
2026-03-11,New York Harbor Ultra-Low Sulfur No 2 Diesel Spot Price (Dollars per Gallon),3.801
2026-03-11,U.S. Gulf Coast Ultra-Low Sulfur No 2 Diesel Spot Price (Dollars per Gallon),3.619
2026-03-10,"Los Angeles, CA Ultra-Low Sulfur CARB Diesel Spot Price (Dollars per Gallon)",3.316
2026-03-10,WTI Crude,83.71
2026-03-10,Brent Crude,89.84
2026-03-10,"Mont Belvieu, TX Propane Spot Price FOB (Dollars per Gallon)",0.678
2026-03-10,New York Harbor Conventional Gasoline Regular Spot Price FOB (Dollars per Gallon),2.715
2026-03-10,U.S. Gulf Coast Conventional Gasoline Regular Spot Price FOB (Dollars per Gallon),2.48
2026-03-10,Los Angeles Reformulated RBOB Regular Gasoline Spot Price (Dollars per Gallon),3.158
2026-03-10,U.S. Gulf Coast Kerosene-Type Jet Fuel Spot Price FOB (Dollars per Gallon),3.199
2026-03-10,New York Harbor No. 2 Heating Oil Spot Price FOB (Dollars per Gallon),3.309
2026-03-10,New York Harbor Ultra-Low Sulfur No 2 Diesel Spot Price (Dollars per Gallon),3.456
2026-03-10,U.S. Gulf Coast Ultra-Low Sulfur No 2 Diesel Spot Price (Dollars per Gallon),3.274
2026-03-09,"Los Angeles, CA Ultra-Low Sulfur CARB Diesel Spot Price (Dollars per Gallon)",3.218
2026-03-09,WTI Crude,94.65
2026-03-09,Brent Crude,94.35
2026-03-09,"Mont Belvieu, TX Propane Spot Price FOB (Dollars per Gallon)",0.745
2026-03-09,New York Harbor Conventional Gasoline Regular Spot Price FOB (Dollars per Gallon),2.644
2026-03-09,U.S. Gulf Coast Conventional Gasoline Regular Spot Price FOB (Dollars per Gallon),2.437
2026-03-09,Los Angeles Reformulated RBOB Regular Gasoline Spot Price (Dollars per Gallon),3.037
2026-03-09,U.S. Gulf Coast Kerosene-Type Jet Fuel Spot Price FOB (Dollars per Gallon),3.1
2026-03-09,New York Harbor No. 2 Heating Oil Spot Price FOB (Dollars per Gallon),3.21
2026-03-09,New York Harbor Ultra-Low Sulfur No 2 Diesel Spot Price (Dollars per Gallon),3.358
2026-03-09,U.S. Gulf Coast Ultra-Low Sulfur No 2 Diesel Spot Price (Dollars per Gallon),3.218
2026-03-06,"Los Angeles, CA Ultra-Low Sulfur CARB Diesel Spot Price (Dollars per Gallon)",3.582
2026-03-06,WTI Crude,90.77
2026-03-06,Brent Crude,95.74
2026-03-06,"Mont Belvieu, TX Propane Spot Price FOB (Dollars per Gallon)",0.74
2026-03-06,New York Harbor Conventional Gasoline Regular Spot Price FOB (Dollars per Gallon),2.769
2026-03-06,U.S. Gulf Coast Conventional Gasoline Regular Spot Price FOB (Dollars per Gallon),2.581
2026-03-06,Los Angeles Reformulated RBOB Regular Gasoline Spot Price (Dollars per Gallon),3.191
2026-03-06,U.S. Gulf Coast Kerosene-Type Jet Fuel Spot Price FOB (Dollars per Gallon),3.424
2026-03-06,New York Harbor No. 2 Heating Oil Spot Price FOB (Dollars per Gallon),3.534
2026-03-06,New York Harbor Ultra-Low Sulfur No 2 Diesel Spot Price (Dollars per Gallon),3.682
2026-03-06,U.S. Gulf Coast Ultra-Low Sulfur No 2 Diesel Spot Price (Dollars per Gallon),3.632
2026-03-05,"Los Angeles, CA Ultra-Low Sulfur CARB Diesel Spot Price (Dollars per Gallon)",3.421
2026-03-05,WTI Crude,80.88
2026-03-05,Brent Crude,88.59
2026-03-05,"Mont Belvieu, TX Propane Spot Price FOB (Dollars per Gallon)",0.705
2026-03-05,New York Harbor Conventional Gasoline Regular Spot Price FOB (Dollars per Gallon),2.626
2026-03-05,U.S. Gulf Coast Conventional Gasoline Regular Spot Price FOB (Dollars per Gallon),2.439
2026-03-05,Los Angeles Reformulated RBOB Regular Gasoline Spot Price (Dollars per Gallon),3.049
2026-03-05,U.S. Gulf Coast Kerosene-Type Jet Fuel Spot Price FOB (Dollars per Gallon),3.263
2026-03-05,New York Harbor No. 2 Heating Oil Spot Price FOB (Dollars per Gallon),3.373
2026-03-05,New York Harbor Ultra-Low Sulfur No 2 Diesel Spot Price (Dollars per Gallon),3.521
2026-03-05,U.S. Gulf Coast Ultra-Low Sulfur No 2 Diesel Spot Price (Dollars per Gallon),3.471
2026-03-04,"Los Angeles, CA Ultra-Low Sulfur CARB Diesel Spot Price (Dollars per Gallon)",3.283
2026-03-04,WTI Crude,74.58
2026-03-04,Brent Crude,81.56
2026-03-04,"Mont Belvieu, TX Propane Spot Price FOB (Dollars per Gallon)",0.683
2026-03-04,New York Harbor Conventional Gasoline Regular Spot Price FOB (Dollars per Gallon),2.543
2026-03-04,U.S. Gulf Coast Conventional Gasoline Regular Spot Price FOB (Dollars per Gallon),2.371
2026-03-04,Los Angeles Reformulated RBOB Regular Gasoline Spot Price (Dollars per Gallon),2.836
2026-03-04,U.S. Gulf Coast Kerosene-Type Jet Fuel Spot Price FOB (Dollars per Gallon),3.126
2026-03-04,New York Harbor No. 2 Heating Oil Spot Price FOB (Dollars per Gallon),3.236
2026-03-04,New York Harbor Ultra-Low Sulfur No 2 Diesel Spot Price (Dollars per Gallon),3.383
2026-03-04,U.S. Gulf Coast Ultra-Low Sulfur No 2 Diesel Spot Price (Dollars per Gallon),3.333
2026-03-03,"Los Angeles, CA Ultra-Low Sulfur CARB Diesel Spot Price (Dollars per Gallon)",3.124
2026-03-03,WTI Crude,74.48
2026-03-03,Brent Crude,83.28
2026-03-03,"Mont Belvieu, TX Propane Spot Price FOB (Dollars per Gallon)",0.71
2026-03-03,New York Harbor Conventional Gasoline Regular Spot Price FOB (Dollars per Gallon),2.456
2026-03-03,U.S. Gulf Coast Conventional Gasoline Regular Spot Price FOB (Dollars per Gallon),2.339
2026-03-03,Los Angeles Reformulated RBOB Regular Gasoline Spot Price (Dollars per Gallon),2.669
2026-03-03,U.S. Gulf Coast Kerosene-Type Jet Fuel Spot Price FOB (Dollars per Gallon),2.966
2026-03-03,New York Harbor No. 2 Heating Oil Spot Price FOB (Dollars per Gallon),3.076
2026-03-03,New York Harbor Ultra-Low Sulfur No 2 Diesel Spot Price (Dollars per Gallon),3.224
2026-03-03,U.S. Gulf Coast Ultra-Low Sulfur No 2 Diesel Spot Price (Dollars per Gallon),3.046
2026-03-02,"Los Angeles, CA Ultra-Low Sulfur CARB Diesel Spot Price (Dollars per Gallon)",2.875
2026-03-02,WTI Crude,71.13
2026-03-02,Brent Crude,77.24
2026-03-02,"Mont Belvieu, TX Propane Spot Price FOB (Dollars per Gallon)",0.674
2026-03-02,New York Harbor Conventional Gasoline Regular Spot Price FOB (Dollars per Gallon),2.393
2026-03-02,U.S. Gulf Coast Conventional Gasoline Regular Spot Price FOB (Dollars per Gallon),2.275
2026-03-02,Los Angeles Reformulated RBOB Regular Gasoline Spot Price (Dollars per Gallon),2.575
2026-03-02,U.S. Gulf Coast Kerosene-Type Jet Fuel Spot Price FOB (Dollars per Gallon),2.738
2026-03-02,New York Harbor No. 2 Heating Oil Spot Price FOB (Dollars per Gallon),2.848
2026-03-02,New York Harbor Ultra-Low Sulfur No 2 Diesel Spot Price (Dollars per Gallon),2.995
2026-03-02,U.S. Gulf Coast Ultra-Low Sulfur No 2 Diesel Spot Price (Dollars per Gallon),2.818
2026-02-27,"Los Angeles, CA Ultra-Low Sulfur CARB Diesel Spot Price (Dollars per Gallon)",2.576
2026-02-27,WTI Crude,66.96
2026-02-27,Brent Crude,71.32
2026-02-27,"Mont Belvieu, TX Propane Spot Price FOB (Dollars per Gallon)",0.663
2026-02-27,New York Harbor Conventional Gasoline Regular Spot Price FOB (Dollars per Gallon),2.076
2026-02-27,U.S. Gulf Coast Conventional Gasoline Regular Spot Price FOB (Dollars per Gallon),1.968
2026-02-27,Los Angeles Reformulated RBOB Regular Gasoline Spot Price (Dollars per Gallon),2.278
2026-02-27,U.S. Gulf Coast Kerosene-Type Jet Fuel Spot Price FOB (Dollars per Gallon),2.428
2026-02-27,New York Harbor No. 2 Heating Oil Spot Price FOB (Dollars per Gallon),2.538
2026-02-27,New York Harbor Ultra-Low Sulfur No 2 Diesel Spot Price (Dollars per Gallon),2.686
2026-02-27,U.S. Gulf Coast Ultra-Low Sulfur No 2 Diesel Spot Price (Dollars per Gallon),2.513
2026-02-26,"Los Angeles, CA Ultra-Low Sulfur CARB Diesel Spot Price (Dollars per Gallon)",2.591
2026-02-26,WTI Crude,65.1
2026-02-26,Brent Crude,71.66
2026-02-26,"Mont Belvieu, TX Propane Spot Price FOB (Dollars per Gallon)",0.615
2026-02-26,New York Harbor Conventional Gasoline Regular Spot Price FOB (Dollars per Gallon),2.048
2026-02-26,U.S. Gulf Coast Conventional Gasoline Regular Spot Price FOB (Dollars per Gallon),1.823
2026-02-26,Los Angeles Reformulated RBOB Regular Gasoline Spot Price (Dollars per Gallon),2.25
2026-02-26,U.S. Gulf Coast Kerosene-Type Jet Fuel Spot Price FOB (Dollars per Gallon),2.444
2026-02-26,New York Harbor No. 2 Heating Oil Spot Price FOB (Dollars per Gallon),2.554
2026-02-26,New York Harbor Ultra-Low Sulfur No 2 Diesel Spot Price (Dollars per Gallon),2.701
2026-02-26,U.S. Gulf Coast Ultra-Low Sulfur No 2 Diesel Spot Price (Dollars per Gallon),2.541
2026-02-25,"Los Angeles, CA Ultra-Low Sulfur CARB Diesel Spot Price (Dollars per Gallon)",2.617
2026-02-25,WTI Crude,65.3
2026-02-25,Brent Crude,70.69
2026-02-25,"Mont Belvieu, TX Propane Spot Price FOB (Dollars per Gallon)",0.603
2026-02-25,New York Harbor Conventional Gasoline Regular Spot Price FOB (Dollars per Gallon),2.002
2026-02-25,U.S. Gulf Coast Conventional Gasoline Regular Spot Price FOB (Dollars per Gallon),1.777
2026-02-25,Los Angeles Reformulated RBOB Regular Gasoline Spot Price (Dollars per Gallon),2.214
2026-02-25,U.S. Gulf Coast Kerosene-Type Jet Fuel Spot Price FOB (Dollars per Gallon),2.47
2026-02-25,New York Harbor No. 2 Heating Oil Spot Price FOB (Dollars per Gallon),2.58
2026-02-25,New York Harbor Ultra-Low Sulfur No 2 Diesel Spot Price (Dollars per Gallon),2.727
2026-02-25,U.S. Gulf Coast Ultra-Low Sulfur No 2 Diesel Spot Price (Dollars per Gallon),2.567
2026-02-24,"Los Angeles, CA Ultra-Low Sulfur CARB Diesel Spot Price (Dollars per Gallon)",2.668
2026-02-24,WTI Crude,65.62
2026-02-24,Brent Crude,71.21
2026-02-24,"Mont Belvieu, TX Propane Spot Price FOB (Dollars per Gallon)",0.585
2026-02-24,New York Harbor Conventional Gasoline Regular Spot Price FOB (Dollars per Gallon),2.005
2026-02-24,U.S. Gulf Coast Conventional Gasoline Regular Spot Price FOB (Dollars per Gallon),1.758
2026-02-24,Los Angeles Reformulated RBOB Regular Gasoline Spot Price (Dollars per Gallon),2.248
2026-02-24,U.S. Gulf Coast Kerosene-Type Jet Fuel Spot Price FOB (Dollars per Gallon),2.52
2026-02-24,New York Harbor No. 2 Heating Oil Spot Price FOB (Dollars per Gallon),2.63
2026-02-24,New York Harbor Ultra-Low Sulfur No 2 Diesel Spot Price (Dollars per Gallon),2.778
2026-02-24,U.S. Gulf Coast Ultra-Low Sulfur No 2 Diesel Spot Price (Dollars per Gallon),2.608
2026-02-23,"Los Angeles, CA Ultra-Low Sulfur CARB Diesel Spot Price (Dollars per Gallon)",2.673
2026-02-23,WTI Crude,66.36
2026-02-23,Brent Crude,71.9
2026-02-23,"Mont Belvieu, TX Propane Spot Price FOB (Dollars per Gallon)",0.605
2026-02-23,New York Harbor Conventional Gasoline Regular Spot Price FOB (Dollars per Gallon),2.003
2026-02-23,U.S. Gulf Coast Conventional Gasoline Regular Spot Price FOB (Dollars per Gallon),1.768
2026-02-23,Los Angeles Reformulated RBOB Regular Gasoline Spot Price (Dollars per Gallon),2.465
2026-02-23,U.S. Gulf Coast Kerosene-Type Jet Fuel Spot Price FOB (Dollars per Gallon),2.485
2026-02-23,New York Harbor No. 2 Heating Oil Spot Price FOB (Dollars per Gallon),2.595
2026-02-23,New York Harbor Ultra-Low Sulfur No 2 Diesel Spot Price (Dollars per Gallon),2.743
2026-02-23,U.S. Gulf Coast Ultra-Low Sulfur No 2 Diesel Spot Price (Dollars per Gallon),2.57
2026-02-20,"Los Angeles, CA Ultra-Low Sulfur CARB Diesel Spot Price (Dollars per Gallon)",2.563
2026-02-20,WTI Crude,66.69
2026-02-20,Brent Crude,72.75
2026-02-20,"Mont Belvieu, TX Propane Spot Price FOB (Dollars per Gallon)",0.615
2026-02-20,New York Harbor Conventional Gasoline Regular Spot Price FOB (Dollars per Gallon),2.004
2026-02-20,U.S. Gulf Coast Conventional Gasoline Regular Spot Price FOB (Dollars per Gallon),1.716
2026-02-20,Los Angeles Reformulated RBOB Regular Gasoline Spot Price (Dollars per Gallon),2.466
2026-02-20,U.S. Gulf Coast Kerosene-Type Jet Fuel Spot Price FOB (Dollars per Gallon),2.376
2026-02-20,New York Harbor No. 2 Heating Oil Spot Price FOB (Dollars per Gallon),2.486
2026-02-20,New York Harbor Ultra-Low Sulfur No 2 Diesel Spot Price (Dollars per Gallon),2.633
2026-02-20,U.S. Gulf Coast Ultra-Low Sulfur No 2 Diesel Spot Price (Dollars per Gallon),2.478
2026-02-19,"Los Angeles, CA Ultra-Low Sulfur CARB Diesel Spot Price (Dollars per Gallon)",2.587
2026-02-19,WTI Crude,66.66
2026-02-19,Brent Crude,73.17
2026-02-19,"Mont Belvieu, TX Propane Spot Price FOB (Dollars per Gallon)",0.606
2026-02-19,New York Harbor Conventional Gasoline Regular Spot Price FOB (Dollars per Gallon),2.015
2026-02-19,U.S. Gulf Coast Conventional Gasoline Regular Spot Price FOB (Dollars per Gallon),1.737
2026-02-19,Los Angeles Reformulated RBOB Regular Gasoline Spot Price (Dollars per Gallon),2.467
2026-02-19,U.S. Gulf Coast Kerosene-Type Jet Fuel Spot Price FOB (Dollars per Gallon),2.399
2026-02-19,New York Harbor No. 2 Heating Oil Spot Price FOB (Dollars per Gallon),2.509
2026-02-19,New York Harbor Ultra-Low Sulfur No 2 Diesel Spot Price (Dollars per Gallon),2.657
2026-02-19,U.S. Gulf Coast Ultra-Low Sulfur No 2 Diesel Spot Price (Dollars per Gallon),2.495
2026-02-18,"Los Angeles, CA Ultra-Low Sulfur CARB Diesel Spot Price (Dollars per Gallon)",2.499
2026-02-18,WTI Crude,65.33
2026-02-18,Brent Crude,71.78
2026-02-18,"Mont Belvieu, TX Propane Spot Price FOB (Dollars per Gallon)",0.606
2026-02-18,New York Harbor Conventional Gasoline Regular Spot Price FOB (Dollars per Gallon),1.977
2026-02-18,U.S. Gulf Coast Conventional Gasoline Regular Spot Price FOB (Dollars per Gallon),1.699
2026-02-18,Los Angeles Reformulated RBOB Regular Gasoline Spot Price (Dollars per Gallon),2.429
2026-02-18,U.S. Gulf Coast Kerosene-Type Jet Fuel Spot Price FOB (Dollars per Gallon),2.311
2026-02-18,New York Harbor No. 2 Heating Oil Spot Price FOB (Dollars per Gallon),2.421
2026-02-18,New York Harbor Ultra-Low Sulfur No 2 Diesel Spot Price (Dollars per Gallon),2.569
2026-02-18,U.S. Gulf Coast Ultra-Low Sulfur No 2 Diesel Spot Price (Dollars per Gallon),2.34
2026-02-17,"Los Angeles, CA Ultra-Low Sulfur CARB Diesel Spot Price (Dollars per Gallon)",2.32
2026-02-17,WTI Crude,62.53
2026-02-17,Brent Crude,69.77
2026-02-17,"Mont Belvieu, TX Propane Spot Price FOB (Dollars per Gallon)",0.593
2026-02-17,New York Harbor Conventional Gasoline Regular Spot Price FOB (Dollars per Gallon),1.92
2026-02-17,U.S. Gulf Coast Conventional Gasoline Regular Spot Price FOB (Dollars per Gallon),1.917
2026-02-17,Los Angeles Reformulated RBOB Regular Gasoline Spot Price (Dollars per Gallon),2.337
2026-02-17,U.S. Gulf Coast Kerosene-Type Jet Fuel Spot Price FOB (Dollars per Gallon),2.183
2026-02-17,New York Harbor No. 2 Heating Oil Spot Price FOB (Dollars per Gallon),2.293
2026-02-17,New York Harbor Ultra-Low Sulfur No 2 Diesel Spot Price (Dollars per Gallon),2.44
2026-02-17,U.S. Gulf Coast Ultra-Low Sulfur No 2 Diesel Spot Price (Dollars per Gallon),2.23
2026-02-16,Brent Crude,70.81
2026-02-13,"Los Angeles, CA Ultra-Low Sulfur CARB Diesel Spot Price (Dollars per Gallon)",2.314
2026-02-13,WTI Crude,63.05
2026-02-13,Brent Crude,69.96
2026-02-13,"Mont Belvieu, TX Propane Spot Price FOB (Dollars per Gallon)",0.598
2026-02-13,New York Harbor Conventional Gasoline Regular Spot Price FOB (Dollars per Gallon),1.914
2026-02-13,U.S. Gulf Coast Conventional Gasoline Regular Spot Price FOB (Dollars per Gallon),1.912
2026-02-13,Los Angeles Reformulated RBOB Regular Gasoline Spot Price (Dollars per Gallon),2.337
2026-02-13,U.S. Gulf Coast Kerosene-Type Jet Fuel Spot Price FOB (Dollars per Gallon),2.177
2026-02-13,New York Harbor No. 2 Heating Oil Spot Price FOB (Dollars per Gallon),2.287
2026-02-13,New York Harbor Ultra-Low Sulfur No 2 Diesel Spot Price (Dollars per Gallon),2.434
2026-02-13,U.S. Gulf Coast Ultra-Low Sulfur No 2 Diesel Spot Price (Dollars per Gallon),2.212
2026-02-12,"Los Angeles, CA Ultra-Low Sulfur CARB Diesel Spot Price (Dollars per Gallon)",2.205
2026-02-12,WTI Crude,63.08
2026-02-12,Brent Crude,69.8
2026-02-12,"Mont Belvieu, TX Propane Spot Price FOB (Dollars per Gallon)",0.598
2026-02-12,New York Harbor Conventional Gasoline Regular Spot Price FOB (Dollars per Gallon),2.159
2026-02-12,U.S. Gulf Coast Conventional Gasoline Regular Spot Price FOB (Dollars per Gallon),2.131
2026-02-12,Los Angeles Reformulated RBOB Regular Gasoline Spot Price (Dollars per Gallon),2.636
2026-02-12,U.S. Gulf Coast Kerosene-Type Jet Fuel Spot Price FOB (Dollars per Gallon),2.11
2026-02-12,New York Harbor No. 2 Heating Oil Spot Price FOB (Dollars per Gallon),2.177
2026-02-12,New York Harbor Ultra-Low Sulfur No 2 Diesel Spot Price (Dollars per Gallon),2.325
2026-02-12,U.S. Gulf Coast Ultra-Low Sulfur No 2 Diesel Spot Price (Dollars per Gallon),2.105
2026-02-11,"Los Angeles, CA Ultra-Low Sulfur CARB Diesel Spot Price (Dollars per Gallon)",2.321
2026-02-11,WTI Crude,64.8
2026-02-11,Brent Crude,71.52
2026-02-11,"Mont Belvieu, TX Propane Spot Price FOB (Dollars per Gallon)",0.618
2026-02-11,New York Harbor Conventional Gasoline Regular Spot Price FOB (Dollars per Gallon),2.223
2026-02-11,U.S. Gulf Coast Conventional Gasoline Regular Spot Price FOB (Dollars per Gallon),2.195
2026-02-11,Los Angeles Reformulated RBOB Regular Gasoline Spot Price (Dollars per Gallon),2.665
2026-02-11,U.S. Gulf Coast Kerosene-Type Jet Fuel Spot Price FOB (Dollars per Gallon),2.176
2026-02-11,New York Harbor No. 2 Heating Oil Spot Price FOB (Dollars per Gallon),2.243
2026-02-11,New York Harbor Ultra-Low Sulfur No 2 Diesel Spot Price (Dollars per Gallon),2.391
2026-02-11,U.S. Gulf Coast Ultra-Low Sulfur No 2 Diesel Spot Price (Dollars per Gallon),2.171
2026-02-10,"Los Angeles, CA Ultra-Low Sulfur CARB Diesel Spot Price (Dollars per Gallon)",2.288
2026-02-10,WTI Crude,64.2
2026-02-10,Brent Crude,71.01
2026-02-10,"Mont Belvieu, TX Propane Spot Price FOB (Dollars per Gallon)",0.613
2026-02-10,New York Harbor Conventional Gasoline Regular Spot Price FOB (Dollars per Gallon),2.2
2026-02-10,U.S. Gulf Coast Conventional Gasoline Regular Spot Price FOB (Dollars per Gallon),2.172
2026-02-10,Los Angeles Reformulated RBOB Regular Gasoline Spot Price (Dollars per Gallon),2.592
2026-02-10,U.S. Gulf Coast Kerosene-Type Jet Fuel Spot Price FOB (Dollars per Gallon),2.143
2026-02-10,New York Harbor No. 2 Heating Oil Spot Price FOB (Dollars per Gallon),2.21
2026-02-10,New York Harbor Ultra-Low Sulfur No 2 Diesel Spot Price (Dollars per Gallon),2.358
2026-02-10,U.S. Gulf Coast Ultra-Low Sulfur No 2 Diesel Spot Price (Dollars per Gallon),2.138
2026-02-09,"Los Angeles, CA Ultra-Low Sulfur CARB Diesel Spot Price (Dollars per Gallon)",2.305
2026-02-09,WTI Crude,64.53
2026-02-09,Brent Crude,71.19
2026-02-09,"Mont Belvieu, TX Propane Spot Price FOB (Dollars per Gallon)",0.62
2026-02-09,New York Harbor Conventional Gasoline Regular Spot Price FOB (Dollars per Gallon),2.215
2026-02-09,U.S. Gulf Coast Conventional Gasoline Regular Spot Price FOB (Dollars per Gallon),2.192
2026-02-09,Los Angeles Reformulated RBOB Regular Gasoline Spot Price (Dollars per Gallon),2.607
2026-02-09,U.S. Gulf Coast Kerosene-Type Jet Fuel Spot Price FOB (Dollars per Gallon),2.165
2026-02-09,New York Harbor No. 2 Heating Oil Spot Price FOB (Dollars per Gallon),2.227
2026-02-09,New York Harbor Ultra-Low Sulfur No 2 Diesel Spot Price (Dollars per Gallon),2.375
2026-02-09,U.S. Gulf Coast Ultra-Low Sulfur No 2 Diesel Spot Price (Dollars per Gallon),2.135
2026-02-06,"Los Angeles, CA Ultra-Low Sulfur CARB Diesel Spot Price (Dollars per Gallon)",2.281
2026-02-06,WTI Crude,63.77
2026-02-06,Brent Crude,70.45
2026-02-06,"Mont Belvieu, TX Propane Spot Price FOB (Dollars per Gallon)",0.62
2026-02-06,New York Harbor Conventional Gasoline Regular Spot Price FOB (Dollars per Gallon),2.179
2026-02-06,U.S. Gulf Coast Conventional Gasoline Regular Spot Price FOB (Dollars per Gallon),2.196
2026-02-06,Los Angeles Reformulated RBOB Regular Gasoline Spot Price (Dollars per Gallon),2.531
2026-02-06,U.S. Gulf Coast Kerosene-Type Jet Fuel Spot Price FOB (Dollars per Gallon),2.106
2026-02-06,New York Harbor No. 2 Heating Oil Spot Price FOB (Dollars per Gallon),2.203
2026-02-06,New York Harbor Ultra-Low Sulfur No 2 Diesel Spot Price (Dollars per Gallon),2.351
2026-02-06,U.S. Gulf Coast Ultra-Low Sulfur No 2 Diesel Spot Price (Dollars per Gallon),2.128
2026-02-05,"Los Angeles, CA Ultra-Low Sulfur CARB Diesel Spot Price (Dollars per Gallon)",2.27
2026-02-05,WTI Crude,62.9
2026-02-05,Brent Crude,69.87
2026-02-05,"Mont Belvieu, TX Propane Spot Price FOB (Dollars per Gallon)",0.621
2026-02-05,New York Harbor Conventional Gasoline Regular Spot Price FOB (Dollars per Gallon),2.158
2026-02-05,U.S. Gulf Coast Conventional Gasoline Regular Spot Price FOB (Dollars per Gallon),2.175
2026-02-05,Los Angeles Reformulated RBOB Regular Gasoline Spot Price (Dollars per Gallon),2.51
2026-02-05,U.S. Gulf Coast Kerosene-Type Jet Fuel Spot Price FOB (Dollars per Gallon),2.095
2026-02-05,New York Harbor No. 2 Heating Oil Spot Price FOB (Dollars per Gallon),2.193
2026-02-05,New York Harbor Ultra-Low Sulfur No 2 Diesel Spot Price (Dollars per Gallon),2.34
2026-02-05,U.S. Gulf Coast Ultra-Low Sulfur No 2 Diesel Spot Price (Dollars per Gallon),2.13
2026-02-04,"Los Angeles, CA Ultra-Low Sulfur CARB Diesel Spot Price (Dollars per Gallon)",2.292
2026-02-04,WTI Crude,64.56
2026-02-04,Brent Crude,71.15
2026-02-04,"Mont Belvieu, TX Propane Spot Price FOB (Dollars per Gallon)",0.638
2026-02-04,New York Harbor Conventional Gasoline Regular Spot Price FOB (Dollars per Gallon),2.181
2026-02-04,U.S. Gulf Coast Conventional Gasoline Regular Spot Price FOB (Dollars per Gallon),2.164
2026-02-04,Los Angeles Reformulated RBOB Regular Gasoline Spot Price (Dollars per Gallon),2.504
2026-02-04,U.S. Gulf Coast Kerosene-Type Jet Fuel Spot Price FOB (Dollars per Gallon),2.167
2026-02-04,New York Harbor No. 2 Heating Oil Spot Price FOB (Dollars per Gallon),2.224
2026-02-04,New York Harbor Ultra-Low Sulfur No 2 Diesel Spot Price (Dollars per Gallon),2.372
2026-02-04,U.S. Gulf Coast Ultra-Low Sulfur No 2 Diesel Spot Price (Dollars per Gallon),2.142
2026-02-03,"Los Angeles, CA Ultra-Low Sulfur CARB Diesel Spot Price (Dollars per Gallon)",2.275
2026-02-03,WTI Crude,62.62
2026-02-03,Brent Crude,70.01
2026-02-03,"Mont Belvieu, TX Propane Spot Price FOB (Dollars per Gallon)",0.628
2026-02-03,New York Harbor Conventional Gasoline Regular Spot Price FOB (Dollars per Gallon),2.157
2026-02-03,U.S. Gulf Coast Conventional Gasoline Regular Spot Price FOB (Dollars per Gallon),2.132
2026-02-03,Los Angeles Reformulated RBOB Regular Gasoline Spot Price (Dollars per Gallon),2.5
2026-02-03,U.S. Gulf Coast Kerosene-Type Jet Fuel Spot Price FOB (Dollars per Gallon),2.15
2026-02-03,New York Harbor No. 2 Heating Oil Spot Price FOB (Dollars per Gallon),2.207
2026-02-03,New York Harbor Ultra-Low Sulfur No 2 Diesel Spot Price (Dollars per Gallon),2.355
2026-02-03,U.S. Gulf Coast Ultra-Low Sulfur No 2 Diesel Spot Price (Dollars per Gallon),2.157
2026-02-02,"Los Angeles, CA Ultra-Low Sulfur CARB Diesel Spot Price (Dollars per Gallon)",2.207
2026-02-02,WTI Crude,61.6
2026-02-02,Brent Crude,67.72
2026-02-02,"Mont Belvieu, TX Propane Spot Price FOB (Dollars per Gallon)",0.621
2026-02-02,New York Harbor Conventional Gasoline Regular Spot Price FOB (Dollars per Gallon),2.103
2026-02-02,U.S. Gulf Coast Conventional Gasoline Regular Spot Price FOB (Dollars per Gallon),2.076
2026-02-02,Los Angeles Reformulated RBOB Regular Gasoline Spot Price (Dollars per Gallon),2.446
2026-02-02,U.S. Gulf Coast Kerosene-Type Jet Fuel Spot Price FOB (Dollars per Gallon),2.082
2026-02-02,New York Harbor No. 2 Heating Oil Spot Price FOB (Dollars per Gallon),2.14
2026-02-02,New York Harbor Ultra-Low Sulfur No 2 Diesel Spot Price (Dollars per Gallon),2.287
2026-02-02,U.S. Gulf Coast Ultra-Low Sulfur No 2 Diesel Spot Price (Dollars per Gallon),2.08
2026-01-30,"Los Angeles, CA Ultra-Low Sulfur CARB Diesel Spot Price (Dollars per Gallon)",2.402
2026-01-30,WTI Crude,64.5
2026-01-30,Brent Crude,72.25
2026-01-30,"Mont Belvieu, TX Propane Spot Price FOB (Dollars per Gallon)",0.659
2026-01-30,New York Harbor Conventional Gasoline Regular Spot Price FOB (Dollars per Gallon),2.188
2026-01-30,U.S. Gulf Coast Conventional Gasoline Regular Spot Price FOB (Dollars per Gallon),2.16
2026-01-30,Los Angeles Reformulated RBOB Regular Gasoline Spot Price (Dollars per Gallon),2.53
2026-01-30,U.S. Gulf Coast Kerosene-Type Jet Fuel Spot Price FOB (Dollars per Gallon),2.277
2026-01-30,New York Harbor No. 2 Heating Oil Spot Price FOB (Dollars per Gallon),2.334
2026-01-30,New York Harbor Ultra-Low Sulfur No 2 Diesel Spot Price (Dollars per Gallon),2.482
2026-01-30,U.S. Gulf Coast Ultra-Low Sulfur No 2 Diesel Spot Price (Dollars per Gallon),2.274
2026-01-29,"Los Angeles, CA Ultra-Low Sulfur CARB Diesel Spot Price (Dollars per Gallon)",2.373
2026-01-29,WTI Crude,64.77
2026-01-29,Brent Crude,71.0
2026-01-29,"Mont Belvieu, TX Propane Spot Price FOB (Dollars per Gallon)",0.661
2026-01-29,New York Harbor Conventional Gasoline Regular Spot Price FOB (Dollars per Gallon),2.166
2026-01-29,U.S. Gulf Coast Conventional Gasoline Regular Spot Price FOB (Dollars per Gallon),2.139
2026-01-29,Los Angeles Reformulated RBOB Regular Gasoline Spot Price (Dollars per Gallon),2.519
2026-01-29,U.S. Gulf Coast Kerosene-Type Jet Fuel Spot Price FOB (Dollars per Gallon),2.248
2026-01-29,New York Harbor No. 2 Heating Oil Spot Price FOB (Dollars per Gallon),2.305
2026-01-29,New York Harbor Ultra-Low Sulfur No 2 Diesel Spot Price (Dollars per Gallon),2.453
2026-01-29,U.S. Gulf Coast Ultra-Low Sulfur No 2 Diesel Spot Price (Dollars per Gallon),2.27
2026-01-28,"Los Angeles, CA Ultra-Low Sulfur CARB Diesel Spot Price (Dollars per Gallon)",2.314
2026-01-28,WTI Crude,62.75
2026-01-28,Brent Crude,70.9
2026-01-28,"Mont Belvieu, TX Propane Spot Price FOB (Dollars per Gallon)",0.653
2026-01-28,New York Harbor Conventional Gasoline Regular Spot Price FOB (Dollars per Gallon),2.143
2026-01-28,U.S. Gulf Coast Conventional Gasoline Regular Spot Price FOB (Dollars per Gallon),2.153
2026-01-28,Los Angeles Reformulated RBOB Regular Gasoline Spot Price (Dollars per Gallon),2.496
2026-01-28,U.S. Gulf Coast Kerosene-Type Jet Fuel Spot Price FOB (Dollars per Gallon),2.189
2026-01-28,New York Harbor No. 2 Heating Oil Spot Price FOB (Dollars per Gallon),2.246
2026-01-28,New York Harbor Ultra-Low Sulfur No 2 Diesel Spot Price (Dollars per Gallon),2.394
2026-01-28,U.S. Gulf Coast Ultra-Low Sulfur No 2 Diesel Spot Price (Dollars per Gallon),2.231
2026-01-27,"Los Angeles, CA Ultra-Low Sulfur CARB Diesel Spot Price (Dollars per Gallon)",2.278
2026-01-27,WTI Crude,62.04
2026-01-27,Brent Crude,70.28
2026-01-27,"Mont Belvieu, TX Propane Spot Price FOB (Dollars per Gallon)",0.646
2026-01-27,New York Harbor Conventional Gasoline Regular Spot Price FOB (Dollars per Gallon),2.114
2026-01-27,U.S. Gulf Coast Conventional Gasoline Regular Spot Price FOB (Dollars per Gallon),2.126
2026-01-27,Los Angeles Reformulated RBOB Regular Gasoline Spot Price (Dollars per Gallon),2.446
2026-01-27,U.S. Gulf Coast Kerosene-Type Jet Fuel Spot Price FOB (Dollars per Gallon),2.143
2026-01-27,New York Harbor No. 2 Heating Oil Spot Price FOB (Dollars per Gallon),2.221
2026-01-27,New York Harbor Ultra-Low Sulfur No 2 Diesel Spot Price (Dollars per Gallon),2.368
2026-01-27,U.S. Gulf Coast Ultra-Low Sulfur No 2 Diesel Spot Price (Dollars per Gallon),2.216
2026-01-26,"Los Angeles, CA Ultra-Low Sulfur CARB Diesel Spot Price (Dollars per Gallon)",2.227
2026-01-26,WTI Crude,60.46
2026-01-26,Brent Crude,67.7
2026-01-26,"Mont Belvieu, TX Propane Spot Price FOB (Dollars per Gallon)",0.643
2026-01-26,New York Harbor Conventional Gasoline Regular Spot Price FOB (Dollars per Gallon),2.072
2026-01-26,U.S. Gulf Coast Conventional Gasoline Regular Spot Price FOB (Dollars per Gallon),2.08
2026-01-26,Los Angeles Reformulated RBOB Regular Gasoline Spot Price (Dollars per Gallon),2.265
2026-01-26,U.S. Gulf Coast Kerosene-Type Jet Fuel Spot Price FOB (Dollars per Gallon),2.064
2026-01-26,New York Harbor No. 2 Heating Oil Spot Price FOB (Dollars per Gallon),2.169
2026-01-26,New York Harbor Ultra-Low Sulfur No 2 Diesel Spot Price (Dollars per Gallon),2.317
2026-01-26,U.S. Gulf Coast Ultra-Low Sulfur No 2 Diesel Spot Price (Dollars per Gallon),2.179
2026-01-23,"Los Angeles, CA Ultra-Low Sulfur CARB Diesel Spot Price (Dollars per Gallon)",2.245
2026-01-23,WTI Crude,60.7
2026-01-23,Brent Crude,68.16
2026-01-23,"Mont Belvieu, TX Propane Spot Price FOB (Dollars per Gallon)",0.648
2026-01-23,New York Harbor Conventional Gasoline Regular Spot Price FOB (Dollars per Gallon),2.097
2026-01-23,U.S. Gulf Coast Conventional Gasoline Regular Spot Price FOB (Dollars per Gallon),2.112
2026-01-23,Los Angeles Reformulated RBOB Regular Gasoline Spot Price (Dollars per Gallon),2.289
2026-01-23,U.S. Gulf Coast Kerosene-Type Jet Fuel Spot Price FOB (Dollars per Gallon),2.105
2026-01-23,New York Harbor No. 2 Heating Oil Spot Price FOB (Dollars per Gallon),2.188
2026-01-23,New York Harbor Ultra-Low Sulfur No 2 Diesel Spot Price (Dollars per Gallon),2.335
2026-01-23,U.S. Gulf Coast Ultra-Low Sulfur No 2 Diesel Spot Price (Dollars per Gallon),2.2
2026-01-22,"Los Angeles, CA Ultra-Low Sulfur CARB Diesel Spot Price (Dollars per Gallon)",2.206
2026-01-22,WTI Crude,59.24
2026-01-22,Brent Crude,65.46
2026-01-22,"Mont Belvieu, TX Propane Spot Price FOB (Dollars per Gallon)",0.664
2026-01-22,New York Harbor Conventional Gasoline Regular Spot Price FOB (Dollars per Gallon),2.069
2026-01-22,U.S. Gulf Coast Conventional Gasoline Regular Spot Price FOB (Dollars per Gallon),2.084
2026-01-22,Los Angeles Reformulated RBOB Regular Gasoline Spot Price (Dollars per Gallon),2.267
2026-01-22,U.S. Gulf Coast Kerosene-Type Jet Fuel Spot Price FOB (Dollars per Gallon),2.081
2026-01-22,New York Harbor No. 2 Heating Oil Spot Price FOB (Dollars per Gallon),2.144
2026-01-22,New York Harbor Ultra-Low Sulfur No 2 Diesel Spot Price (Dollars per Gallon),2.291
2026-01-22,U.S. Gulf Coast Ultra-Low Sulfur No 2 Diesel Spot Price (Dollars per Gallon),2.159
2026-01-21,"Los Angeles, CA Ultra-Low Sulfur CARB Diesel Spot Price (Dollars per Gallon)",2.249
2026-01-21,WTI Crude,60.38
2026-01-21,Brent Crude,66.72
2026-01-21,"Mont Belvieu, TX Propane Spot Price FOB (Dollars per Gallon)",0.664
2026-01-21,New York Harbor Conventional Gasoline Regular Spot Price FOB (Dollars per Gallon),2.106
2026-01-21,U.S. Gulf Coast Conventional Gasoline Regular Spot Price FOB (Dollars per Gallon),2.069
2026-01-21,Los Angeles Reformulated RBOB Regular Gasoline Spot Price (Dollars per Gallon),2.289
2026-01-21,U.S. Gulf Coast Kerosene-Type Jet Fuel Spot Price FOB (Dollars per Gallon),2.124
2026-01-21,New York Harbor No. 2 Heating Oil Spot Price FOB (Dollars per Gallon),2.187
2026-01-21,New York Harbor Ultra-Low Sulfur No 2 Diesel Spot Price (Dollars per Gallon),2.334
2026-01-21,U.S. Gulf Coast Ultra-Low Sulfur No 2 Diesel Spot Price (Dollars per Gallon),2.209
2026-01-20,"Los Angeles, CA Ultra-Low Sulfur CARB Diesel Spot Price (Dollars per Gallon)",2.231
2026-01-20,WTI Crude,60.3
2026-01-20,Brent Crude,67.68
2026-01-20,"Mont Belvieu, TX Propane Spot Price FOB (Dollars per Gallon)",0.605
2026-01-20,New York Harbor Conventional Gasoline Regular Spot Price FOB (Dollars per Gallon),2.066
2026-01-20,U.S. Gulf Coast Conventional Gasoline Regular Spot Price FOB (Dollars per Gallon),2.079
2026-01-20,Los Angeles Reformulated RBOB Regular Gasoline Spot Price (Dollars per Gallon),2.259
2026-01-20,U.S. Gulf Coast Kerosene-Type Jet Fuel Spot Price FOB (Dollars per Gallon),2.071
2026-01-20,New York Harbor No. 2 Heating Oil Spot Price FOB (Dollars per Gallon),2.133
2026-01-20,New York Harbor Ultra-Low Sulfur No 2 Diesel Spot Price (Dollars per Gallon),2.281
2026-01-20,U.S. Gulf Coast Ultra-Low Sulfur No 2 Diesel Spot Price (Dollars per Gallon),2.135
2026-01-19,Brent Crude,66.91
2026-01-16,"Los Angeles, CA Ultra-Low Sulfur CARB Diesel Spot Price (Dollars per Gallon)",2.119
2026-01-16,WTI Crude,59.4
2026-01-16,Brent Crude,66.97
2026-01-16,"Mont Belvieu, TX Propane Spot Price FOB (Dollars per Gallon)",0.595
2026-01-16,New York Harbor Conventional Gasoline Regular Spot Price FOB (Dollars per Gallon),2.051
2026-01-16,U.S. Gulf Coast Conventional Gasoline Regular Spot Price FOB (Dollars per Gallon),2.028
2026-01-16,Los Angeles Reformulated RBOB Regular Gasoline Spot Price (Dollars per Gallon),2.223
2026-01-16,U.S. Gulf Coast Kerosene-Type Jet Fuel Spot Price FOB (Dollars per Gallon),2.047
2026-01-16,New York Harbor No. 2 Heating Oil Spot Price FOB (Dollars per Gallon),2.092
2026-01-16,New York Harbor Ultra-Low Sulfur No 2 Diesel Spot Price (Dollars per Gallon),2.239
2026-01-16,U.S. Gulf Coast Ultra-Low Sulfur No 2 Diesel Spot Price (Dollars per Gallon),2.099
2026-01-15,"Los Angeles, CA Ultra-Low Sulfur CARB Diesel Spot Price (Dollars per Gallon)",2.097
2026-01-15,WTI Crude,59.13
2026-01-15,Brent Crude,66.16
2026-01-15,"Mont Belvieu, TX Propane Spot Price FOB (Dollars per Gallon)",0.584
2026-01-15,New York Harbor Conventional Gasoline Regular Spot Price FOB (Dollars per Gallon),2.047
2026-01-15,U.S. Gulf Coast Conventional Gasoline Regular Spot Price FOB (Dollars per Gallon),2.039
2026-01-15,Los Angeles Reformulated RBOB Regular Gasoline Spot Price (Dollars per Gallon),2.209
2026-01-15,U.S. Gulf Coast Kerosene-Type Jet Fuel Spot Price FOB (Dollars per Gallon),2.017
2026-01-15,New York Harbor No. 2 Heating Oil Spot Price FOB (Dollars per Gallon),2.069
2026-01-15,New York Harbor Ultra-Low Sulfur No 2 Diesel Spot Price (Dollars per Gallon),2.217
2026-01-15,U.S. Gulf Coast Ultra-Low Sulfur No 2 Diesel Spot Price (Dollars per Gallon),2.077
2026-01-14,"Los Angeles, CA Ultra-Low Sulfur CARB Diesel Spot Price (Dollars per Gallon)",2.117
2026-01-14,WTI Crude,61.84
2026-01-14,Brent Crude,68.87
2026-01-14,"Mont Belvieu, TX Propane Spot Price FOB (Dollars per Gallon)",0.601
2026-01-14,New York Harbor Conventional Gasoline Regular Spot Price FOB (Dollars per Gallon),2.064
2026-01-14,U.S. Gulf Coast Conventional Gasoline Regular Spot Price FOB (Dollars per Gallon),2.057
2026-01-14,Los Angeles Reformulated RBOB Regular Gasoline Spot Price (Dollars per Gallon),2.232
2026-01-14,U.S. Gulf Coast Kerosene-Type Jet Fuel Spot Price FOB (Dollars per Gallon),2.037
2026-01-14,New York Harbor No. 2 Heating Oil Spot Price FOB (Dollars per Gallon),2.089
2026-01-14,New York Harbor Ultra-Low Sulfur No 2 Diesel Spot Price (Dollars per Gallon),2.237
2026-01-14,U.S. Gulf Coast Ultra-Low Sulfur No 2 Diesel Spot Price (Dollars per Gallon),2.097
2026-01-13,"Los Angeles, CA Ultra-Low Sulfur CARB Diesel Spot Price (Dollars per Gallon)",2.123
2026-01-13,WTI Crude,60.85
2026-01-13,Brent Crude,67.58
2026-01-13,"Mont Belvieu, TX Propane Spot Price FOB (Dollars per Gallon)",0.606
2026-01-13,New York Harbor Conventional Gasoline Regular Spot Price FOB (Dollars per Gallon),2.085
2026-01-13,U.S. Gulf Coast Conventional Gasoline Regular Spot Price FOB (Dollars per Gallon),2.058
2026-01-13,Los Angeles Reformulated RBOB Regular Gasoline Spot Price (Dollars per Gallon),2.218
2026-01-13,U.S. Gulf Coast Kerosene-Type Jet Fuel Spot Price FOB (Dollars per Gallon),2.021
2026-01-13,New York Harbor No. 2 Heating Oil Spot Price FOB (Dollars per Gallon),2.101
2026-01-13,New York Harbor Ultra-Low Sulfur No 2 Diesel Spot Price (Dollars per Gallon),2.248
2026-01-13,U.S. Gulf Coast Ultra-Low Sulfur No 2 Diesel Spot Price (Dollars per Gallon),2.111
2026-01-12,"Los Angeles, CA Ultra-Low Sulfur CARB Diesel Spot Price (Dollars per Gallon)",2.056
2026-01-12,WTI Crude,59.39
2026-01-12,Brent Crude,65.4
2026-01-12,"Mont Belvieu, TX Propane Spot Price FOB (Dollars per Gallon)",0.595
2026-01-12,New York Harbor Conventional Gasoline Regular Spot Price FOB (Dollars per Gallon),2.057
2026-01-12,U.S. Gulf Coast Conventional Gasoline Regular Spot Price FOB (Dollars per Gallon),2.029
2026-01-12,Los Angeles Reformulated RBOB Regular Gasoline Spot Price (Dollars per Gallon),2.199
2026-01-12,U.S. Gulf Coast Kerosene-Type Jet Fuel Spot Price FOB (Dollars per Gallon),1.953
2026-01-12,New York Harbor No. 2 Heating Oil Spot Price FOB (Dollars per Gallon),2.033
2026-01-12,New York Harbor Ultra-Low Sulfur No 2 Diesel Spot Price (Dollars per Gallon),2.181
2026-01-12,U.S. Gulf Coast Ultra-Low Sulfur No 2 Diesel Spot Price (Dollars per Gallon),2.043
2026-01-09,"Los Angeles, CA Ultra-Low Sulfur CARB Diesel Spot Price (Dollars per Gallon)",2.079
2026-01-09,WTI Crude,58.96
2026-01-09,Brent Crude,65.11
2026-01-09,"Mont Belvieu, TX Propane Spot Price FOB (Dollars per Gallon)",0.608
2026-01-09,New York Harbor Conventional Gasoline Regular Spot Price FOB (Dollars per Gallon),2.032
2026-01-09,U.S. Gulf Coast Conventional Gasoline Regular Spot Price FOB (Dollars per Gallon),1.99
2026-01-09,Los Angeles Reformulated RBOB Regular Gasoline Spot Price (Dollars per Gallon),2.145
2026-01-09,U.S. Gulf Coast Kerosene-Type Jet Fuel Spot Price FOB (Dollars per Gallon),1.909
2026-01-09,New York Harbor No. 2 Heating Oil Spot Price FOB (Dollars per Gallon),2.006
2026-01-09,New York Harbor Ultra-Low Sulfur No 2 Diesel Spot Price (Dollars per Gallon),2.154
2026-01-09,U.S. Gulf Coast Ultra-Low Sulfur No 2 Diesel Spot Price (Dollars per Gallon),2.016
2026-01-08,"Los Angeles, CA Ultra-Low Sulfur CARB Diesel Spot Price (Dollars per Gallon)",2.102
2026-01-08,WTI Crude,57.74
2026-01-08,Brent Crude,63.34
2026-01-08,"Mont Belvieu, TX Propane Spot Price FOB (Dollars per Gallon)",0.595
2026-01-08,New York Harbor Conventional Gasoline Regular Spot Price FOB (Dollars per Gallon),2.034
2026-01-08,U.S. Gulf Coast Conventional Gasoline Regular Spot Price FOB (Dollars per Gallon),1.991
2026-01-08,Los Angeles Reformulated RBOB Regular Gasoline Spot Price (Dollars per Gallon),2.126
2026-01-08,U.S. Gulf Coast Kerosene-Type Jet Fuel Spot Price FOB (Dollars per Gallon),1.922
2026-01-08,New York Harbor No. 2 Heating Oil Spot Price FOB (Dollars per Gallon),2.02
2026-01-08,New York Harbor Ultra-Low Sulfur No 2 Diesel Spot Price (Dollars per Gallon),2.167
2026-01-08,U.S. Gulf Coast Ultra-Low Sulfur No 2 Diesel Spot Price (Dollars per Gallon),2.03
2026-01-07,"Los Angeles, CA Ultra-Low Sulfur CARB Diesel Spot Price (Dollars per Gallon)",2.026
2026-01-07,WTI Crude,56.01
2026-01-07,Brent Crude,61.08
2026-01-07,"Mont Belvieu, TX Propane Spot Price FOB (Dollars per Gallon)",0.591
2026-01-07,New York Harbor Conventional Gasoline Regular Spot Price FOB (Dollars per Gallon),1.964
2026-01-07,U.S. Gulf Coast Conventional Gasoline Regular Spot Price FOB (Dollars per Gallon),1.944
2026-01-07,Los Angeles Reformulated RBOB Regular Gasoline Spot Price (Dollars per Gallon),2.057
2026-01-07,U.S. Gulf Coast Kerosene-Type Jet Fuel Spot Price FOB (Dollars per Gallon),1.821
2026-01-07,New York Harbor No. 2 Heating Oil Spot Price FOB (Dollars per Gallon),1.944
2026-01-07,New York Harbor Ultra-Low Sulfur No 2 Diesel Spot Price (Dollars per Gallon),2.091
2026-01-07,U.S. Gulf Coast Ultra-Low Sulfur No 2 Diesel Spot Price (Dollars per Gallon),1.946
2026-01-06,"Los Angeles, CA Ultra-Low Sulfur CARB Diesel Spot Price (Dollars per Gallon)",2.105
2026-01-06,WTI Crude,56.97
2026-01-06,Brent Crude,62.1
2026-01-06,"Mont Belvieu, TX Propane Spot Price FOB (Dollars per Gallon)",0.603
2026-01-06,New York Harbor Conventional Gasoline Regular Spot Price FOB (Dollars per Gallon),1.959
2026-01-06,U.S. Gulf Coast Conventional Gasoline Regular Spot Price FOB (Dollars per Gallon),1.939
2026-01-06,Los Angeles Reformulated RBOB Regular Gasoline Spot Price (Dollars per Gallon),2.161
2026-01-06,U.S. Gulf Coast Kerosene-Type Jet Fuel Spot Price FOB (Dollars per Gallon),1.835
2026-01-06,New York Harbor No. 2 Heating Oil Spot Price FOB (Dollars per Gallon),1.958
2026-01-06,New York Harbor Ultra-Low Sulfur No 2 Diesel Spot Price (Dollars per Gallon),2.105
2026-01-06,U.S. Gulf Coast Ultra-Low Sulfur No 2 Diesel Spot Price (Dollars per Gallon),1.958
2026-01-05,"Los Angeles, CA Ultra-Low Sulfur CARB Diesel Spot Price (Dollars per Gallon)",2.15
2026-01-05,WTI Crude,58.1
2026-01-05,Brent Crude,63.0
2026-01-05,"Mont Belvieu, TX Propane Spot Price FOB (Dollars per Gallon)",0.593
2026-01-05,New York Harbor Conventional Gasoline Regular Spot Price FOB (Dollars per Gallon),1.986
2026-01-05,U.S. Gulf Coast Conventional Gasoline Regular Spot Price FOB (Dollars per Gallon),1.966
2026-01-05,Los Angeles Reformulated RBOB Regular Gasoline Spot Price (Dollars per Gallon),2.238
2026-01-05,U.S. Gulf Coast Kerosene-Type Jet Fuel Spot Price FOB (Dollars per Gallon),1.88
2026-01-05,New York Harbor No. 2 Heating Oil Spot Price FOB (Dollars per Gallon),2.003
2026-01-05,New York Harbor Ultra-Low Sulfur No 2 Diesel Spot Price (Dollars per Gallon),2.15
2026-01-05,U.S. Gulf Coast Ultra-Low Sulfur No 2 Diesel Spot Price (Dollars per Gallon),2.003
2026-01-02,"Los Angeles, CA Ultra-Low Sulfur CARB Diesel Spot Price (Dollars per Gallon)",2.12
2026-01-02,WTI Crude,57.21
2026-01-02,Brent Crude,61.98
2026-01-02,New York Harbor Conventional Gasoline Regular Spot Price FOB (Dollars per Gallon),1.963
2026-01-02,U.S. Gulf Coast Conventional Gasoline Regular Spot Price FOB (Dollars per Gallon),1.953
2026-01-02,Los Angeles Reformulated RBOB Regular Gasoline Spot Price (Dollars per Gallon),2.215
2026-01-02,U.S. Gulf Coast Kerosene-Type Jet Fuel Spot Price FOB (Dollars per Gallon),1.877
2026-01-02,New York Harbor No. 2 Heating Oil Spot Price FOB (Dollars per Gallon),1.972
2026-01-02,New York Harbor Ultra-Low Sulfur No 2 Diesel Spot Price (Dollars per Gallon),2.12
2026-01-02,U.S. Gulf Coast Ultra-Low Sulfur No 2 Diesel Spot Price (Dollars per Gallon),1.965
2025-12-31,"Los Angeles, CA Ultra-Low Sulfur CARB Diesel Spot Price (Dollars per Gallon)",2.154
2025-12-31,WTI Crude,57.26
2025-12-31,Brent Crude,61.35
2025-12-31,"Mont Belvieu, TX Propane Spot Price FOB (Dollars per Gallon)",0.61
2025-12-31,New York Harbor Conventional Gasoline Regular Spot Price FOB (Dollars per Gallon),1.747
2025-12-31,U.S. Gulf Coast Conventional Gasoline Regular Spot Price FOB (Dollars per Gallon),1.737
2025-12-31,Los Angeles Reformulated RBOB Regular Gasoline Spot Price (Dollars per Gallon),2.0
2025-12-31,U.S. Gulf Coast Kerosene-Type Jet Fuel Spot Price FOB (Dollars per Gallon),1.911
2025-12-31,New York Harbor No. 2 Heating Oil Spot Price FOB (Dollars per Gallon),2.006
2025-12-31,New York Harbor Ultra-Low Sulfur No 2 Diesel Spot Price (Dollars per Gallon),2.154
2025-12-31,U.S. Gulf Coast Ultra-Low Sulfur No 2 Diesel Spot Price (Dollars per Gallon),1.999
2025-12-30,"Los Angeles, CA Ultra-Low Sulfur CARB Diesel Spot Price (Dollars per Gallon)",2.133
2025-12-30,WTI Crude,57.79
2025-12-30,Brent Crude,62.3
2025-12-30,"Mont Belvieu, TX Propane Spot Price FOB (Dollars per Gallon)",0.61
2025-12-30,New York Harbor Conventional Gasoline Regular Spot Price FOB (Dollars per Gallon),1.765
2025-12-30,U.S. Gulf Coast Conventional Gasoline Regular Spot Price FOB (Dollars per Gallon),1.785
2025-12-30,Los Angeles Reformulated RBOB Regular Gasoline Spot Price (Dollars per Gallon),1.807
2025-12-30,U.S. Gulf Coast Kerosene-Type Jet Fuel Spot Price FOB (Dollars per Gallon),1.933
2025-12-30,New York Harbor No. 2 Heating Oil Spot Price FOB (Dollars per Gallon),2.036
2025-12-30,New York Harbor Ultra-Low Sulfur No 2 Diesel Spot Price (Dollars per Gallon),2.183
2025-12-30,U.S. Gulf Coast Ultra-Low Sulfur No 2 Diesel Spot Price (Dollars per Gallon),2.031
2025-12-29,"Los Angeles, CA Ultra-Low Sulfur CARB Diesel Spot Price (Dollars per Gallon)",2.109
2025-12-29,WTI Crude,57.89
2025-12-29,Brent Crude,63.1
2025-12-29,"Mont Belvieu, TX Propane Spot Price FOB (Dollars per Gallon)",0.619
2025-12-29,New York Harbor Conventional Gasoline Regular Spot Price FOB (Dollars per Gallon),1.754
2025-12-29,U.S. Gulf Coast Conventional Gasoline Regular Spot Price FOB (Dollars per Gallon),1.759
2025-12-29,Los Angeles Reformulated RBOB Regular Gasoline Spot Price (Dollars per Gallon),1.791
2025-12-29,U.S. Gulf Coast Kerosene-Type Jet Fuel Spot Price FOB (Dollars per Gallon),1.909
2025-12-29,New York Harbor No. 2 Heating Oil Spot Price FOB (Dollars per Gallon),2.011
2025-12-29,New York Harbor Ultra-Low Sulfur No 2 Diesel Spot Price (Dollars per Gallon),2.159
2025-12-29,U.S. Gulf Coast Ultra-Low Sulfur No 2 Diesel Spot Price (Dollars per Gallon),1.999
2025-12-26,"Los Angeles, CA Ultra-Low Sulfur CARB Diesel Spot Price (Dollars per Gallon)",2.092
2025-12-26,WTI Crude,56.6
2025-12-26,New York Harbor Conventional Gasoline Regular Spot Price FOB (Dollars per Gallon),1.743
2025-12-26,U.S. Gulf Coast Conventional Gasoline Regular Spot Price FOB (Dollars per Gallon),1.748
2025-12-26,Los Angeles Reformulated RBOB Regular Gasoline Spot Price (Dollars per Gallon),1.78
2025-12-26,U.S. Gulf Coast Kerosene-Type Jet Fuel Spot Price FOB (Dollars per Gallon),1.892
2025-12-26,New York Harbor No. 2 Heating Oil Spot Price FOB (Dollars per Gallon),1.994
2025-12-26,New York Harbor Ultra-Low Sulfur No 2 Diesel Spot Price (Dollars per Gallon),2.142
2025-12-26,U.S. Gulf Coast Ultra-Low Sulfur No 2 Diesel Spot Price (Dollars per Gallon),1.982
2025-12-24,"Los Angeles, CA Ultra-Low Sulfur CARB Diesel Spot Price (Dollars per Gallon)",2.162
2025-12-24,WTI Crude,58.72
2025-12-24,Brent Crude,63.7
2025-12-24,"Mont Belvieu, TX Propane Spot Price FOB (Dollars per Gallon)",0.626
2025-12-24,New York Harbor Conventional Gasoline Regular Spot Price FOB (Dollars per Gallon),1.758
2025-12-24,U.S. Gulf Coast Conventional Gasoline Regular Spot Price FOB (Dollars per Gallon),1.763
2025-12-24,Los Angeles Reformulated RBOB Regular Gasoline Spot Price (Dollars per Gallon),1.795
2025-12-24,U.S. Gulf Coast Kerosene-Type Jet Fuel Spot Price FOB (Dollars per Gallon),1.962
2025-12-24,New York Harbor No. 2 Heating Oil Spot Price FOB (Dollars per Gallon),2.065
2025-12-24,New York Harbor Ultra-Low Sulfur No 2 Diesel Spot Price (Dollars per Gallon),2.212
2025-12-24,U.S. Gulf Coast Ultra-Low Sulfur No 2 Diesel Spot Price (Dollars per Gallon),2.052
2025-12-23,"Los Angeles, CA Ultra-Low Sulfur CARB Diesel Spot Price (Dollars per Gallon)",2.15
2025-12-23,WTI Crude,58.55
2025-12-23,Brent Crude,63.7
2025-12-23,"Mont Belvieu, TX Propane Spot Price FOB (Dollars per Gallon)",0.624
2025-12-23,New York Harbor Conventional Gasoline Regular Spot Price FOB (Dollars per Gallon),1.756
2025-12-23,U.S. Gulf Coast Conventional Gasoline Regular Spot Price FOB (Dollars per Gallon),1.709
2025-12-23,Los Angeles Reformulated RBOB Regular Gasoline Spot Price (Dollars per Gallon),1.829
2025-12-23,U.S. Gulf Coast Kerosene-Type Jet Fuel Spot Price FOB (Dollars per Gallon),1.995
2025-12-23,New York Harbor No. 2 Heating Oil Spot Price FOB (Dollars per Gallon),2.098
2025-12-23,New York Harbor Ultra-Low Sulfur No 2 Diesel Spot Price (Dollars per Gallon),2.245
2025-12-23,U.S. Gulf Coast Ultra-Low Sulfur No 2 Diesel Spot Price (Dollars per Gallon),2.083
2025-12-22,"Los Angeles, CA Ultra-Low Sulfur CARB Diesel Spot Price (Dollars per Gallon)",2.081
2025-12-22,WTI Crude,58.18
2025-12-22,Brent Crude,62.22
2025-12-22,"Mont Belvieu, TX Propane Spot Price FOB (Dollars per Gallon)",0.623
2025-12-22,New York Harbor Conventional Gasoline Regular Spot Price FOB (Dollars per Gallon),1.75
2025-12-22,U.S. Gulf Coast Conventional Gasoline Regular Spot Price FOB (Dollars per Gallon),1.695
2025-12-22,Los Angeles Reformulated RBOB Regular Gasoline Spot Price (Dollars per Gallon),1.813
2025-12-22,U.S. Gulf Coast Kerosene-Type Jet Fuel Spot Price FOB (Dollars per Gallon),1.949
2025-12-22,New York Harbor No. 2 Heating Oil Spot Price FOB (Dollars per Gallon),2.059
2025-12-22,New York Harbor Ultra-Low Sulfur No 2 Diesel Spot Price (Dollars per Gallon),2.206
2025-12-22,U.S. Gulf Coast Ultra-Low Sulfur No 2 Diesel Spot Price (Dollars per Gallon),2.049
2025-12-19,"Los Angeles, CA Ultra-Low Sulfur CARB Diesel Spot Price (Dollars per Gallon)",2.061
2025-12-19,WTI Crude,56.8
2025-12-19,Brent Crude,61.35
2025-12-19,"Mont Belvieu, TX Propane Spot Price FOB (Dollars per Gallon)",0.623
2025-12-19,New York Harbor Conventional Gasoline Regular Spot Price FOB (Dollars per Gallon),1.72
2025-12-19,U.S. Gulf Coast Conventional Gasoline Regular Spot Price FOB (Dollars per Gallon),1.732
2025-12-19,Los Angeles Reformulated RBOB Regular Gasoline Spot Price (Dollars per Gallon),1.762
2025-12-19,U.S. Gulf Coast Kerosene-Type Jet Fuel Spot Price FOB (Dollars per Gallon),1.853
2025-12-19,New York Harbor No. 2 Heating Oil Spot Price FOB (Dollars per Gallon),2.028
2025-12-19,New York Harbor Ultra-Low Sulfur No 2 Diesel Spot Price (Dollars per Gallon),2.176
2025-12-19,U.S. Gulf Coast Ultra-Low Sulfur No 2 Diesel Spot Price (Dollars per Gallon),1.971
2025-12-18,"Los Angeles, CA Ultra-Low Sulfur CARB Diesel Spot Price (Dollars per Gallon)",2.013
2025-12-18,WTI Crude,56.22
2025-12-18,Brent Crude,60.69
2025-12-18,"Mont Belvieu, TX Propane Spot Price FOB (Dollars per Gallon)",0.614
2025-12-18,New York Harbor Conventional Gasoline Regular Spot Price FOB (Dollars per Gallon),1.706
2025-12-18,U.S. Gulf Coast Conventional Gasoline Regular Spot Price FOB (Dollars per Gallon),1.684
2025-12-18,Los Angeles Reformulated RBOB Regular Gasoline Spot Price (Dollars per Gallon),1.699
2025-12-18,U.S. Gulf Coast Kerosene-Type Jet Fuel Spot Price FOB (Dollars per Gallon),1.861
2025-12-18,New York Harbor No. 2 Heating Oil Spot Price FOB (Dollars per Gallon),2.036
2025-12-18,New York Harbor Ultra-Low Sulfur No 2 Diesel Spot Price (Dollars per Gallon),2.183
2025-12-18,U.S. Gulf Coast Ultra-Low Sulfur No 2 Diesel Spot Price (Dollars per Gallon),1.98
2025-12-17,"Los Angeles, CA Ultra-Low Sulfur CARB Diesel Spot Price (Dollars per Gallon)",2.055
2025-12-17,WTI Crude,56.07
2025-12-17,Brent Crude,60.61
2025-12-17,"Mont Belvieu, TX Propane Spot Price FOB (Dollars per Gallon)",0.616
2025-12-17,New York Harbor Conventional Gasoline Regular Spot Price FOB (Dollars per Gallon),1.72
2025-12-17,U.S. Gulf Coast Conventional Gasoline Regular Spot Price FOB (Dollars per Gallon),1.678
2025-12-17,Los Angeles Reformulated RBOB Regular Gasoline Spot Price (Dollars per Gallon),1.672
2025-12-17,U.S. Gulf Coast Kerosene-Type Jet Fuel Spot Price FOB (Dollars per Gallon),1.915
2025-12-17,New York Harbor No. 2 Heating Oil Spot Price FOB (Dollars per Gallon),2.077
2025-12-17,New York Harbor Ultra-Low Sulfur No 2 Diesel Spot Price (Dollars per Gallon),2.225
2025-12-17,U.S. Gulf Coast Ultra-Low Sulfur No 2 Diesel Spot Price (Dollars per Gallon),2.022
2025-12-16,"Los Angeles, CA Ultra-Low Sulfur CARB Diesel Spot Price (Dollars per Gallon)",2.009
2025-12-16,WTI Crude,55.44
2025-12-16,Brent Crude,59.93
2025-12-16,"Mont Belvieu, TX Propane Spot Price FOB (Dollars per Gallon)",0.62
2025-12-16,New York Harbor Conventional Gasoline Regular Spot Price FOB (Dollars per Gallon),1.689
2025-12-16,U.S. Gulf Coast Conventional Gasoline Regular Spot Price FOB (Dollars per Gallon),1.649
2025-12-16,Los Angeles Reformulated RBOB Regular Gasoline Spot Price (Dollars per Gallon),1.682
2025-12-16,U.S. Gulf Coast Kerosene-Type Jet Fuel Spot Price FOB (Dollars per Gallon),1.867
2025-12-16,New York Harbor No. 2 Heating Oil Spot Price FOB (Dollars per Gallon),2.032
2025-12-16,New York Harbor Ultra-Low Sulfur No 2 Diesel Spot Price (Dollars per Gallon),2.179
2025-12-16,U.S. Gulf Coast Ultra-Low Sulfur No 2 Diesel Spot Price (Dollars per Gallon),1.974
2025-12-15,"Los Angeles, CA Ultra-Low Sulfur CARB Diesel Spot Price (Dollars per Gallon)",2.059
2025-12-15,WTI Crude,56.97
2025-12-15,Brent Crude,61.55
2025-12-15,"Mont Belvieu, TX Propane Spot Price FOB (Dollars per Gallon)",0.634
2025-12-15,New York Harbor Conventional Gasoline Regular Spot Price FOB (Dollars per Gallon),1.734
2025-12-15,U.S. Gulf Coast Conventional Gasoline Regular Spot Price FOB (Dollars per Gallon),1.694
2025-12-15,Los Angeles Reformulated RBOB Regular Gasoline Spot Price (Dollars per Gallon),1.726
2025-12-15,U.S. Gulf Coast Kerosene-Type Jet Fuel Spot Price FOB (Dollars per Gallon),1.916
2025-12-15,New York Harbor No. 2 Heating Oil Spot Price FOB (Dollars per Gallon),2.081
2025-12-15,New York Harbor Ultra-Low Sulfur No 2 Diesel Spot Price (Dollars per Gallon),2.229
2025-12-15,U.S. Gulf Coast Ultra-Low Sulfur No 2 Diesel Spot Price (Dollars per Gallon),2.024
2025-12-12,"Los Angeles, CA Ultra-Low Sulfur CARB Diesel Spot Price (Dollars per Gallon)",2.082
2025-12-12,WTI Crude,57.61
2025-12-12,Brent Crude,62.11
2025-12-12,"Mont Belvieu, TX Propane Spot Price FOB (Dollars per Gallon)",0.643
2025-12-12,New York Harbor Conventional Gasoline Regular Spot Price FOB (Dollars per Gallon),1.761
2025-12-12,U.S. Gulf Coast Conventional Gasoline Regular Spot Price FOB (Dollars per Gallon),1.721
2025-12-12,Los Angeles Reformulated RBOB Regular Gasoline Spot Price (Dollars per Gallon),1.753
2025-12-12,U.S. Gulf Coast Kerosene-Type Jet Fuel Spot Price FOB (Dollars per Gallon),1.939
2025-12-12,New York Harbor No. 2 Heating Oil Spot Price FOB (Dollars per Gallon),2.104
2025-12-12,New York Harbor Ultra-Low Sulfur No 2 Diesel Spot Price (Dollars per Gallon),2.252
2025-12-12,U.S. Gulf Coast Ultra-Low Sulfur No 2 Diesel Spot Price (Dollars per Gallon),2.047
2025-12-11,"Los Angeles, CA Ultra-Low Sulfur CARB Diesel Spot Price (Dollars per Gallon)",2.122
2025-12-11,WTI Crude,57.76
2025-12-11,Brent Crude,61.87
2025-12-11,"Mont Belvieu, TX Propane Spot Price FOB (Dollars per Gallon)",0.658
2025-12-11,New York Harbor Conventional Gasoline Regular Spot Price FOB (Dollars per Gallon),1.774
2025-12-11,U.S. Gulf Coast Conventional Gasoline Regular Spot Price FOB (Dollars per Gallon),1.766
2025-12-11,Los Angeles Reformulated RBOB Regular Gasoline Spot Price (Dollars per Gallon),1.721
2025-12-11,U.S. Gulf Coast Kerosene-Type Jet Fuel Spot Price FOB (Dollars per Gallon),1.972
2025-12-11,New York Harbor No. 2 Heating Oil Spot Price FOB (Dollars per Gallon),2.145
2025-12-11,New York Harbor Ultra-Low Sulfur No 2 Diesel Spot Price (Dollars per Gallon),2.292
2025-12-11,U.S. Gulf Coast Ultra-Low Sulfur No 2 Diesel Spot Price (Dollars per Gallon),2.09
2025-12-10,"Los Angeles, CA Ultra-Low Sulfur CARB Diesel Spot Price (Dollars per Gallon)",2.158
2025-12-10,WTI Crude,58.67
2025-12-10,Brent Crude,63.12
2025-12-10,"Mont Belvieu, TX Propane Spot Price FOB (Dollars per Gallon)",0.676
2025-12-10,New York Harbor Conventional Gasoline Regular Spot Price FOB (Dollars per Gallon),1.8
2025-12-10,U.S. Gulf Coast Conventional Gasoline Regular Spot Price FOB (Dollars per Gallon),1.798
2025-12-10,Los Angeles Reformulated RBOB Regular Gasoline Spot Price (Dollars per Gallon),1.733
2025-12-10,U.S. Gulf Coast Kerosene-Type Jet Fuel Spot Price FOB (Dollars per Gallon),2.013
2025-12-10,New York Harbor No. 2 Heating Oil Spot Price FOB (Dollars per Gallon),2.185
2025-12-10,New York Harbor Ultra-Low Sulfur No 2 Diesel Spot Price (Dollars per Gallon),2.333
2025-12-10,U.S. Gulf Coast Ultra-Low Sulfur No 2 Diesel Spot Price (Dollars per Gallon),2.133
2025-12-09,"Los Angeles, CA Ultra-Low Sulfur CARB Diesel Spot Price (Dollars per Gallon)",2.181
2025-12-09,WTI Crude,58.4
2025-12-09,Brent Crude,62.62
2025-12-09,"Mont Belvieu, TX Propane Spot Price FOB (Dollars per Gallon)",0.676
2025-12-09,New York Harbor Conventional Gasoline Regular Spot Price FOB (Dollars per Gallon),1.803
2025-12-09,U.S. Gulf Coast Conventional Gasoline Regular Spot Price FOB (Dollars per Gallon),1.801
2025-12-09,Los Angeles Reformulated RBOB Regular Gasoline Spot Price (Dollars per Gallon),1.776
2025-12-09,U.S. Gulf Coast Kerosene-Type Jet Fuel Spot Price FOB (Dollars per Gallon),1.996
2025-12-09,New York Harbor No. 2 Heating Oil Spot Price FOB (Dollars per Gallon),2.168
2025-12-09,New York Harbor Ultra-Low Sulfur No 2 Diesel Spot Price (Dollars per Gallon),2.316
2025-12-09,U.S. Gulf Coast Ultra-Low Sulfur No 2 Diesel Spot Price (Dollars per Gallon),2.116
2025-12-08,"Los Angeles, CA Ultra-Low Sulfur CARB Diesel Spot Price (Dollars per Gallon)",2.218
2025-12-08,WTI Crude,59.04
2025-12-08,Brent Crude,63.3
2025-12-08,"Mont Belvieu, TX Propane Spot Price FOB (Dollars per Gallon)",0.691
2025-12-08,New York Harbor Conventional Gasoline Regular Spot Price FOB (Dollars per Gallon),1.804
2025-12-08,U.S. Gulf Coast Conventional Gasoline Regular Spot Price FOB (Dollars per Gallon),1.802
2025-12-08,Los Angeles Reformulated RBOB Regular Gasoline Spot Price (Dollars per Gallon),1.797
2025-12-08,U.S. Gulf Coast Kerosene-Type Jet Fuel Spot Price FOB (Dollars per Gallon),2.028
2025-12-08,New York Harbor No. 2 Heating Oil Spot Price FOB (Dollars per Gallon),2.201
2025-12-08,New York Harbor Ultra-Low Sulfur No 2 Diesel Spot Price (Dollars per Gallon),2.348
2025-12-08,U.S. Gulf Coast Ultra-Low Sulfur No 2 Diesel Spot Price (Dollars per Gallon),2.155
2025-12-05,"Los Angeles, CA Ultra-Low Sulfur CARB Diesel Spot Price (Dollars per Gallon)",2.288
2025-12-05,WTI Crude,60.23
2025-12-05,Brent Crude,64.42
2025-12-05,"Mont Belvieu, TX Propane Spot Price FOB (Dollars per Gallon)",0.691
2025-12-05,New York Harbor Conventional Gasoline Regular Spot Price FOB (Dollars per Gallon),1.844
2025-12-05,U.S. Gulf Coast Conventional Gasoline Regular Spot Price FOB (Dollars per Gallon),1.854
2025-12-05,Los Angeles Reformulated RBOB Regular Gasoline Spot Price (Dollars per Gallon),1.836
2025-12-05,U.S. Gulf Coast Kerosene-Type Jet Fuel Spot Price FOB (Dollars per Gallon),2.098
2025-12-05,New York Harbor No. 2 Heating Oil Spot Price FOB (Dollars per Gallon),2.27
2025-12-05,New York Harbor Ultra-Low Sulfur No 2 Diesel Spot Price (Dollars per Gallon),2.418
2025-12-05,U.S. Gulf Coast Ultra-Low Sulfur No 2 Diesel Spot Price (Dollars per Gallon),2.21
2025-12-04,"Los Angeles, CA Ultra-Low Sulfur CARB Diesel Spot Price (Dollars per Gallon)",2.265
2025-12-04,WTI Crude,59.82
2025-12-04,Brent Crude,64.15
2025-12-04,"Mont Belvieu, TX Propane Spot Price FOB (Dollars per Gallon)",0.679
2025-12-04,New York Harbor Conventional Gasoline Regular Spot Price FOB (Dollars per Gallon),1.84
2025-12-04,U.S. Gulf Coast Conventional Gasoline Regular Spot Price FOB (Dollars per Gallon),1.81
2025-12-04,Los Angeles Reformulated RBOB Regular Gasoline Spot Price (Dollars per Gallon),1.832
2025-12-04,U.S. Gulf Coast Kerosene-Type Jet Fuel Spot Price FOB (Dollars per Gallon),2.05
2025-12-04,New York Harbor No. 2 Heating Oil Spot Price FOB (Dollars per Gallon),2.222
2025-12-04,New York Harbor Ultra-Low Sulfur No 2 Diesel Spot Price (Dollars per Gallon),2.37
2025-12-04,U.S. Gulf Coast Ultra-Low Sulfur No 2 Diesel Spot Price (Dollars per Gallon),2.167
2025-12-03,"Los Angeles, CA Ultra-Low Sulfur CARB Diesel Spot Price (Dollars per Gallon)",2.245
2025-12-03,WTI Crude,59.09
2025-12-03,Brent Crude,63.75
2025-12-03,"Mont Belvieu, TX Propane Spot Price FOB (Dollars per Gallon)",0.681
2025-12-03,New York Harbor Conventional Gasoline Regular Spot Price FOB (Dollars per Gallon),1.837
2025-12-03,U.S. Gulf Coast Conventional Gasoline Regular Spot Price FOB (Dollars per Gallon),1.804
2025-12-03,Los Angeles Reformulated RBOB Regular Gasoline Spot Price (Dollars per Gallon),1.829
2025-12-03,U.S. Gulf Coast Kerosene-Type Jet Fuel Spot Price FOB (Dollars per Gallon),2.03
2025-12-03,New York Harbor No. 2 Heating Oil Spot Price FOB (Dollars per Gallon),2.202
2025-12-03,New York Harbor Ultra-Low Sulfur No 2 Diesel Spot Price (Dollars per Gallon),2.35
2025-12-03,U.S. Gulf Coast Ultra-Low Sulfur No 2 Diesel Spot Price (Dollars per Gallon),2.14
2025-12-02,"Los Angeles, CA Ultra-Low Sulfur CARB Diesel Spot Price (Dollars per Gallon)",2.286
2025-12-02,WTI Crude,58.81
2025-12-02,Brent Crude,63.37
2025-12-02,"Mont Belvieu, TX Propane Spot Price FOB (Dollars per Gallon)",0.666
2025-12-02,New York Harbor Conventional Gasoline Regular Spot Price FOB (Dollars per Gallon),1.837
2025-12-02,U.S. Gulf Coast Conventional Gasoline Regular Spot Price FOB (Dollars per Gallon),1.857
2025-12-02,Los Angeles Reformulated RBOB Regular Gasoline Spot Price (Dollars per Gallon),1.89
2025-12-02,U.S. Gulf Coast Kerosene-Type Jet Fuel Spot Price FOB (Dollars per Gallon),2.051
2025-12-02,New York Harbor No. 2 Heating Oil Spot Price FOB (Dollars per Gallon),2.208
2025-12-02,New York Harbor Ultra-Low Sulfur No 2 Diesel Spot Price (Dollars per Gallon),2.356
2025-12-02,U.S. Gulf Coast Ultra-Low Sulfur No 2 Diesel Spot Price (Dollars per Gallon),2.143
2025-12-01,"Los Angeles, CA Ultra-Low Sulfur CARB Diesel Spot Price (Dollars per Gallon)",2.324
2025-12-01,WTI Crude,59.47
2025-12-01,Brent Crude,64.22
2025-12-01,"Mont Belvieu, TX Propane Spot Price FOB (Dollars per Gallon)",0.68
2025-12-01,New York Harbor Conventional Gasoline Regular Spot Price FOB (Dollars per Gallon),1.878
2025-12-01,U.S. Gulf Coast Conventional Gasoline Regular Spot Price FOB (Dollars per Gallon),1.858
2025-12-01,Los Angeles Reformulated RBOB Regular Gasoline Spot Price (Dollars per Gallon),1.931
2025-12-01,U.S. Gulf Coast Kerosene-Type Jet Fuel Spot Price FOB (Dollars per Gallon),2.089
2025-12-01,New York Harbor No. 2 Heating Oil Spot Price FOB (Dollars per Gallon),2.246
2025-12-01,New York Harbor Ultra-Low Sulfur No 2 Diesel Spot Price (Dollars per Gallon),2.394
2025-12-01,U.S. Gulf Coast Ultra-Low Sulfur No 2 Diesel Spot Price (Dollars per Gallon),2.219
2025-11-28,"Los Angeles, CA Ultra-Low Sulfur CARB Diesel Spot Price (Dollars per Gallon)",2.305
2025-11-28,WTI Crude,58.58
2025-11-28,Brent Crude,64.07
2025-11-28,New York Harbor Conventional Gasoline Regular Spot Price FOB (Dollars per Gallon),1.879
2025-11-28,U.S. Gulf Coast Conventional Gasoline Regular Spot Price FOB (Dollars per Gallon),1.809
2025-11-28,Los Angeles Reformulated RBOB Regular Gasoline Spot Price (Dollars per Gallon),1.961
2025-11-28,U.S. Gulf Coast Kerosene-Type Jet Fuel Spot Price FOB (Dollars per Gallon),2.05
2025-11-28,New York Harbor No. 2 Heating Oil Spot Price FOB (Dollars per Gallon),2.227
2025-11-28,New York Harbor Ultra-Low Sulfur No 2 Diesel Spot Price (Dollars per Gallon),2.375
2025-11-28,U.S. Gulf Coast Ultra-Low Sulfur No 2 Diesel Spot Price (Dollars per Gallon),2.18
2025-11-27,Brent Crude,64.18
2025-11-26,"Los Angeles, CA Ultra-Low Sulfur CARB Diesel Spot Price (Dollars per Gallon)",2.306
2025-11-26,WTI Crude,58.81
2025-11-26,Brent Crude,64.81
2025-11-26,"Mont Belvieu, TX Propane Spot Price FOB (Dollars per Gallon)",0.605
2025-11-26,New York Harbor Conventional Gasoline Regular Spot Price FOB (Dollars per Gallon),1.902
2025-11-26,U.S. Gulf Coast Conventional Gasoline Regular Spot Price FOB (Dollars per Gallon),1.815
2025-11-26,Los Angeles Reformulated RBOB Regular Gasoline Spot Price (Dollars per Gallon),2.074
2025-11-26,U.S. Gulf Coast Kerosene-Type Jet Fuel Spot Price FOB (Dollars per Gallon),2.048
2025-11-26,New York Harbor No. 2 Heating Oil Spot Price FOB (Dollars per Gallon),2.229
2025-11-26,New York Harbor Ultra-Low Sulfur No 2 Diesel Spot Price (Dollars per Gallon),2.376
2025-11-26,U.S. Gulf Coast Ultra-Low Sulfur No 2 Diesel Spot Price (Dollars per Gallon),2.178
2025-11-25,"Los Angeles, CA Ultra-Low Sulfur CARB Diesel Spot Price (Dollars per Gallon)",2.336
2025-11-25,WTI Crude,58.25
2025-11-25,Brent Crude,63.99
2025-11-25,"Mont Belvieu, TX Propane Spot Price FOB (Dollars per Gallon)",0.583
2025-11-25,New York Harbor Conventional Gasoline Regular Spot Price FOB (Dollars per Gallon),1.862
2025-11-25,U.S. Gulf Coast Conventional Gasoline Regular Spot Price FOB (Dollars per Gallon),1.774
2025-11-25,Los Angeles Reformulated RBOB Regular Gasoline Spot Price (Dollars per Gallon),2.034
2025-11-25,U.S. Gulf Coast Kerosene-Type Jet Fuel Spot Price FOB (Dollars per Gallon),2.068
2025-11-25,New York Harbor No. 2 Heating Oil Spot Price FOB (Dollars per Gallon),2.258
2025-11-25,New York Harbor Ultra-Low Sulfur No 2 Diesel Spot Price (Dollars per Gallon),2.406
2025-11-25,U.S. Gulf Coast Ultra-Low Sulfur No 2 Diesel Spot Price (Dollars per Gallon),2.23
2025-11-24,"Los Angeles, CA Ultra-Low Sulfur CARB Diesel Spot Price (Dollars per Gallon)",2.398
2025-11-24,WTI Crude,59.11
2025-11-24,Brent Crude,64.83
2025-11-24,"Mont Belvieu, TX Propane Spot Price FOB (Dollars per Gallon)",0.598
2025-11-24,New York Harbor Conventional Gasoline Regular Spot Price FOB (Dollars per Gallon),1.908
2025-11-24,U.S. Gulf Coast Conventional Gasoline Regular Spot Price FOB (Dollars per Gallon),1.891
2025-11-24,Los Angeles Reformulated RBOB Regular Gasoline Spot Price (Dollars per Gallon),2.081
2025-11-24,U.S. Gulf Coast Kerosene-Type Jet Fuel Spot Price FOB (Dollars per Gallon),2.123
2025-11-24,New York Harbor No. 2 Heating Oil Spot Price FOB (Dollars per Gallon),2.321
2025-11-24,New York Harbor Ultra-Low Sulfur No 2 Diesel Spot Price (Dollars per Gallon),2.468
2025-11-24,U.S. Gulf Coast Ultra-Low Sulfur No 2 Diesel Spot Price (Dollars per Gallon),2.318
2025-11-21,"Los Angeles, CA Ultra-Low Sulfur CARB Diesel Spot Price (Dollars per Gallon)",2.466
2025-11-21,WTI Crude,58.86
2025-11-21,Brent Crude,62.78
2025-11-21,"Mont Belvieu, TX Propane Spot Price FOB (Dollars per Gallon)",0.646
2025-11-21,New York Harbor Conventional Gasoline Regular Spot Price FOB (Dollars per Gallon),1.885
2025-11-21,U.S. Gulf Coast Conventional Gasoline Regular Spot Price FOB (Dollars per Gallon),1.849
2025-11-21,Los Angeles Reformulated RBOB Regular Gasoline Spot Price (Dollars per Gallon),2.087
2025-11-21,U.S. Gulf Coast Kerosene-Type Jet Fuel Spot Price FOB (Dollars per Gallon),2.127
2025-11-21,New York Harbor No. 2 Heating Oil Spot Price FOB (Dollars per Gallon),2.344
2025-11-21,New York Harbor Ultra-Low Sulfur No 2 Diesel Spot Price (Dollars per Gallon),2.491
2025-11-21,U.S. Gulf Coast Ultra-Low Sulfur No 2 Diesel Spot Price (Dollars per Gallon),2.312
2025-11-20,"Los Angeles, CA Ultra-Low Sulfur CARB Diesel Spot Price (Dollars per Gallon)",2.55
2025-11-20,WTI Crude,60.07
2025-11-20,Brent Crude,63.64
2025-11-20,"Mont Belvieu, TX Propane Spot Price FOB (Dollars per Gallon)",0.588
2025-11-20,New York Harbor Conventional Gasoline Regular Spot Price FOB (Dollars per Gallon),1.922
2025-11-20,U.S. Gulf Coast Conventional Gasoline Regular Spot Price FOB (Dollars per Gallon),1.987
2025-11-20,Los Angeles Reformulated RBOB Regular Gasoline Spot Price (Dollars per Gallon),2.125
2025-11-20,U.S. Gulf Coast Kerosene-Type Jet Fuel Spot Price FOB (Dollars per Gallon),2.265
2025-11-20,New York Harbor No. 2 Heating Oil Spot Price FOB (Dollars per Gallon),2.428
2025-11-20,New York Harbor Ultra-Low Sulfur No 2 Diesel Spot Price (Dollars per Gallon),2.575
2025-11-20,U.S. Gulf Coast Ultra-Low Sulfur No 2 Diesel Spot Price (Dollars per Gallon),2.455
2025-11-19,"Los Angeles, CA Ultra-Low Sulfur CARB Diesel Spot Price (Dollars per Gallon)",2.707
2025-11-19,WTI Crude,60.27
2025-11-19,Brent Crude,63.78
2025-11-19,"Mont Belvieu, TX Propane Spot Price FOB (Dollars per Gallon)",0.586
2025-11-19,New York Harbor Conventional Gasoline Regular Spot Price FOB (Dollars per Gallon),1.943
2025-11-19,U.S. Gulf Coast Conventional Gasoline Regular Spot Price FOB (Dollars per Gallon),1.945
2025-11-19,Los Angeles Reformulated RBOB Regular Gasoline Spot Price (Dollars per Gallon),2.235
2025-11-19,U.S. Gulf Coast Kerosene-Type Jet Fuel Spot Price FOB (Dollars per Gallon),2.462
2025-11-19,New York Harbor No. 2 Heating Oil Spot Price FOB (Dollars per Gallon),2.554
2025-11-19,New York Harbor Ultra-Low Sulfur No 2 Diesel Spot Price (Dollars per Gallon),2.702
2025-11-19,U.S. Gulf Coast Ultra-Low Sulfur No 2 Diesel Spot Price (Dollars per Gallon),2.542
2025-11-18,"Los Angeles, CA Ultra-Low Sulfur CARB Diesel Spot Price (Dollars per Gallon)",2.748
2025-11-18,WTI Crude,61.51
2025-11-18,Brent Crude,64.86
2025-11-18,"Mont Belvieu, TX Propane Spot Price FOB (Dollars per Gallon)",0.604
2025-11-18,New York Harbor Conventional Gasoline Regular Spot Price FOB (Dollars per Gallon),2.004
2025-11-18,U.S. Gulf Coast Conventional Gasoline Regular Spot Price FOB (Dollars per Gallon),2.006
2025-11-18,Los Angeles Reformulated RBOB Regular Gasoline Spot Price (Dollars per Gallon),2.296
2025-11-18,U.S. Gulf Coast Kerosene-Type Jet Fuel Spot Price FOB (Dollars per Gallon),2.503
2025-11-18,New York Harbor No. 2 Heating Oil Spot Price FOB (Dollars per Gallon),2.595
2025-11-18,New York Harbor Ultra-Low Sulfur No 2 Diesel Spot Price (Dollars per Gallon),2.743
2025-11-18,U.S. Gulf Coast Ultra-Low Sulfur No 2 Diesel Spot Price (Dollars per Gallon),2.583
2025-11-17,"Los Angeles, CA Ultra-Low Sulfur CARB Diesel Spot Price (Dollars per Gallon)",2.631
2025-11-17,WTI Crude,60.66
2025-11-17,Brent Crude,63.16
2025-11-17,"Mont Belvieu, TX Propane Spot Price FOB (Dollars per Gallon)",0.601
2025-11-17,New York Harbor Conventional Gasoline Regular Spot Price FOB (Dollars per Gallon),1.991
2025-11-17,U.S. Gulf Coast Conventional Gasoline Regular Spot Price FOB (Dollars per Gallon),1.994
2025-11-17,Los Angeles Reformulated RBOB Regular Gasoline Spot Price (Dollars per Gallon),2.284
2025-11-17,U.S. Gulf Coast Kerosene-Type Jet Fuel Spot Price FOB (Dollars per Gallon),2.351
2025-11-17,New York Harbor No. 2 Heating Oil Spot Price FOB (Dollars per Gallon),2.443
2025-11-17,New York Harbor Ultra-Low Sulfur No 2 Diesel Spot Price (Dollars per Gallon),2.591
2025-11-17,U.S. Gulf Coast Ultra-Low Sulfur No 2 Diesel Spot Price (Dollars per Gallon),2.431
2025-11-14,"Los Angeles, CA Ultra-Low Sulfur CARB Diesel Spot Price (Dollars per Gallon)",2.626
2025-11-14,WTI Crude,60.87
2025-11-14,Brent Crude,63.45
2025-11-14,"Mont Belvieu, TX Propane Spot Price FOB (Dollars per Gallon)",0.606
2025-11-14,New York Harbor Conventional Gasoline Regular Spot Price FOB (Dollars per Gallon),2.017
2025-11-14,U.S. Gulf Coast Conventional Gasoline Regular Spot Price FOB (Dollars per Gallon),2.035
2025-11-14,Los Angeles Reformulated RBOB Regular Gasoline Spot Price (Dollars per Gallon),2.31
2025-11-14,U.S. Gulf Coast Kerosene-Type Jet Fuel Spot Price FOB (Dollars per Gallon),2.346
2025-11-14,New York Harbor No. 2 Heating Oil Spot Price FOB (Dollars per Gallon),2.438
2025-11-14,New York Harbor Ultra-Low Sulfur No 2 Diesel Spot Price (Dollars per Gallon),2.586
2025-11-14,U.S. Gulf Coast Ultra-Low Sulfur No 2 Diesel Spot Price (Dollars per Gallon),2.418
2025-11-13,"Los Angeles, CA Ultra-Low Sulfur CARB Diesel Spot Price (Dollars per Gallon)",2.561
2025-11-13,WTI Crude,59.54
2025-11-13,Brent Crude,62.14
2025-11-13,"Mont Belvieu, TX Propane Spot Price FOB (Dollars per Gallon)",0.598
2025-11-13,New York Harbor Conventional Gasoline Regular Spot Price FOB (Dollars per Gallon),1.966
2025-11-13,U.S. Gulf Coast Conventional Gasoline Regular Spot Price FOB (Dollars per Gallon),1.983
2025-11-13,Los Angeles Reformulated RBOB Regular Gasoline Spot Price (Dollars per Gallon),2.258
2025-11-13,U.S. Gulf Coast Kerosene-Type Jet Fuel Spot Price FOB (Dollars per Gallon),2.281
2025-11-13,New York Harbor No. 2 Heating Oil Spot Price FOB (Dollars per Gallon),2.373
2025-11-13,New York Harbor Ultra-Low Sulfur No 2 Diesel Spot Price (Dollars per Gallon),2.521
2025-11-13,U.S. Gulf Coast Ultra-Low Sulfur No 2 Diesel Spot Price (Dollars per Gallon),2.351
2025-11-12,"Los Angeles, CA Ultra-Low Sulfur CARB Diesel Spot Price (Dollars per Gallon)",2.674
2025-11-12,WTI Crude,59.3
2025-11-12,Brent Crude,61.88
2025-11-12,"Mont Belvieu, TX Propane Spot Price FOB (Dollars per Gallon)",0.61
2025-11-12,New York Harbor Conventional Gasoline Regular Spot Price FOB (Dollars per Gallon),1.963
2025-11-12,U.S. Gulf Coast Conventional Gasoline Regular Spot Price FOB (Dollars per Gallon),1.981
2025-11-12,Los Angeles Reformulated RBOB Regular Gasoline Spot Price (Dollars per Gallon),2.296
2025-11-12,U.S. Gulf Coast Kerosene-Type Jet Fuel Spot Price FOB (Dollars per Gallon),2.289
2025-11-12,New York Harbor No. 2 Heating Oil Spot Price FOB (Dollars per Gallon),2.382
2025-11-12,New York Harbor Ultra-Low Sulfur No 2 Diesel Spot Price (Dollars per Gallon),2.529
2025-11-12,U.S. Gulf Coast Ultra-Low Sulfur No 2 Diesel Spot Price (Dollars per Gallon),2.372
2025-11-11,"Mont Belvieu, TX Propane Spot Price FOB (Dollars per Gallon)",0.623
2025-11-11,Brent Crude,63.86
2025-11-10,"Los Angeles, CA Ultra-Low Sulfur CARB Diesel Spot Price (Dollars per Gallon)",2.7
2025-11-10,WTI Crude,60.94
2025-11-10,Brent Crude,63.01
2025-11-10,"Mont Belvieu, TX Propane Spot Price FOB (Dollars per Gallon)",0.596
2025-11-10,New York Harbor Conventional Gasoline Regular Spot Price FOB (Dollars per Gallon),1.973
2025-11-10,U.S. Gulf Coast Conventional Gasoline Regular Spot Price FOB (Dollars per Gallon),1.99
2025-11-10,Los Angeles Reformulated RBOB Regular Gasoline Spot Price (Dollars per Gallon),2.49
2025-11-10,U.S. Gulf Coast Kerosene-Type Jet Fuel Spot Price FOB (Dollars per Gallon),2.31
2025-11-10,New York Harbor No. 2 Heating Oil Spot Price FOB (Dollars per Gallon),2.403
2025-11-10,New York Harbor Ultra-Low Sulfur No 2 Diesel Spot Price (Dollars per Gallon),2.55
2025-11-10,U.S. Gulf Coast Ultra-Low Sulfur No 2 Diesel Spot Price (Dollars per Gallon),2.4
2025-11-07,"Los Angeles, CA Ultra-Low Sulfur CARB Diesel Spot Price (Dollars per Gallon)",2.683
2025-11-07,WTI Crude,60.54
2025-11-07,Brent Crude,63.72
2025-11-07,"Mont Belvieu, TX Propane Spot Price FOB (Dollars per Gallon)",0.629
2025-11-07,New York Harbor Conventional Gasoline Regular Spot Price FOB (Dollars per Gallon),1.952
2025-11-07,U.S. Gulf Coast Conventional Gasoline Regular Spot Price FOB (Dollars per Gallon),1.994
2025-11-07,Los Angeles Reformulated RBOB Regular Gasoline Spot Price (Dollars per Gallon),2.794
2025-11-07,U.S. Gulf Coast Kerosene-Type Jet Fuel Spot Price FOB (Dollars per Gallon),2.293
2025-11-07,New York Harbor No. 2 Heating Oil Spot Price FOB (Dollars per Gallon),2.386
2025-11-07,New York Harbor Ultra-Low Sulfur No 2 Diesel Spot Price (Dollars per Gallon),2.533
2025-11-07,U.S. Gulf Coast Ultra-Low Sulfur No 2 Diesel Spot Price (Dollars per Gallon),2.391
2025-11-06,"Los Angeles, CA Ultra-Low Sulfur CARB Diesel Spot Price (Dollars per Gallon)",2.701
2025-11-06,WTI Crude,60.24
2025-11-06,Brent Crude,63.41
2025-11-06,"Mont Belvieu, TX Propane Spot Price FOB (Dollars per Gallon)",0.58
2025-11-06,New York Harbor Conventional Gasoline Regular Spot Price FOB (Dollars per Gallon),1.968
2025-11-06,U.S. Gulf Coast Conventional Gasoline Regular Spot Price FOB (Dollars per Gallon),2.011
2025-11-06,Los Angeles Reformulated RBOB Regular Gasoline Spot Price (Dollars per Gallon),2.811
2025-11-06,U.S. Gulf Coast Kerosene-Type Jet Fuel Spot Price FOB (Dollars per Gallon),2.311
2025-11-06,New York Harbor No. 2 Heating Oil Spot Price FOB (Dollars per Gallon),2.403
2025-11-06,New York Harbor Ultra-Low Sulfur No 2 Diesel Spot Price (Dollars per Gallon),2.551
2025-11-06,U.S. Gulf Coast Ultra-Low Sulfur No 2 Diesel Spot Price (Dollars per Gallon),2.408
2025-11-05,"Los Angeles, CA Ultra-Low Sulfur CARB Diesel Spot Price (Dollars per Gallon)",2.63
2025-11-05,WTI Crude,60.4
2025-11-05,Brent Crude,63.54
2025-11-05,"Mont Belvieu, TX Propane Spot Price FOB (Dollars per Gallon)",0.589
2025-11-05,New York Harbor Conventional Gasoline Regular Spot Price FOB (Dollars per Gallon),1.919
2025-11-05,U.S. Gulf Coast Conventional Gasoline Regular Spot Price FOB (Dollars per Gallon),1.952
2025-11-05,Los Angeles Reformulated RBOB Regular Gasoline Spot Price (Dollars per Gallon),2.772
2025-11-05,U.S. Gulf Coast Kerosene-Type Jet Fuel Spot Price FOB (Dollars per Gallon),2.278
2025-11-05,New York Harbor No. 2 Heating Oil Spot Price FOB (Dollars per Gallon),2.333
2025-11-05,New York Harbor Ultra-Low Sulfur No 2 Diesel Spot Price (Dollars per Gallon),2.48
2025-11-05,U.S. Gulf Coast Ultra-Low Sulfur No 2 Diesel Spot Price (Dollars per Gallon),2.338
2025-11-04,"Los Angeles, CA Ultra-Low Sulfur CARB Diesel Spot Price (Dollars per Gallon)",2.538
2025-11-04,WTI Crude,61.38
2025-11-04,Brent Crude,65.04
2025-11-04,"Mont Belvieu, TX Propane Spot Price FOB (Dollars per Gallon)",0.608
2025-11-04,New York Harbor Conventional Gasoline Regular Spot Price FOB (Dollars per Gallon),1.925
2025-11-04,U.S. Gulf Coast Conventional Gasoline Regular Spot Price FOB (Dollars per Gallon),1.97
2025-11-04,Los Angeles Reformulated RBOB Regular Gasoline Spot Price (Dollars per Gallon),2.573
2025-11-04,U.S. Gulf Coast Kerosene-Type Jet Fuel Spot Price FOB (Dollars per Gallon),2.286
2025-11-04,New York Harbor No. 2 Heating Oil Spot Price FOB (Dollars per Gallon),2.341
2025-11-04,New York Harbor Ultra-Low Sulfur No 2 Diesel Spot Price (Dollars per Gallon),2.488
2025-11-04,U.S. Gulf Coast Ultra-Low Sulfur No 2 Diesel Spot Price (Dollars per Gallon),2.356
2025-11-03,"Los Angeles, CA Ultra-Low Sulfur CARB Diesel Spot Price (Dollars per Gallon)",2.506
2025-11-03,WTI Crude,61.79
2025-11-03,Brent Crude,65.79
2025-11-03,"Mont Belvieu, TX Propane Spot Price FOB (Dollars per Gallon)",0.635
2025-11-03,New York Harbor Conventional Gasoline Regular Spot Price FOB (Dollars per Gallon),1.923
2025-11-03,U.S. Gulf Coast Conventional Gasoline Regular Spot Price FOB (Dollars per Gallon),1.946
2025-11-03,Los Angeles Reformulated RBOB Regular Gasoline Spot Price (Dollars per Gallon),2.571
2025-11-03,U.S. Gulf Coast Kerosene-Type Jet Fuel Spot Price FOB (Dollars per Gallon),2.254
2025-11-03,New York Harbor No. 2 Heating Oil Spot Price FOB (Dollars per Gallon),2.309
2025-11-03,New York Harbor Ultra-Low Sulfur No 2 Diesel Spot Price (Dollars per Gallon),2.456
2025-11-03,U.S. Gulf Coast Ultra-Low Sulfur No 2 Diesel Spot Price (Dollars per Gallon),2.324
2025-10-31,"Los Angeles, CA Ultra-Low Sulfur CARB Diesel Spot Price (Dollars per Gallon)",2.527
2025-10-31,WTI Crude,61.75
2025-10-31,Brent Crude,65.44
2025-10-31,"Mont Belvieu, TX Propane Spot Price FOB (Dollars per Gallon)",0.648
2025-10-31,New York Harbor Conventional Gasoline Regular Spot Price FOB (Dollars per Gallon),1.904
2025-10-31,U.S. Gulf Coast Conventional Gasoline Regular Spot Price FOB (Dollars per Gallon),1.906
2025-10-31,Los Angeles Reformulated RBOB Regular Gasoline Spot Price (Dollars per Gallon),2.525
2025-10-31,U.S. Gulf Coast Kerosene-Type Jet Fuel Spot Price FOB (Dollars per Gallon),2.245
2025-10-31,New York Harbor No. 2 Heating Oil Spot Price FOB (Dollars per Gallon),2.3
2025-10-31,New York Harbor Ultra-Low Sulfur No 2 Diesel Spot Price (Dollars per Gallon),2.447
2025-10-31,U.S. Gulf Coast Ultra-Low Sulfur No 2 Diesel Spot Price (Dollars per Gallon),2.315
2025-10-30,"Los Angeles, CA Ultra-Low Sulfur CARB Diesel Spot Price (Dollars per Gallon)",2.495
2025-10-30,WTI Crude,61.36
2025-10-30,Brent Crude,65.11
2025-10-30,"Mont Belvieu, TX Propane Spot Price FOB (Dollars per Gallon)",0.651
2025-10-30,New York Harbor Conventional Gasoline Regular Spot Price FOB (Dollars per Gallon),1.998
2025-10-30,U.S. Gulf Coast Conventional Gasoline Regular Spot Price FOB (Dollars per Gallon),1.922
2025-10-30,Los Angeles Reformulated RBOB Regular Gasoline Spot Price (Dollars per Gallon),2.75
2025-10-30,U.S. Gulf Coast Kerosene-Type Jet Fuel Spot Price FOB (Dollars per Gallon),2.256
2025-10-30,New York Harbor No. 2 Heating Oil Spot Price FOB (Dollars per Gallon),2.328
2025-10-30,New York Harbor Ultra-Low Sulfur No 2 Diesel Spot Price (Dollars per Gallon),2.475
2025-10-30,U.S. Gulf Coast Ultra-Low Sulfur No 2 Diesel Spot Price (Dollars per Gallon),2.318
2025-10-29,"Los Angeles, CA Ultra-Low Sulfur CARB Diesel Spot Price (Dollars per Gallon)",2.556
2025-10-29,WTI Crude,61.26
2025-10-29,Brent Crude,65.01
2025-10-29,"Mont Belvieu, TX Propane Spot Price FOB (Dollars per Gallon)",0.65
2025-10-29,New York Harbor Conventional Gasoline Regular Spot Price FOB (Dollars per Gallon),1.98
2025-10-29,U.S. Gulf Coast Conventional Gasoline Regular Spot Price FOB (Dollars per Gallon),1.929
2025-10-29,Los Angeles Reformulated RBOB Regular Gasoline Spot Price (Dollars per Gallon),2.428
2025-10-29,U.S. Gulf Coast Kerosene-Type Jet Fuel Spot Price FOB (Dollars per Gallon),2.256
2025-10-29,New York Harbor No. 2 Heating Oil Spot Price FOB (Dollars per Gallon),2.323
2025-10-29,New York Harbor Ultra-Low Sulfur No 2 Diesel Spot Price (Dollars per Gallon),2.471
2025-10-29,U.S. Gulf Coast Ultra-Low Sulfur No 2 Diesel Spot Price (Dollars per Gallon),2.318
2025-10-28,"Los Angeles, CA Ultra-Low Sulfur CARB Diesel Spot Price (Dollars per Gallon)",2.503
2025-10-28,WTI Crude,60.97
2025-10-28,Brent Crude,64.03
2025-10-28,"Mont Belvieu, TX Propane Spot Price FOB (Dollars per Gallon)",0.648
2025-10-28,New York Harbor Conventional Gasoline Regular Spot Price FOB (Dollars per Gallon),1.926
2025-10-28,U.S. Gulf Coast Conventional Gasoline Regular Spot Price FOB (Dollars per Gallon),1.847
2025-10-28,Los Angeles Reformulated RBOB Regular Gasoline Spot Price (Dollars per Gallon),2.268
2025-10-28,U.S. Gulf Coast Kerosene-Type Jet Fuel Spot Price FOB (Dollars per Gallon),2.25
2025-10-28,New York Harbor No. 2 Heating Oil Spot Price FOB (Dollars per Gallon),2.271
2025-10-28,New York Harbor Ultra-Low Sulfur No 2 Diesel Spot Price (Dollars per Gallon),2.418
2025-10-28,U.S. Gulf Coast Ultra-Low Sulfur No 2 Diesel Spot Price (Dollars per Gallon),2.268
2025-10-27,"Los Angeles, CA Ultra-Low Sulfur CARB Diesel Spot Price (Dollars per Gallon)",2.578
2025-10-27,WTI Crude,62.13
2025-10-27,Brent Crude,65.52
2025-10-27,"Mont Belvieu, TX Propane Spot Price FOB (Dollars per Gallon)",0.674
2025-10-27,New York Harbor Conventional Gasoline Regular Spot Price FOB (Dollars per Gallon),1.936
2025-10-27,U.S. Gulf Coast Conventional Gasoline Regular Spot Price FOB (Dollars per Gallon),1.867
2025-10-27,Los Angeles Reformulated RBOB Regular Gasoline Spot Price (Dollars per Gallon),2.268
2025-10-27,U.S. Gulf Coast Kerosene-Type Jet Fuel Spot Price FOB (Dollars per Gallon),2.322
2025-10-27,New York Harbor No. 2 Heating Oil Spot Price FOB (Dollars per Gallon),2.345
2025-10-27,New York Harbor Ultra-Low Sulfur No 2 Diesel Spot Price (Dollars per Gallon),2.493
2025-10-27,U.S. Gulf Coast Ultra-Low Sulfur No 2 Diesel Spot Price (Dollars per Gallon),2.339
2025-10-24,"Los Angeles, CA Ultra-Low Sulfur CARB Diesel Spot Price (Dollars per Gallon)",2.532
2025-10-24,WTI Crude,62.27
2025-10-24,Brent Crude,65.8
2025-10-24,"Mont Belvieu, TX Propane Spot Price FOB (Dollars per Gallon)",0.664
2025-10-24,New York Harbor Conventional Gasoline Regular Spot Price FOB (Dollars per Gallon),1.925
2025-10-24,U.S. Gulf Coast Conventional Gasoline Regular Spot Price FOB (Dollars per Gallon),1.848
2025-10-24,Los Angeles Reformulated RBOB Regular Gasoline Spot Price (Dollars per Gallon),2.188
2025-10-24,U.S. Gulf Coast Kerosene-Type Jet Fuel Spot Price FOB (Dollars per Gallon),2.277
2025-10-24,New York Harbor No. 2 Heating Oil Spot Price FOB (Dollars per Gallon),2.299
2025-10-24,New York Harbor Ultra-Low Sulfur No 2 Diesel Spot Price (Dollars per Gallon),2.447
2025-10-24,U.S. Gulf Coast Ultra-Low Sulfur No 2 Diesel Spot Price (Dollars per Gallon),2.297
2025-10-23,"Los Angeles, CA Ultra-Low Sulfur CARB Diesel Spot Price (Dollars per Gallon)",2.523
2025-10-23,WTI Crude,62.44
2025-10-23,Brent Crude,66.32
2025-10-23,"Mont Belvieu, TX Propane Spot Price FOB (Dollars per Gallon)",0.64
2025-10-23,New York Harbor Conventional Gasoline Regular Spot Price FOB (Dollars per Gallon),1.931
2025-10-23,U.S. Gulf Coast Conventional Gasoline Regular Spot Price FOB (Dollars per Gallon),1.959
2025-10-23,Los Angeles Reformulated RBOB Regular Gasoline Spot Price (Dollars per Gallon),2.194
2025-10-23,U.S. Gulf Coast Kerosene-Type Jet Fuel Spot Price FOB (Dollars per Gallon),2.265
2025-10-23,New York Harbor No. 2 Heating Oil Spot Price FOB (Dollars per Gallon),2.291
2025-10-23,New York Harbor Ultra-Low Sulfur No 2 Diesel Spot Price (Dollars per Gallon),2.438
2025-10-23,U.S. Gulf Coast Ultra-Low Sulfur No 2 Diesel Spot Price (Dollars per Gallon),2.285
2025-10-22,"Los Angeles, CA Ultra-Low Sulfur CARB Diesel Spot Price (Dollars per Gallon)",2.416
2025-10-22,WTI Crude,59.3
2025-10-22,Brent Crude,62.28
2025-10-22,"Mont Belvieu, TX Propane Spot Price FOB (Dollars per Gallon)",0.619
2025-10-22,New York Harbor Conventional Gasoline Regular Spot Price FOB (Dollars per Gallon),1.888
2025-10-22,U.S. Gulf Coast Conventional Gasoline Regular Spot Price FOB (Dollars per Gallon),1.914
2025-10-22,Los Angeles Reformulated RBOB Regular Gasoline Spot Price (Dollars per Gallon),2.175
2025-10-22,U.S. Gulf Coast Kerosene-Type Jet Fuel Spot Price FOB (Dollars per Gallon),2.163
2025-10-22,New York Harbor No. 2 Heating Oil Spot Price FOB (Dollars per Gallon),2.183
2025-10-22,New York Harbor Ultra-Low Sulfur No 2 Diesel Spot Price (Dollars per Gallon),2.331
2025-10-22,U.S. Gulf Coast Ultra-Low Sulfur No 2 Diesel Spot Price (Dollars per Gallon),2.179
2025-10-21,"Los Angeles, CA Ultra-Low Sulfur CARB Diesel Spot Price (Dollars per Gallon)",2.347
2025-10-21,WTI Crude,58.66
2025-10-21,Brent Crude,61.0
2025-10-21,"Mont Belvieu, TX Propane Spot Price FOB (Dollars per Gallon)",0.604
2025-10-21,New York Harbor Conventional Gasoline Regular Spot Price FOB (Dollars per Gallon),1.84
2025-10-21,U.S. Gulf Coast Conventional Gasoline Regular Spot Price FOB (Dollars per Gallon),1.884
2025-10-21,Los Angeles Reformulated RBOB Regular Gasoline Spot Price (Dollars per Gallon),2.143
2025-10-21,U.S. Gulf Coast Kerosene-Type Jet Fuel Spot Price FOB (Dollars per Gallon),2.097
2025-10-21,New York Harbor No. 2 Heating Oil Spot Price FOB (Dollars per Gallon),2.115
2025-10-21,New York Harbor Ultra-Low Sulfur No 2 Diesel Spot Price (Dollars per Gallon),2.262
2025-10-21,U.S. Gulf Coast Ultra-Low Sulfur No 2 Diesel Spot Price (Dollars per Gallon),2.113
2025-10-20,"Los Angeles, CA Ultra-Low Sulfur CARB Diesel Spot Price (Dollars per Gallon)",2.388
2025-10-20,WTI Crude,58.34
2025-10-20,Brent Crude,60.71
2025-10-20,"Mont Belvieu, TX Propane Spot Price FOB (Dollars per Gallon)",0.581
2025-10-20,New York Harbor Conventional Gasoline Regular Spot Price FOB (Dollars per Gallon),1.837
2025-10-20,U.S. Gulf Coast Conventional Gasoline Regular Spot Price FOB (Dollars per Gallon),1.88
2025-10-20,Los Angeles Reformulated RBOB Regular Gasoline Spot Price (Dollars per Gallon),2.09
2025-10-20,U.S. Gulf Coast Kerosene-Type Jet Fuel Spot Price FOB (Dollars per Gallon),2.093
2025-10-20,New York Harbor No. 2 Heating Oil Spot Price FOB (Dollars per Gallon),2.09
2025-10-20,New York Harbor Ultra-Low Sulfur No 2 Diesel Spot Price (Dollars per Gallon),2.238
2025-10-20,U.S. Gulf Coast Ultra-Low Sulfur No 2 Diesel Spot Price (Dollars per Gallon),2.096
2025-10-17,"Los Angeles, CA Ultra-Low Sulfur CARB Diesel Spot Price (Dollars per Gallon)",2.379
2025-10-17,WTI Crude,58.3
2025-10-17,Brent Crude,61.23
2025-10-17,"Mont Belvieu, TX Propane Spot Price FOB (Dollars per Gallon)",0.596
2025-10-17,New York Harbor Conventional Gasoline Regular Spot Price FOB (Dollars per Gallon),1.841
2025-10-17,U.S. Gulf Coast Conventional Gasoline Regular Spot Price FOB (Dollars per Gallon),1.899
2025-10-17,Los Angeles Reformulated RBOB Regular Gasoline Spot Price (Dollars per Gallon),2.214
2025-10-17,U.S. Gulf Coast Kerosene-Type Jet Fuel Spot Price FOB (Dollars per Gallon),2.084
2025-10-17,New York Harbor No. 2 Heating Oil Spot Price FOB (Dollars per Gallon),2.081
2025-10-17,New York Harbor Ultra-Low Sulfur No 2 Diesel Spot Price (Dollars per Gallon),2.229
2025-10-17,U.S. Gulf Coast Ultra-Low Sulfur No 2 Diesel Spot Price (Dollars per Gallon),2.115
2025-10-16,"Los Angeles, CA Ultra-Low Sulfur CARB Diesel Spot Price (Dollars per Gallon)",2.326
2025-10-16,WTI Crude,58.29
2025-10-16,Brent Crude,61.08
2025-10-16,"Mont Belvieu, TX Propane Spot Price FOB (Dollars per Gallon)",0.604
2025-10-16,New York Harbor Conventional Gasoline Regular Spot Price FOB (Dollars per Gallon),1.826
2025-10-16,U.S. Gulf Coast Conventional Gasoline Regular Spot Price FOB (Dollars per Gallon),1.878
2025-10-16,Los Angeles Reformulated RBOB Regular Gasoline Spot Price (Dollars per Gallon),2.318
2025-10-16,U.S. Gulf Coast Kerosene-Type Jet Fuel Spot Price FOB (Dollars per Gallon),2.061
2025-10-16,New York Harbor No. 2 Heating Oil Spot Price FOB (Dollars per Gallon),2.058
2025-10-16,New York Harbor Ultra-Low Sulfur No 2 Diesel Spot Price (Dollars per Gallon),2.206
2025-10-16,U.S. Gulf Coast Ultra-Low Sulfur No 2 Diesel Spot Price (Dollars per Gallon),2.096
2025-10-15,"Los Angeles, CA Ultra-Low Sulfur CARB Diesel Spot Price (Dollars per Gallon)",2.29
2025-10-15,WTI Crude,59.08
2025-10-15,Brent Crude,62.33
2025-10-15,"Mont Belvieu, TX Propane Spot Price FOB (Dollars per Gallon)",0.62
2025-10-15,New York Harbor Conventional Gasoline Regular Spot Price FOB (Dollars per Gallon),1.854
2025-10-15,U.S. Gulf Coast Conventional Gasoline Regular Spot Price FOB (Dollars per Gallon),1.906
2025-10-15,Los Angeles Reformulated RBOB Regular Gasoline Spot Price (Dollars per Gallon),2.336
2025-10-15,U.S. Gulf Coast Kerosene-Type Jet Fuel Spot Price FOB (Dollars per Gallon),2.095
2025-10-15,New York Harbor No. 2 Heating Oil Spot Price FOB (Dollars per Gallon),2.093
2025-10-15,New York Harbor Ultra-Low Sulfur No 2 Diesel Spot Price (Dollars per Gallon),2.24
2025-10-15,U.S. Gulf Coast Ultra-Low Sulfur No 2 Diesel Spot Price (Dollars per Gallon),2.13
2025-10-14,"Los Angeles, CA Ultra-Low Sulfur CARB Diesel Spot Price (Dollars per Gallon)",2.3
2025-10-14,WTI Crude,59.52
2025-10-14,Brent Crude,63.0
2025-10-14,"Mont Belvieu, TX Propane Spot Price FOB (Dollars per Gallon)",0.61
2025-10-14,New York Harbor Conventional Gasoline Regular Spot Price FOB (Dollars per Gallon),1.836
2025-10-14,U.S. Gulf Coast Conventional Gasoline Regular Spot Price FOB (Dollars per Gallon),1.941
2025-10-14,Los Angeles Reformulated RBOB Regular Gasoline Spot Price (Dollars per Gallon),2.318
2025-10-14,U.S. Gulf Coast Kerosene-Type Jet Fuel Spot Price FOB (Dollars per Gallon),2.105
2025-10-14,New York Harbor No. 2 Heating Oil Spot Price FOB (Dollars per Gallon),2.103
2025-10-14,New York Harbor Ultra-Low Sulfur No 2 Diesel Spot Price (Dollars per Gallon),2.25
2025-10-14,U.S. Gulf Coast Ultra-Low Sulfur No 2 Diesel Spot Price (Dollars per Gallon),2.138
2025-10-13,"Mont Belvieu, TX Propane Spot Price FOB (Dollars per Gallon)",0.624
2025-10-13,Brent Crude,64.15
2025-10-10,"Los Angeles, CA Ultra-Low Sulfur CARB Diesel Spot Price (Dollars per Gallon)",2.301
2025-10-10,WTI Crude,59.75
2025-10-10,Brent Crude,64.41
2025-10-10,"Mont Belvieu, TX Propane Spot Price FOB (Dollars per Gallon)",0.611
2025-10-10,New York Harbor Conventional Gasoline Regular Spot Price FOB (Dollars per Gallon),1.827
2025-10-10,U.S. Gulf Coast Conventional Gasoline Regular Spot Price FOB (Dollars per Gallon),1.922
2025-10-10,Los Angeles Reformulated RBOB Regular Gasoline Spot Price (Dollars per Gallon),2.3
2025-10-10,U.S. Gulf Coast Kerosene-Type Jet Fuel Spot Price FOB (Dollars per Gallon),2.106
2025-10-10,New York Harbor No. 2 Heating Oil Spot Price FOB (Dollars per Gallon),2.104
2025-10-10,New York Harbor Ultra-Low Sulfur No 2 Diesel Spot Price (Dollars per Gallon),2.251
2025-10-10,U.S. Gulf Coast Ultra-Low Sulfur No 2 Diesel Spot Price (Dollars per Gallon),2.141
2025-10-09,"Los Angeles, CA Ultra-Low Sulfur CARB Diesel Spot Price (Dollars per Gallon)",2.375
2025-10-09,WTI Crude,62.36
2025-10-09,Brent Crude,67.23
2025-10-09,"Mont Belvieu, TX Propane Spot Price FOB (Dollars per Gallon)",0.649
2025-10-09,New York Harbor Conventional Gasoline Regular Spot Price FOB (Dollars per Gallon),1.884
2025-10-09,U.S. Gulf Coast Conventional Gasoline Regular Spot Price FOB (Dollars per Gallon),1.979
2025-10-09,Los Angeles Reformulated RBOB Regular Gasoline Spot Price (Dollars per Gallon),2.357
2025-10-09,U.S. Gulf Coast Kerosene-Type Jet Fuel Spot Price FOB (Dollars per Gallon),2.18
2025-10-09,New York Harbor No. 2 Heating Oil Spot Price FOB (Dollars per Gallon),2.177
2025-10-09,New York Harbor Ultra-Low Sulfur No 2 Diesel Spot Price (Dollars per Gallon),2.325
2025-10-09,U.S. Gulf Coast Ultra-Low Sulfur No 2 Diesel Spot Price (Dollars per Gallon),2.217
2025-10-08,"Los Angeles, CA Ultra-Low Sulfur CARB Diesel Spot Price (Dollars per Gallon)",2.478
2025-10-08,WTI Crude,63.37
2025-10-08,Brent Crude,67.42
2025-10-08,"Mont Belvieu, TX Propane Spot Price FOB (Dollars per Gallon)",0.644
2025-10-08,New York Harbor Conventional Gasoline Regular Spot Price FOB (Dollars per Gallon),1.913
2025-10-08,U.S. Gulf Coast Conventional Gasoline Regular Spot Price FOB (Dollars per Gallon),2.008
2025-10-08,Los Angeles Reformulated RBOB Regular Gasoline Spot Price (Dollars per Gallon),2.506
2025-10-08,U.S. Gulf Coast Kerosene-Type Jet Fuel Spot Price FOB (Dollars per Gallon),2.193
2025-10-08,New York Harbor No. 2 Heating Oil Spot Price FOB (Dollars per Gallon),2.191
2025-10-08,New York Harbor Ultra-Low Sulfur No 2 Diesel Spot Price (Dollars per Gallon),2.338
2025-10-08,U.S. Gulf Coast Ultra-Low Sulfur No 2 Diesel Spot Price (Dollars per Gallon),2.23
2025-10-07,"Los Angeles, CA Ultra-Low Sulfur CARB Diesel Spot Price (Dollars per Gallon)",2.467
2025-10-07,WTI Crude,62.52
2025-10-07,Brent Crude,67.1
2025-10-07,"Mont Belvieu, TX Propane Spot Price FOB (Dollars per Gallon)",0.663
2025-10-07,New York Harbor Conventional Gasoline Regular Spot Price FOB (Dollars per Gallon),1.912
2025-10-07,U.S. Gulf Coast Conventional Gasoline Regular Spot Price FOB (Dollars per Gallon),2.007
2025-10-07,Los Angeles Reformulated RBOB Regular Gasoline Spot Price (Dollars per Gallon),2.504
2025-10-07,U.S. Gulf Coast Kerosene-Type Jet Fuel Spot Price FOB (Dollars per Gallon),2.142
2025-10-07,New York Harbor No. 2 Heating Oil Spot Price FOB (Dollars per Gallon),2.179
2025-10-07,New York Harbor Ultra-Low Sulfur No 2 Diesel Spot Price (Dollars per Gallon),2.327
2025-10-07,U.S. Gulf Coast Ultra-Low Sulfur No 2 Diesel Spot Price (Dollars per Gallon),2.214
2025-10-06,"Los Angeles, CA Ultra-Low Sulfur CARB Diesel Spot Price (Dollars per Gallon)",2.443
2025-10-06,WTI Crude,62.49
2025-10-06,Brent Crude,67.09
2025-10-06,"Mont Belvieu, TX Propane Spot Price FOB (Dollars per Gallon)",0.663
2025-10-06,New York Harbor Conventional Gasoline Regular Spot Price FOB (Dollars per Gallon),1.91
2025-10-06,U.S. Gulf Coast Conventional Gasoline Regular Spot Price FOB (Dollars per Gallon),2.005
2025-10-06,Los Angeles Reformulated RBOB Regular Gasoline Spot Price (Dollars per Gallon),2.503
2025-10-06,U.S. Gulf Coast Kerosene-Type Jet Fuel Spot Price FOB (Dollars per Gallon),2.118
2025-10-06,New York Harbor No. 2 Heating Oil Spot Price FOB (Dollars per Gallon),2.155
2025-10-06,New York Harbor Ultra-Low Sulfur No 2 Diesel Spot Price (Dollars per Gallon),2.303
2025-10-06,U.S. Gulf Coast Ultra-Low Sulfur No 2 Diesel Spot Price (Dollars per Gallon),2.19
2025-10-03,"Los Angeles, CA Ultra-Low Sulfur CARB Diesel Spot Price (Dollars per Gallon)",2.299
2025-10-03,WTI Crude,61.65
2025-10-03,Brent Crude,66.13
2025-10-03,"Mont Belvieu, TX Propane Spot Price FOB (Dollars per Gallon)",0.671
2025-10-03,New York Harbor Conventional Gasoline Regular Spot Price FOB (Dollars per Gallon),1.868
2025-10-03,U.S. Gulf Coast Conventional Gasoline Regular Spot Price FOB (Dollars per Gallon),1.94
2025-10-03,Los Angeles Reformulated RBOB Regular Gasoline Spot Price (Dollars per Gallon),2.4
2025-10-03,U.S. Gulf Coast Kerosene-Type Jet Fuel Spot Price FOB (Dollars per Gallon),2.037
2025-10-03,New York Harbor No. 2 Heating Oil Spot Price FOB (Dollars per Gallon),2.142
2025-10-03,New York Harbor Ultra-Low Sulfur No 2 Diesel Spot Price (Dollars per Gallon),2.289
2025-10-03,U.S. Gulf Coast Ultra-Low Sulfur No 2 Diesel Spot Price (Dollars per Gallon),2.175
2025-10-02,"Los Angeles, CA Ultra-Low Sulfur CARB Diesel Spot Price (Dollars per Gallon)",2.308
2025-10-02,WTI Crude,61.28
2025-10-02,Brent Crude,65.44
2025-10-02,"Mont Belvieu, TX Propane Spot Price FOB (Dollars per Gallon)",0.671
2025-10-02,New York Harbor Conventional Gasoline Regular Spot Price FOB (Dollars per Gallon),1.862
2025-10-02,U.S. Gulf Coast Conventional Gasoline Regular Spot Price FOB (Dollars per Gallon),1.944
2025-10-02,Los Angeles Reformulated RBOB Regular Gasoline Spot Price (Dollars per Gallon),2.394
2025-10-02,U.S. Gulf Coast Kerosene-Type Jet Fuel Spot Price FOB (Dollars per Gallon),1.998
2025-10-02,New York Harbor No. 2 Heating Oil Spot Price FOB (Dollars per Gallon),2.151
2025-10-02,New York Harbor Ultra-Low Sulfur No 2 Diesel Spot Price (Dollars per Gallon),2.298
2025-10-02,U.S. Gulf Coast Ultra-Low Sulfur No 2 Diesel Spot Price (Dollars per Gallon),2.183
2025-10-01,"Los Angeles, CA Ultra-Low Sulfur CARB Diesel Spot Price (Dollars per Gallon)",2.406
2025-10-01,WTI Crude,62.59
2025-10-01,Brent Crude,66.67
2025-10-01,"Mont Belvieu, TX Propane Spot Price FOB (Dollars per Gallon)",0.673
2025-10-01,New York Harbor Conventional Gasoline Regular Spot Price FOB (Dollars per Gallon),1.897
2025-10-01,U.S. Gulf Coast Conventional Gasoline Regular Spot Price FOB (Dollars per Gallon),1.98
2025-10-01,Los Angeles Reformulated RBOB Regular Gasoline Spot Price (Dollars per Gallon),2.44
2025-10-01,U.S. Gulf Coast Kerosene-Type Jet Fuel Spot Price FOB (Dollars per Gallon),2.051
2025-10-01,New York Harbor No. 2 Heating Oil Spot Price FOB (Dollars per Gallon),2.204
2025-10-01,New York Harbor Ultra-Low Sulfur No 2 Diesel Spot Price (Dollars per Gallon),2.351
2025-10-01,U.S. Gulf Coast Ultra-Low Sulfur No 2 Diesel Spot Price (Dollars per Gallon),2.24
2025-09-30,"Los Angeles, CA Ultra-Low Sulfur CARB Diesel Spot Price (Dollars per Gallon)",2.434
2025-09-30,WTI Crude,63.17
2025-09-30,Brent Crude,68.52
2025-09-30,"Mont Belvieu, TX Propane Spot Price FOB (Dollars per Gallon)",0.678
2025-09-30,New York Harbor Conventional Gasoline Regular Spot Price FOB (Dollars per Gallon),1.985
2025-09-30,U.S. Gulf Coast Conventional Gasoline Regular Spot Price FOB (Dollars per Gallon),2.017
2025-09-30,Los Angeles Reformulated RBOB Regular Gasoline Spot Price (Dollars per Gallon),2.518
2025-09-30,U.S. Gulf Coast Kerosene-Type Jet Fuel Spot Price FOB (Dollars per Gallon),2.076
2025-09-30,New York Harbor No. 2 Heating Oil Spot Price FOB (Dollars per Gallon),2.231
2025-09-30,New York Harbor Ultra-Low Sulfur No 2 Diesel Spot Price (Dollars per Gallon),2.379
2025-09-30,U.S. Gulf Coast Ultra-Low Sulfur No 2 Diesel Spot Price (Dollars per Gallon),2.266
2025-09-29,"Los Angeles, CA Ultra-Low Sulfur CARB Diesel Spot Price (Dollars per Gallon)",2.442
2025-09-29,WTI Crude,64.27
2025-09-29,Brent Crude,69.0
2025-09-29,"Mont Belvieu, TX Propane Spot Price FOB (Dollars per Gallon)",0.693
2025-09-29,New York Harbor Conventional Gasoline Regular Spot Price FOB (Dollars per Gallon),1.993
2025-09-29,U.S. Gulf Coast Conventional Gasoline Regular Spot Price FOB (Dollars per Gallon),2.021
2025-09-29,Los Angeles Reformulated RBOB Regular Gasoline Spot Price (Dollars per Gallon),2.505
2025-09-29,U.S. Gulf Coast Kerosene-Type Jet Fuel Spot Price FOB (Dollars per Gallon),2.084
2025-09-29,New York Harbor No. 2 Heating Oil Spot Price FOB (Dollars per Gallon),2.244
2025-09-29,New York Harbor Ultra-Low Sulfur No 2 Diesel Spot Price (Dollars per Gallon),2.392
2025-09-29,U.S. Gulf Coast Ultra-Low Sulfur No 2 Diesel Spot Price (Dollars per Gallon),2.282
2025-09-26,"Los Angeles, CA Ultra-Low Sulfur CARB Diesel Spot Price (Dollars per Gallon)",2.555
2025-09-26,WTI Crude,66.5
2025-09-26,Brent Crude,71.15
2025-09-26,"Mont Belvieu, TX Propane Spot Price FOB (Dollars per Gallon)",0.708
2025-09-26,New York Harbor Conventional Gasoline Regular Spot Price FOB (Dollars per Gallon),2.038
2025-09-26,U.S. Gulf Coast Conventional Gasoline Regular Spot Price FOB (Dollars per Gallon),2.072
2025-09-26,Los Angeles Reformulated RBOB Regular Gasoline Spot Price (Dollars per Gallon),2.511
2025-09-26,U.S. Gulf Coast Kerosene-Type Jet Fuel Spot Price FOB (Dollars per Gallon),2.162
2025-09-26,New York Harbor No. 2 Heating Oil Spot Price FOB (Dollars per Gallon),2.327
2025-09-26,New York Harbor Ultra-Low Sulfur No 2 Diesel Spot Price (Dollars per Gallon),2.475
2025-09-26,U.S. Gulf Coast Ultra-Low Sulfur No 2 Diesel Spot Price (Dollars per Gallon),2.36
2025-09-25,"Los Angeles, CA Ultra-Low Sulfur CARB Diesel Spot Price (Dollars per Gallon)",2.558
2025-09-25,WTI Crude,65.51
2025-09-25,Brent Crude,70.48
2025-09-25,"Mont Belvieu, TX Propane Spot Price FOB (Dollars per Gallon)",0.705
2025-09-25,New York Harbor Conventional Gasoline Regular Spot Price FOB (Dollars per Gallon),2.013
2025-09-25,U.S. Gulf Coast Conventional Gasoline Regular Spot Price FOB (Dollars per Gallon),2.076
2025-09-25,Los Angeles Reformulated RBOB Regular Gasoline Spot Price (Dollars per Gallon),2.546
2025-09-25,U.S. Gulf Coast Kerosene-Type Jet Fuel Spot Price FOB (Dollars per Gallon),2.178
2025-09-25,New York Harbor No. 2 Heating Oil Spot Price FOB (Dollars per Gallon),2.33
2025-09-25,New York Harbor Ultra-Low Sulfur No 2 Diesel Spot Price (Dollars per Gallon),2.478
2025-09-25,U.S. Gulf Coast Ultra-Low Sulfur No 2 Diesel Spot Price (Dollars per Gallon),2.365
2025-09-24,"Los Angeles, CA Ultra-Low Sulfur CARB Diesel Spot Price (Dollars per Gallon)",2.514
2025-09-24,WTI Crude,65.4
2025-09-24,Brent Crude,69.64
2025-09-24,"Mont Belvieu, TX Propane Spot Price FOB (Dollars per Gallon)",0.703
2025-09-24,New York Harbor Conventional Gasoline Regular Spot Price FOB (Dollars per Gallon),2.022
2025-09-24,U.S. Gulf Coast Conventional Gasoline Regular Spot Price FOB (Dollars per Gallon),2.095
2025-09-24,Los Angeles Reformulated RBOB Regular Gasoline Spot Price (Dollars per Gallon),2.535
2025-09-24,U.S. Gulf Coast Kerosene-Type Jet Fuel Spot Price FOB (Dollars per Gallon),2.124
2025-09-24,New York Harbor No. 2 Heating Oil Spot Price FOB (Dollars per Gallon),2.277
2025-09-24,New York Harbor Ultra-Low Sulfur No 2 Diesel Spot Price (Dollars per Gallon),2.424
2025-09-24,U.S. Gulf Coast Ultra-Low Sulfur No 2 Diesel Spot Price (Dollars per Gallon),2.313
2025-09-23,"Los Angeles, CA Ultra-Low Sulfur CARB Diesel Spot Price (Dollars per Gallon)",2.478
2025-09-23,WTI Crude,63.76
2025-09-23,Brent Crude,67.96
2025-09-23,"Mont Belvieu, TX Propane Spot Price FOB (Dollars per Gallon)",0.69
2025-09-23,New York Harbor Conventional Gasoline Regular Spot Price FOB (Dollars per Gallon),2.012
2025-09-23,U.S. Gulf Coast Conventional Gasoline Regular Spot Price FOB (Dollars per Gallon),2.085
2025-09-23,Los Angeles Reformulated RBOB Regular Gasoline Spot Price (Dollars per Gallon),2.525
2025-09-23,U.S. Gulf Coast Kerosene-Type Jet Fuel Spot Price FOB (Dollars per Gallon),2.088
2025-09-23,New York Harbor No. 2 Heating Oil Spot Price FOB (Dollars per Gallon),2.24
2025-09-23,New York Harbor Ultra-Low Sulfur No 2 Diesel Spot Price (Dollars per Gallon),2.388
2025-09-23,U.S. Gulf Coast Ultra-Low Sulfur No 2 Diesel Spot Price (Dollars per Gallon),2.276
2025-09-22,"Los Angeles, CA Ultra-Low Sulfur CARB Diesel Spot Price (Dollars per Gallon)",2.437
2025-09-22,WTI Crude,62.99
2025-09-22,Brent Crude,66.87
2025-09-22,"Mont Belvieu, TX Propane Spot Price FOB (Dollars per Gallon)",0.689
2025-09-22,New York Harbor Conventional Gasoline Regular Spot Price FOB (Dollars per Gallon),1.988
2025-09-22,U.S. Gulf Coast Conventional Gasoline Regular Spot Price FOB (Dollars per Gallon),2.08
2025-09-22,Los Angeles Reformulated RBOB Regular Gasoline Spot Price (Dollars per Gallon),2.5
2025-09-22,U.S. Gulf Coast Kerosene-Type Jet Fuel Spot Price FOB (Dollars per Gallon),2.047
2025-09-22,New York Harbor No. 2 Heating Oil Spot Price FOB (Dollars per Gallon),2.2
2025-09-22,New York Harbor Ultra-Low Sulfur No 2 Diesel Spot Price (Dollars per Gallon),2.347
2025-09-22,U.S. Gulf Coast Ultra-Low Sulfur No 2 Diesel Spot Price (Dollars per Gallon),2.238
2025-09-19,"Los Angeles, CA Ultra-Low Sulfur CARB Diesel Spot Price (Dollars per Gallon)",2.392
2025-09-19,WTI Crude,63.02
2025-09-19,Brent Crude,67.05
2025-09-19,"Mont Belvieu, TX Propane Spot Price FOB (Dollars per Gallon)",0.69
2025-09-19,New York Harbor Conventional Gasoline Regular Spot Price FOB (Dollars per Gallon),1.977
2025-09-19,U.S. Gulf Coast Conventional Gasoline Regular Spot Price FOB (Dollars per Gallon),2.1
2025-09-19,Los Angeles Reformulated RBOB Regular Gasoline Spot Price (Dollars per Gallon),2.41
2025-09-19,U.S. Gulf Coast Kerosene-Type Jet Fuel Spot Price FOB (Dollars per Gallon),2.052
2025-09-19,New York Harbor No. 2 Heating Oil Spot Price FOB (Dollars per Gallon),2.205
2025-09-19,New York Harbor Ultra-Low Sulfur No 2 Diesel Spot Price (Dollars per Gallon),2.352
2025-09-19,U.S. Gulf Coast Ultra-Low Sulfur No 2 Diesel Spot Price (Dollars per Gallon),2.242
2025-09-18,"Los Angeles, CA Ultra-Low Sulfur CARB Diesel Spot Price (Dollars per Gallon)",2.563
2025-09-18,WTI Crude,63.91
2025-09-18,Brent Crude,67.83
2025-09-18,"Mont Belvieu, TX Propane Spot Price FOB (Dollars per Gallon)",0.69
2025-09-18,New York Harbor Conventional Gasoline Regular Spot Price FOB (Dollars per Gallon),2.024
2025-09-18,U.S. Gulf Coast Conventional Gasoline Regular Spot Price FOB (Dollars per Gallon),2.116
2025-09-18,Los Angeles Reformulated RBOB Regular Gasoline Spot Price (Dollars per Gallon),2.396
2025-09-18,U.S. Gulf Coast Kerosene-Type Jet Fuel Spot Price FOB (Dollars per Gallon),2.093
2025-09-18,New York Harbor No. 2 Heating Oil Spot Price FOB (Dollars per Gallon),2.245
2025-09-18,New York Harbor Ultra-Low Sulfur No 2 Diesel Spot Price (Dollars per Gallon),2.393
2025-09-18,U.S. Gulf Coast Ultra-Low Sulfur No 2 Diesel Spot Price (Dollars per Gallon),2.28
2025-09-17,"Los Angeles, CA Ultra-Low Sulfur CARB Diesel Spot Price (Dollars per Gallon)",2.571
2025-09-17,WTI Crude,64.41
2025-09-17,Brent Crude,69.19
2025-09-17,"Mont Belvieu, TX Propane Spot Price FOB (Dollars per Gallon)",0.693
2025-09-17,New York Harbor Conventional Gasoline Regular Spot Price FOB (Dollars per Gallon),2.033
2025-09-17,U.S. Gulf Coast Conventional Gasoline Regular Spot Price FOB (Dollars per Gallon),2.105
2025-09-17,Los Angeles Reformulated RBOB Regular Gasoline Spot Price (Dollars per Gallon),2.585
2025-09-17,U.S. Gulf Coast Kerosene-Type Jet Fuel Spot Price FOB (Dollars per Gallon),2.101
2025-09-17,New York Harbor No. 2 Heating Oil Spot Price FOB (Dollars per Gallon),2.254
2025-09-17,New York Harbor Ultra-Low Sulfur No 2 Diesel Spot Price (Dollars per Gallon),2.401
2025-09-17,U.S. Gulf Coast Ultra-Low Sulfur No 2 Diesel Spot Price (Dollars per Gallon),2.286
2025-09-16,"Los Angeles, CA Ultra-Low Sulfur CARB Diesel Spot Price (Dollars per Gallon)",2.596
2025-09-16,WTI Crude,64.89
2025-09-16,Brent Crude,69.69
2025-09-16,"Mont Belvieu, TX Propane Spot Price FOB (Dollars per Gallon)",0.701
2025-09-16,New York Harbor Conventional Gasoline Regular Spot Price FOB (Dollars per Gallon),2.05
2025-09-16,U.S. Gulf Coast Conventional Gasoline Regular Spot Price FOB (Dollars per Gallon),2.102
2025-09-16,Los Angeles Reformulated RBOB Regular Gasoline Spot Price (Dollars per Gallon),2.602
2025-09-16,U.S. Gulf Coast Kerosene-Type Jet Fuel Spot Price FOB (Dollars per Gallon),2.146
2025-09-16,New York Harbor No. 2 Heating Oil Spot Price FOB (Dollars per Gallon),2.299
2025-09-16,New York Harbor Ultra-Low Sulfur No 2 Diesel Spot Price (Dollars per Gallon),2.446
2025-09-16,U.S. Gulf Coast Ultra-Low Sulfur No 2 Diesel Spot Price (Dollars per Gallon),2.33
2025-09-15,"Los Angeles, CA Ultra-Low Sulfur CARB Diesel Spot Price (Dollars per Gallon)",2.533
2025-09-15,WTI Crude,63.66
2025-09-15,Brent Crude,67.88
2025-09-15,"Mont Belvieu, TX Propane Spot Price FOB (Dollars per Gallon)",0.676
2025-09-15,New York Harbor Conventional Gasoline Regular Spot Price FOB (Dollars per Gallon),2.021
2025-09-15,U.S. Gulf Coast Conventional Gasoline Regular Spot Price FOB (Dollars per Gallon),2.098
2025-09-15,Los Angeles Reformulated RBOB Regular Gasoline Spot Price (Dollars per Gallon),2.613
2025-09-15,U.S. Gulf Coast Kerosene-Type Jet Fuel Spot Price FOB (Dollars per Gallon),2.083
2025-09-15,New York Harbor No. 2 Heating Oil Spot Price FOB (Dollars per Gallon),2.235
2025-09-15,New York Harbor Ultra-Low Sulfur No 2 Diesel Spot Price (Dollars per Gallon),2.383
2025-09-15,U.S. Gulf Coast Ultra-Low Sulfur No 2 Diesel Spot Price (Dollars per Gallon),2.271
2025-09-12,"Los Angeles, CA Ultra-Low Sulfur CARB Diesel Spot Price (Dollars per Gallon)",2.553
2025-09-12,WTI Crude,63.02
2025-09-12,Brent Crude,67.87
2025-09-12,"Mont Belvieu, TX Propane Spot Price FOB (Dollars per Gallon)",0.676
2025-09-12,New York Harbor Conventional Gasoline Regular Spot Price FOB (Dollars per Gallon),1.996
2025-09-12,U.S. Gulf Coast Conventional Gasoline Regular Spot Price FOB (Dollars per Gallon),2.074
2025-09-12,Los Angeles Reformulated RBOB Regular Gasoline Spot Price (Dollars per Gallon),2.549
2025-09-12,U.S. Gulf Coast Kerosene-Type Jet Fuel Spot Price FOB (Dollars per Gallon),2.043
2025-09-12,New York Harbor No. 2 Heating Oil Spot Price FOB (Dollars per Gallon),2.196
2025-09-12,New York Harbor Ultra-Low Sulfur No 2 Diesel Spot Price (Dollars per Gallon),2.343
2025-09-12,U.S. Gulf Coast Ultra-Low Sulfur No 2 Diesel Spot Price (Dollars per Gallon),2.232
2025-09-11,"Los Angeles, CA Ultra-Low Sulfur CARB Diesel Spot Price (Dollars per Gallon)",2.537
2025-09-11,WTI Crude,62.71
2025-09-11,Brent Crude,67.25
2025-09-11,"Mont Belvieu, TX Propane Spot Price FOB (Dollars per Gallon)",0.674
2025-09-11,New York Harbor Conventional Gasoline Regular Spot Price FOB (Dollars per Gallon),1.978
2025-09-11,U.S. Gulf Coast Conventional Gasoline Regular Spot Price FOB (Dollars per Gallon),2.001
2025-09-11,Los Angeles Reformulated RBOB Regular Gasoline Spot Price (Dollars per Gallon),2.471
2025-09-11,U.S. Gulf Coast Kerosene-Type Jet Fuel Spot Price FOB (Dollars per Gallon),2.027
2025-09-11,New York Harbor No. 2 Heating Oil Spot Price FOB (Dollars per Gallon),2.179
2025-09-11,New York Harbor Ultra-Low Sulfur No 2 Diesel Spot Price (Dollars per Gallon),2.327
2025-09-11,U.S. Gulf Coast Ultra-Low Sulfur No 2 Diesel Spot Price (Dollars per Gallon),2.214
2025-09-10,"Los Angeles, CA Ultra-Low Sulfur CARB Diesel Spot Price (Dollars per Gallon)",2.595
2025-09-10,WTI Crude,64.01
2025-09-10,Brent Crude,67.62
2025-09-10,"Mont Belvieu, TX Propane Spot Price FOB (Dollars per Gallon)",0.693
2025-09-10,New York Harbor Conventional Gasoline Regular Spot Price FOB (Dollars per Gallon),2.016
2025-09-10,U.S. Gulf Coast Conventional Gasoline Regular Spot Price FOB (Dollars per Gallon),2.103
2025-09-10,Los Angeles Reformulated RBOB Regular Gasoline Spot Price (Dollars per Gallon),2.578
2025-09-10,U.S. Gulf Coast Kerosene-Type Jet Fuel Spot Price FOB (Dollars per Gallon),2.085
2025-09-10,New York Harbor No. 2 Heating Oil Spot Price FOB (Dollars per Gallon),2.238
2025-09-10,New York Harbor Ultra-Low Sulfur No 2 Diesel Spot Price (Dollars per Gallon),2.385
2025-09-10,U.S. Gulf Coast Ultra-Low Sulfur No 2 Diesel Spot Price (Dollars per Gallon),2.27
2025-09-09,"Los Angeles, CA Ultra-Low Sulfur CARB Diesel Spot Price (Dollars per Gallon)",2.581
2025-09-09,WTI Crude,62.97
2025-09-09,Brent Crude,67.97
2025-09-09,"Mont Belvieu, TX Propane Spot Price FOB (Dollars per Gallon)",0.683
2025-09-09,New York Harbor Conventional Gasoline Regular Spot Price FOB (Dollars per Gallon),1.999
2025-09-09,U.S. Gulf Coast Conventional Gasoline Regular Spot Price FOB (Dollars per Gallon),2.092
2025-09-09,Los Angeles Reformulated RBOB Regular Gasoline Spot Price (Dollars per Gallon),2.582
2025-09-09,U.S. Gulf Coast Kerosene-Type Jet Fuel Spot Price FOB (Dollars per Gallon),2.071
2025-09-09,New York Harbor No. 2 Heating Oil Spot Price FOB (Dollars per Gallon),2.223
2025-09-09,New York Harbor Ultra-Low Sulfur No 2 Diesel Spot Price (Dollars per Gallon),2.371
2025-09-09,U.S. Gulf Coast Ultra-Low Sulfur No 2 Diesel Spot Price (Dollars per Gallon),2.251
2025-09-08,"Los Angeles, CA Ultra-Low Sulfur CARB Diesel Spot Price (Dollars per Gallon)",2.58
2025-09-08,WTI Crude,62.6
2025-09-08,Brent Crude,65.44
2025-09-08,"Mont Belvieu, TX Propane Spot Price FOB (Dollars per Gallon)",0.683
2025-09-08,New York Harbor Conventional Gasoline Regular Spot Price FOB (Dollars per Gallon),1.97
2025-09-08,U.S. Gulf Coast Conventional Gasoline Regular Spot Price FOB (Dollars per Gallon),2.062
2025-09-08,Los Angeles Reformulated RBOB Regular Gasoline Spot Price (Dollars per Gallon),2.552
2025-09-08,U.S. Gulf Coast Kerosene-Type Jet Fuel Spot Price FOB (Dollars per Gallon),2.07
2025-09-08,New York Harbor No. 2 Heating Oil Spot Price FOB (Dollars per Gallon),2.223
2025-09-08,New York Harbor Ultra-Low Sulfur No 2 Diesel Spot Price (Dollars per Gallon),2.37
2025-09-08,U.S. Gulf Coast Ultra-Low Sulfur No 2 Diesel Spot Price (Dollars per Gallon),2.25
2025-09-05,"Los Angeles, CA Ultra-Low Sulfur CARB Diesel Spot Price (Dollars per Gallon)",2.541
2025-09-05,WTI Crude,62.22
2025-09-05,Brent Crude,64.92
2025-09-05,"Mont Belvieu, TX Propane Spot Price FOB (Dollars per Gallon)",0.683
2025-09-05,New York Harbor Conventional Gasoline Regular Spot Price FOB (Dollars per Gallon),1.977
2025-09-05,U.S. Gulf Coast Conventional Gasoline Regular Spot Price FOB (Dollars per Gallon),2.064
2025-09-05,Los Angeles Reformulated RBOB Regular Gasoline Spot Price (Dollars per Gallon),2.469
2025-09-05,U.S. Gulf Coast Kerosene-Type Jet Fuel Spot Price FOB (Dollars per Gallon),2.041
2025-09-05,New York Harbor No. 2 Heating Oil Spot Price FOB (Dollars per Gallon),2.194
2025-09-05,New York Harbor Ultra-Low Sulfur No 2 Diesel Spot Price (Dollars per Gallon),2.341
2025-09-05,U.S. Gulf Coast Ultra-Low Sulfur No 2 Diesel Spot Price (Dollars per Gallon),2.222
2025-09-04,"Los Angeles, CA Ultra-Low Sulfur CARB Diesel Spot Price (Dollars per Gallon)",2.475
2025-09-04,WTI Crude,63.81
2025-09-04,Brent Crude,66.41
2025-09-04,"Mont Belvieu, TX Propane Spot Price FOB (Dollars per Gallon)",0.683
2025-09-04,New York Harbor Conventional Gasoline Regular Spot Price FOB (Dollars per Gallon),2.011
2025-09-04,U.S. Gulf Coast Conventional Gasoline Regular Spot Price FOB (Dollars per Gallon),2.171
2025-09-04,Los Angeles Reformulated RBOB Regular Gasoline Spot Price (Dollars per Gallon),2.414
2025-09-04,U.S. Gulf Coast Kerosene-Type Jet Fuel Spot Price FOB (Dollars per Gallon),2.075
2025-09-04,New York Harbor No. 2 Heating Oil Spot Price FOB (Dollars per Gallon),2.227
2025-09-04,New York Harbor Ultra-Low Sulfur No 2 Diesel Spot Price (Dollars per Gallon),2.375
2025-09-04,U.S. Gulf Coast Ultra-Low Sulfur No 2 Diesel Spot Price (Dollars per Gallon),2.254
2025-09-03,"Los Angeles, CA Ultra-Low Sulfur CARB Diesel Spot Price (Dollars per Gallon)",2.507
2025-09-03,WTI Crude,64.36
2025-09-03,Brent Crude,67.76
2025-09-03,"Mont Belvieu, TX Propane Spot Price FOB (Dollars per Gallon)",0.695
2025-09-03,New York Harbor Conventional Gasoline Regular Spot Price FOB (Dollars per Gallon),2.014
2025-09-03,U.S. Gulf Coast Conventional Gasoline Regular Spot Price FOB (Dollars per Gallon),2.179
2025-09-03,Los Angeles Reformulated RBOB Regular Gasoline Spot Price (Dollars per Gallon),2.397
2025-09-03,U.S. Gulf Coast Kerosene-Type Jet Fuel Spot Price FOB (Dollars per Gallon),2.107
2025-09-03,New York Harbor No. 2 Heating Oil Spot Price FOB (Dollars per Gallon),2.26
2025-09-03,New York Harbor Ultra-Low Sulfur No 2 Diesel Spot Price (Dollars per Gallon),2.407
2025-09-03,U.S. Gulf Coast Ultra-Low Sulfur No 2 Diesel Spot Price (Dollars per Gallon),2.284
2025-09-02,"Los Angeles, CA Ultra-Low Sulfur CARB Diesel Spot Price (Dollars per Gallon)",2.52
2025-09-02,WTI Crude,65.95
2025-09-02,Brent Crude,68.09
2025-09-02,"Mont Belvieu, TX Propane Spot Price FOB (Dollars per Gallon)",0.668
2025-09-02,New York Harbor Conventional Gasoline Regular Spot Price FOB (Dollars per Gallon),2.048
2025-09-02,U.S. Gulf Coast Conventional Gasoline Regular Spot Price FOB (Dollars per Gallon),2.2
2025-09-02,Los Angeles Reformulated RBOB Regular Gasoline Spot Price (Dollars per Gallon),2.65
2025-09-02,U.S. Gulf Coast Kerosene-Type Jet Fuel Spot Price FOB (Dollars per Gallon),2.12
2025-09-02,New York Harbor No. 2 Heating Oil Spot Price FOB (Dollars per Gallon),2.272
2025-09-02,New York Harbor Ultra-Low Sulfur No 2 Diesel Spot Price (Dollars per Gallon),2.42
2025-09-02,U.S. Gulf Coast Ultra-Low Sulfur No 2 Diesel Spot Price (Dollars per Gallon),2.295
2025-09-01,Brent Crude,67.09
2025-08-29,"Los Angeles, CA Ultra-Low Sulfur CARB Diesel Spot Price (Dollars per Gallon)",2.422
2025-08-29,WTI Crude,64.36
2025-08-29,Brent Crude,67.83
2025-08-29,"Mont Belvieu, TX Propane Spot Price FOB (Dollars per Gallon)",0.668
2025-08-29,New York Harbor Conventional Gasoline Regular Spot Price FOB (Dollars per Gallon),2.255
2025-08-29,U.S. Gulf Coast Conventional Gasoline Regular Spot Price FOB (Dollars per Gallon),2.127
2025-08-29,Los Angeles Reformulated RBOB Regular Gasoline Spot Price (Dollars per Gallon),2.628
2025-08-29,U.S. Gulf Coast Kerosene-Type Jet Fuel Spot Price FOB (Dollars per Gallon),2.02
2025-08-29,New York Harbor No. 2 Heating Oil Spot Price FOB (Dollars per Gallon),2.175
2025-08-29,New York Harbor Ultra-Low Sulfur No 2 Diesel Spot Price (Dollars per Gallon),2.322
2025-08-29,U.S. Gulf Coast Ultra-Low Sulfur No 2 Diesel Spot Price (Dollars per Gallon),2.195
2025-08-28,"Los Angeles, CA Ultra-Low Sulfur CARB Diesel Spot Price (Dollars per Gallon)",2.457
2025-08-28,WTI Crude,64.96
2025-08-28,Brent Crude,68.61
2025-08-28,"Mont Belvieu, TX Propane Spot Price FOB (Dollars per Gallon)",0.679
2025-08-28,New York Harbor Conventional Gasoline Regular Spot Price FOB (Dollars per Gallon),2.236
2025-08-28,U.S. Gulf Coast Conventional Gasoline Regular Spot Price FOB (Dollars per Gallon),2.124
2025-08-28,Los Angeles Reformulated RBOB Regular Gasoline Spot Price (Dollars per Gallon),2.649
2025-08-28,U.S. Gulf Coast Kerosene-Type Jet Fuel Spot Price FOB (Dollars per Gallon),2.05
2025-08-28,New York Harbor No. 2 Heating Oil Spot Price FOB (Dollars per Gallon),2.2
2025-08-28,New York Harbor Ultra-Low Sulfur No 2 Diesel Spot Price (Dollars per Gallon),2.347
2025-08-28,U.S. Gulf Coast Ultra-Low Sulfur No 2 Diesel Spot Price (Dollars per Gallon),2.222
2025-08-27,"Los Angeles, CA Ultra-Low Sulfur CARB Diesel Spot Price (Dollars per Gallon)",2.433
2025-08-27,WTI Crude,64.49
2025-08-27,Brent Crude,67.75
2025-08-27,"Mont Belvieu, TX Propane Spot Price FOB (Dollars per Gallon)",0.68
2025-08-27,New York Harbor Conventional Gasoline Regular Spot Price FOB (Dollars per Gallon),2.15
2025-08-27,U.S. Gulf Coast Conventional Gasoline Regular Spot Price FOB (Dollars per Gallon),2.1
2025-08-27,Los Angeles Reformulated RBOB Regular Gasoline Spot Price (Dollars per Gallon),2.638
2025-08-27,U.S. Gulf Coast Kerosene-Type Jet Fuel Spot Price FOB (Dollars per Gallon),2.032
2025-08-27,New York Harbor No. 2 Heating Oil Spot Price FOB (Dollars per Gallon),2.186
2025-08-27,New York Harbor Ultra-Low Sulfur No 2 Diesel Spot Price (Dollars per Gallon),2.333
2025-08-27,U.S. Gulf Coast Ultra-Low Sulfur No 2 Diesel Spot Price (Dollars per Gallon),2.204
2025-08-26,"Los Angeles, CA Ultra-Low Sulfur CARB Diesel Spot Price (Dollars per Gallon)",2.42
2025-08-26,WTI Crude,63.6
2025-08-26,Brent Crude,66.89
2025-08-26,"Mont Belvieu, TX Propane Spot Price FOB (Dollars per Gallon)",0.674
2025-08-26,New York Harbor Conventional Gasoline Regular Spot Price FOB (Dollars per Gallon),2.143
2025-08-26,U.S. Gulf Coast Conventional Gasoline Regular Spot Price FOB (Dollars per Gallon),2.115
2025-08-26,Los Angeles Reformulated RBOB Regular Gasoline Spot Price (Dollars per Gallon),2.656
2025-08-26,U.S. Gulf Coast Kerosene-Type Jet Fuel Spot Price FOB (Dollars per Gallon),2.027
2025-08-26,New York Harbor No. 2 Heating Oil Spot Price FOB (Dollars per Gallon),2.183
2025-08-26,New York Harbor Ultra-Low Sulfur No 2 Diesel Spot Price (Dollars per Gallon),2.33
2025-08-26,U.S. Gulf Coast Ultra-Low Sulfur No 2 Diesel Spot Price (Dollars per Gallon),2.205
2025-08-25,"Los Angeles, CA Ultra-Low Sulfur CARB Diesel Spot Price (Dollars per Gallon)",2.45
2025-08-25,WTI Crude,65.18
2025-08-25,"Mont Belvieu, TX Propane Spot Price FOB (Dollars per Gallon)",0.678
2025-08-25,New York Harbor Conventional Gasoline Regular Spot Price FOB (Dollars per Gallon),2.158
2025-08-25,U.S. Gulf Coast Conventional Gasoline Regular Spot Price FOB (Dollars per Gallon),2.128
2025-08-25,Los Angeles Reformulated RBOB Regular Gasoline Spot Price (Dollars per Gallon),2.521
2025-08-25,U.S. Gulf Coast Kerosene-Type Jet Fuel Spot Price FOB (Dollars per Gallon),2.096
2025-08-25,New York Harbor No. 2 Heating Oil Spot Price FOB (Dollars per Gallon),2.253
2025-08-25,New York Harbor Ultra-Low Sulfur No 2 Diesel Spot Price (Dollars per Gallon),2.4
2025-08-25,U.S. Gulf Coast Ultra-Low Sulfur No 2 Diesel Spot Price (Dollars per Gallon),2.275
2025-08-22,"Los Angeles, CA Ultra-Low Sulfur CARB Diesel Spot Price (Dollars per Gallon)",2.411
2025-08-22,WTI Crude,64.08
2025-08-22,Brent Crude,68.29
2025-08-22,"Mont Belvieu, TX Propane Spot Price FOB (Dollars per Gallon)",0.669
2025-08-22,New York Harbor Conventional Gasoline Regular Spot Price FOB (Dollars per Gallon),2.168
2025-08-22,U.S. Gulf Coast Conventional Gasoline Regular Spot Price FOB (Dollars per Gallon),2.144
2025-08-22,Los Angeles Reformulated RBOB Regular Gasoline Spot Price (Dollars per Gallon),2.531
2025-08-22,U.S. Gulf Coast Kerosene-Type Jet Fuel Spot Price FOB (Dollars per Gallon),2.057
2025-08-22,New York Harbor No. 2 Heating Oil Spot Price FOB (Dollars per Gallon),2.214
2025-08-22,New York Harbor Ultra-Low Sulfur No 2 Diesel Spot Price (Dollars per Gallon),2.361
2025-08-22,U.S. Gulf Coast Ultra-Low Sulfur No 2 Diesel Spot Price (Dollars per Gallon),2.239
2025-08-21,"Los Angeles, CA Ultra-Low Sulfur CARB Diesel Spot Price (Dollars per Gallon)",2.425
2025-08-21,WTI Crude,64.56
2025-08-21,Brent Crude,68.41
2025-08-21,"Mont Belvieu, TX Propane Spot Price FOB (Dollars per Gallon)",0.685
2025-08-21,New York Harbor Conventional Gasoline Regular Spot Price FOB (Dollars per Gallon),2.169
2025-08-21,U.S. Gulf Coast Conventional Gasoline Regular Spot Price FOB (Dollars per Gallon),2.129
2025-08-21,Los Angeles Reformulated RBOB Regular Gasoline Spot Price (Dollars per Gallon),2.481
2025-08-21,U.S. Gulf Coast Kerosene-Type Jet Fuel Spot Price FOB (Dollars per Gallon),2.07
2025-08-21,New York Harbor No. 2 Heating Oil Spot Price FOB (Dollars per Gallon),2.227
2025-08-21,New York Harbor Ultra-Low Sulfur No 2 Diesel Spot Price (Dollars per Gallon),2.375
2025-08-21,U.S. Gulf Coast Ultra-Low Sulfur No 2 Diesel Spot Price (Dollars per Gallon),2.252
2025-08-20,"Los Angeles, CA Ultra-Low Sulfur CARB Diesel Spot Price (Dollars per Gallon)",2.309
2025-08-20,WTI Crude,64.19
2025-08-20,Brent Crude,67.61
2025-08-20,"Mont Belvieu, TX Propane Spot Price FOB (Dollars per Gallon)",0.675
2025-08-20,New York Harbor Conventional Gasoline Regular Spot Price FOB (Dollars per Gallon),2.137
2025-08-20,U.S. Gulf Coast Conventional Gasoline Regular Spot Price FOB (Dollars per Gallon),2.103
2025-08-20,Los Angeles Reformulated RBOB Regular Gasoline Spot Price (Dollars per Gallon),2.35
2025-08-20,U.S. Gulf Coast Kerosene-Type Jet Fuel Spot Price FOB (Dollars per Gallon),2.024
2025-08-20,New York Harbor No. 2 Heating Oil Spot Price FOB (Dollars per Gallon),2.182
2025-08-20,New York Harbor Ultra-Low Sulfur No 2 Diesel Spot Price (Dollars per Gallon),2.329
2025-08-20,U.S. Gulf Coast Ultra-Low Sulfur No 2 Diesel Spot Price (Dollars per Gallon),2.206
2025-08-19,"Los Angeles, CA Ultra-Low Sulfur CARB Diesel Spot Price (Dollars per Gallon)",2.287
2025-08-19,WTI Crude,63.38
2025-08-19,Brent Crude,66.62
2025-08-19,"Mont Belvieu, TX Propane Spot Price FOB (Dollars per Gallon)",0.656
2025-08-19,New York Harbor Conventional Gasoline Regular Spot Price FOB (Dollars per Gallon),2.1
2025-08-19,U.S. Gulf Coast Conventional Gasoline Regular Spot Price FOB (Dollars per Gallon),2.227
2025-08-19,Los Angeles Reformulated RBOB Regular Gasoline Spot Price (Dollars per Gallon),2.312
2025-08-19,U.S. Gulf Coast Kerosene-Type Jet Fuel Spot Price FOB (Dollars per Gallon),2.007
2025-08-19,New York Harbor No. 2 Heating Oil Spot Price FOB (Dollars per Gallon),2.16
2025-08-19,New York Harbor Ultra-Low Sulfur No 2 Diesel Spot Price (Dollars per Gallon),2.307
2025-08-19,U.S. Gulf Coast Ultra-Low Sulfur No 2 Diesel Spot Price (Dollars per Gallon),2.184
2025-08-18,"Los Angeles, CA Ultra-Low Sulfur CARB Diesel Spot Price (Dollars per Gallon)",2.277
2025-08-18,WTI Crude,64.51
2025-08-18,Brent Crude,68.18
2025-08-18,"Mont Belvieu, TX Propane Spot Price FOB (Dollars per Gallon)",0.649
2025-08-18,New York Harbor Conventional Gasoline Regular Spot Price FOB (Dollars per Gallon),2.106
2025-08-18,U.S. Gulf Coast Conventional Gasoline Regular Spot Price FOB (Dollars per Gallon),2.074
2025-08-18,Los Angeles Reformulated RBOB Regular Gasoline Spot Price (Dollars per Gallon),2.319
2025-08-18,U.S. Gulf Coast Kerosene-Type Jet Fuel Spot Price FOB (Dollars per Gallon),1.997
2025-08-18,New York Harbor No. 2 Heating Oil Spot Price FOB (Dollars per Gallon),2.15
2025-08-18,New York Harbor Ultra-Low Sulfur No 2 Diesel Spot Price (Dollars per Gallon),2.297
2025-08-18,U.S. Gulf Coast Ultra-Low Sulfur No 2 Diesel Spot Price (Dollars per Gallon),2.174
2025-08-15,"Los Angeles, CA Ultra-Low Sulfur CARB Diesel Spot Price (Dollars per Gallon)",2.26
2025-08-15,WTI Crude,63.78
2025-08-15,Brent Crude,67.3
2025-08-15,"Mont Belvieu, TX Propane Spot Price FOB (Dollars per Gallon)",0.658
2025-08-15,New York Harbor Conventional Gasoline Regular Spot Price FOB (Dollars per Gallon),2.088
2025-08-15,U.S. Gulf Coast Conventional Gasoline Regular Spot Price FOB (Dollars per Gallon),2.056
2025-08-15,Los Angeles Reformulated RBOB Regular Gasoline Spot Price (Dollars per Gallon),2.311
2025-08-15,U.S. Gulf Coast Kerosene-Type Jet Fuel Spot Price FOB (Dollars per Gallon),1.98
2025-08-15,New York Harbor No. 2 Heating Oil Spot Price FOB (Dollars per Gallon),2.133
2025-08-15,New York Harbor Ultra-Low Sulfur No 2 Diesel Spot Price (Dollars per Gallon),2.28
2025-08-15,U.S. Gulf Coast Ultra-Low Sulfur No 2 Diesel Spot Price (Dollars per Gallon),2.157
2025-08-14,"Los Angeles, CA Ultra-Low Sulfur CARB Diesel Spot Price (Dollars per Gallon)",2.271
2025-08-14,WTI Crude,64.99
2025-08-14,Brent Crude,68.12
2025-08-14,"Mont Belvieu, TX Propane Spot Price FOB (Dollars per Gallon)",0.674
2025-08-14,New York Harbor Conventional Gasoline Regular Spot Price FOB (Dollars per Gallon),2.117
2025-08-14,U.S. Gulf Coast Conventional Gasoline Regular Spot Price FOB (Dollars per Gallon),2.1
2025-08-14,Los Angeles Reformulated RBOB Regular Gasoline Spot Price (Dollars per Gallon),2.35
2025-08-14,U.S. Gulf Coast Kerosene-Type Jet Fuel Spot Price FOB (Dollars per Gallon),1.991
2025-08-14,New York Harbor No. 2 Heating Oil Spot Price FOB (Dollars per Gallon),2.143
2025-08-14,New York Harbor Ultra-Low Sulfur No 2 Diesel Spot Price (Dollars per Gallon),2.291
2025-08-14,U.S. Gulf Coast Ultra-Low Sulfur No 2 Diesel Spot Price (Dollars per Gallon),2.166
2025-08-13,"Los Angeles, CA Ultra-Low Sulfur CARB Diesel Spot Price (Dollars per Gallon)",2.272
2025-08-13,WTI Crude,63.68
2025-08-13,Brent Crude,66.25
2025-08-13,"Mont Belvieu, TX Propane Spot Price FOB (Dollars per Gallon)",0.668
2025-08-13,New York Harbor Conventional Gasoline Regular Spot Price FOB (Dollars per Gallon),2.082
2025-08-13,U.S. Gulf Coast Conventional Gasoline Regular Spot Price FOB (Dollars per Gallon),2.054
2025-08-13,Los Angeles Reformulated RBOB Regular Gasoline Spot Price (Dollars per Gallon),2.279
2025-08-13,U.S. Gulf Coast Kerosene-Type Jet Fuel Spot Price FOB (Dollars per Gallon),1.992
2025-08-13,New York Harbor No. 2 Heating Oil Spot Price FOB (Dollars per Gallon),2.145
2025-08-13,New York Harbor Ultra-Low Sulfur No 2 Diesel Spot Price (Dollars per Gallon),2.292
2025-08-13,U.S. Gulf Coast Ultra-Low Sulfur No 2 Diesel Spot Price (Dollars per Gallon),2.167
2025-08-12,"Los Angeles, CA Ultra-Low Sulfur CARB Diesel Spot Price (Dollars per Gallon)",2.27
2025-08-12,WTI Crude,64.22
2025-08-12,Brent Crude,66.8
2025-08-12,"Mont Belvieu, TX Propane Spot Price FOB (Dollars per Gallon)",0.66
2025-08-12,New York Harbor Conventional Gasoline Regular Spot Price FOB (Dollars per Gallon),2.079
2025-08-12,U.S. Gulf Coast Conventional Gasoline Regular Spot Price FOB (Dollars per Gallon),2.051
2025-08-12,Los Angeles Reformulated RBOB Regular Gasoline Spot Price (Dollars per Gallon),2.276
2025-08-12,U.S. Gulf Coast Kerosene-Type Jet Fuel Spot Price FOB (Dollars per Gallon),1.99
2025-08-12,New York Harbor No. 2 Heating Oil Spot Price FOB (Dollars per Gallon),2.143
2025-08-12,New York Harbor Ultra-Low Sulfur No 2 Diesel Spot Price (Dollars per Gallon),2.29
2025-08-12,U.S. Gulf Coast Ultra-Low Sulfur No 2 Diesel Spot Price (Dollars per Gallon),2.165
2025-08-11,"Los Angeles, CA Ultra-Low Sulfur CARB Diesel Spot Price (Dollars per Gallon)",2.32
2025-08-11,WTI Crude,65.03
2025-08-11,Brent Crude,67.36
2025-08-11,"Mont Belvieu, TX Propane Spot Price FOB (Dollars per Gallon)",0.661
2025-08-11,New York Harbor Conventional Gasoline Regular Spot Price FOB (Dollars per Gallon),2.086
2025-08-11,U.S. Gulf Coast Conventional Gasoline Regular Spot Price FOB (Dollars per Gallon),2.053
2025-08-11,Los Angeles Reformulated RBOB Regular Gasoline Spot Price (Dollars per Gallon),2.308
2025-08-11,U.S. Gulf Coast Kerosene-Type Jet Fuel Spot Price FOB (Dollars per Gallon),2.04
2025-08-11,New York Harbor No. 2 Heating Oil Spot Price FOB (Dollars per Gallon),2.193
2025-08-11,New York Harbor Ultra-Low Sulfur No 2 Diesel Spot Price (Dollars per Gallon),2.34
2025-08-11,U.S. Gulf Coast Ultra-Low Sulfur No 2 Diesel Spot Price (Dollars per Gallon),2.217
2025-08-08,"Los Angeles, CA Ultra-Low Sulfur CARB Diesel Spot Price (Dollars per Gallon)",2.301
2025-08-08,WTI Crude,64.94
2025-08-08,Brent Crude,67.17
2025-08-08,"Mont Belvieu, TX Propane Spot Price FOB (Dollars per Gallon)",0.658
2025-08-08,New York Harbor Conventional Gasoline Regular Spot Price FOB (Dollars per Gallon),2.082
2025-08-08,U.S. Gulf Coast Conventional Gasoline Regular Spot Price FOB (Dollars per Gallon),2.035
2025-08-08,Los Angeles Reformulated RBOB Regular Gasoline Spot Price (Dollars per Gallon),2.305
2025-08-08,U.S. Gulf Coast Kerosene-Type Jet Fuel Spot Price FOB (Dollars per Gallon),2.021
2025-08-08,New York Harbor No. 2 Heating Oil Spot Price FOB (Dollars per Gallon),2.173
2025-08-08,New York Harbor Ultra-Low Sulfur No 2 Diesel Spot Price (Dollars per Gallon),2.321
2025-08-08,U.S. Gulf Coast Ultra-Low Sulfur No 2 Diesel Spot Price (Dollars per Gallon),2.198
2025-08-07,"Los Angeles, CA Ultra-Low Sulfur CARB Diesel Spot Price (Dollars per Gallon)",2.306
2025-08-07,WTI Crude,64.9
2025-08-07,Brent Crude,66.99
2025-08-07,"Mont Belvieu, TX Propane Spot Price FOB (Dollars per Gallon)",0.649
2025-08-07,New York Harbor Conventional Gasoline Regular Spot Price FOB (Dollars per Gallon),2.079
2025-08-07,U.S. Gulf Coast Conventional Gasoline Regular Spot Price FOB (Dollars per Gallon),2.032
2025-08-07,Los Angeles Reformulated RBOB Regular Gasoline Spot Price (Dollars per Gallon),2.212
2025-08-07,U.S. Gulf Coast Kerosene-Type Jet Fuel Spot Price FOB (Dollars per Gallon),2.011
2025-08-07,New York Harbor No. 2 Heating Oil Spot Price FOB (Dollars per Gallon),2.163
2025-08-07,New York Harbor Ultra-Low Sulfur No 2 Diesel Spot Price (Dollars per Gallon),2.311
2025-08-07,U.S. Gulf Coast Ultra-Low Sulfur No 2 Diesel Spot Price (Dollars per Gallon),2.188
2025-08-06,"Los Angeles, CA Ultra-Low Sulfur CARB Diesel Spot Price (Dollars per Gallon)",2.324
2025-08-06,WTI Crude,65.38
2025-08-06,Brent Crude,67.97
2025-08-06,"Mont Belvieu, TX Propane Spot Price FOB (Dollars per Gallon)",0.661
2025-08-06,New York Harbor Conventional Gasoline Regular Spot Price FOB (Dollars per Gallon),2.09
2025-08-06,U.S. Gulf Coast Conventional Gasoline Regular Spot Price FOB (Dollars per Gallon),2.053
2025-08-06,Los Angeles Reformulated RBOB Regular Gasoline Spot Price (Dollars per Gallon),2.2
2025-08-06,U.S. Gulf Coast Kerosene-Type Jet Fuel Spot Price FOB (Dollars per Gallon),2.004
2025-08-06,New York Harbor No. 2 Heating Oil Spot Price FOB (Dollars per Gallon),2.156
2025-08-06,New York Harbor Ultra-Low Sulfur No 2 Diesel Spot Price (Dollars per Gallon),2.304
2025-08-06,U.S. Gulf Coast Ultra-Low Sulfur No 2 Diesel Spot Price (Dollars per Gallon),2.179
2025-08-05,"Los Angeles, CA Ultra-Low Sulfur CARB Diesel Spot Price (Dollars per Gallon)",2.32
2025-08-05,WTI Crude,66.2
2025-08-05,Brent Crude,69.14
2025-08-05,"Mont Belvieu, TX Propane Spot Price FOB (Dollars per Gallon)",0.675
2025-08-05,New York Harbor Conventional Gasoline Regular Spot Price FOB (Dollars per Gallon),2.097
2025-08-05,U.S. Gulf Coast Conventional Gasoline Regular Spot Price FOB (Dollars per Gallon),2.049
2025-08-05,Los Angeles Reformulated RBOB Regular Gasoline Spot Price (Dollars per Gallon),2.207
2025-08-05,U.S. Gulf Coast Kerosene-Type Jet Fuel Spot Price FOB (Dollars per Gallon),2.0
2025-08-05,New York Harbor No. 2 Heating Oil Spot Price FOB (Dollars per Gallon),2.152
2025-08-05,New York Harbor Ultra-Low Sulfur No 2 Diesel Spot Price (Dollars per Gallon),2.3
2025-08-05,U.S. Gulf Coast Ultra-Low Sulfur No 2 Diesel Spot Price (Dollars per Gallon),2.173
2025-08-04,"Los Angeles, CA Ultra-Low Sulfur CARB Diesel Spot Price (Dollars per Gallon)",2.397
2025-08-04,WTI Crude,67.33
2025-08-04,Brent Crude,69.56
2025-08-04,"Mont Belvieu, TX Propane Spot Price FOB (Dollars per Gallon)",0.69
2025-08-04,New York Harbor Conventional Gasoline Regular Spot Price FOB (Dollars per Gallon),2.107
2025-08-04,U.S. Gulf Coast Conventional Gasoline Regular Spot Price FOB (Dollars per Gallon),2.054
2025-08-04,Los Angeles Reformulated RBOB Regular Gasoline Spot Price (Dollars per Gallon),2.209
2025-08-04,U.S. Gulf Coast Kerosene-Type Jet Fuel Spot Price FOB (Dollars per Gallon),2.057
2025-08-04,New York Harbor No. 2 Heating Oil Spot Price FOB (Dollars per Gallon),2.209
2025-08-04,New York Harbor Ultra-Low Sulfur No 2 Diesel Spot Price (Dollars per Gallon),2.357
2025-08-04,U.S. Gulf Coast Ultra-Low Sulfur No 2 Diesel Spot Price (Dollars per Gallon),2.23
2025-08-01,"Los Angeles, CA Ultra-Low Sulfur CARB Diesel Spot Price (Dollars per Gallon)",2.349
2025-08-01,WTI Crude,68.39
2025-08-01,Brent Crude,70.55
2025-08-01,"Mont Belvieu, TX Propane Spot Price FOB (Dollars per Gallon)",0.696
2025-08-01,New York Harbor Conventional Gasoline Regular Spot Price FOB (Dollars per Gallon),2.118
2025-08-01,U.S. Gulf Coast Conventional Gasoline Regular Spot Price FOB (Dollars per Gallon),2.073
2025-08-01,Los Angeles Reformulated RBOB Regular Gasoline Spot Price (Dollars per Gallon),2.205
2025-08-01,U.S. Gulf Coast Kerosene-Type Jet Fuel Spot Price FOB (Dollars per Gallon),2.039
2025-08-01,New York Harbor No. 2 Heating Oil Spot Price FOB (Dollars per Gallon),2.191
2025-08-01,New York Harbor Ultra-Low Sulfur No 2 Diesel Spot Price (Dollars per Gallon),2.339
2025-08-01,U.S. Gulf Coast Ultra-Low Sulfur No 2 Diesel Spot Price (Dollars per Gallon),2.212
2025-07-31,"Los Angeles, CA Ultra-Low Sulfur CARB Diesel Spot Price (Dollars per Gallon)",2.46
2025-07-31,WTI Crude,70.36
2025-07-31,Brent Crude,73.43
2025-07-31,"Mont Belvieu, TX Propane Spot Price FOB (Dollars per Gallon)",0.724
2025-07-31,New York Harbor Conventional Gasoline Regular Spot Price FOB (Dollars per Gallon),2.236
2025-07-31,U.S. Gulf Coast Conventional Gasoline Regular Spot Price FOB (Dollars per Gallon),2.122
2025-07-31,Los Angeles Reformulated RBOB Regular Gasoline Spot Price (Dollars per Gallon),2.339
2025-07-31,U.S. Gulf Coast Kerosene-Type Jet Fuel Spot Price FOB (Dollars per Gallon),2.148
2025-07-31,New York Harbor No. 2 Heating Oil Spot Price FOB (Dollars per Gallon),2.302
2025-07-31,New York Harbor Ultra-Low Sulfur No 2 Diesel Spot Price (Dollars per Gallon),2.45
2025-07-31,U.S. Gulf Coast Ultra-Low Sulfur No 2 Diesel Spot Price (Dollars per Gallon),2.323
2025-07-30,"Los Angeles, CA Ultra-Low Sulfur CARB Diesel Spot Price (Dollars per Gallon)",2.487
2025-07-30,WTI Crude,71.09
2025-07-30,Brent Crude,73.98
2025-07-30,"Mont Belvieu, TX Propane Spot Price FOB (Dollars per Gallon)",0.735
2025-07-30,New York Harbor Conventional Gasoline Regular Spot Price FOB (Dollars per Gallon),2.296
2025-07-30,U.S. Gulf Coast Conventional Gasoline Regular Spot Price FOB (Dollars per Gallon),2.155
2025-07-30,Los Angeles Reformulated RBOB Regular Gasoline Spot Price (Dollars per Gallon),2.389
2025-07-30,U.S. Gulf Coast Kerosene-Type Jet Fuel Spot Price FOB (Dollars per Gallon),2.167
2025-07-30,New York Harbor No. 2 Heating Oil Spot Price FOB (Dollars per Gallon),2.329
2025-07-30,New York Harbor Ultra-Low Sulfur No 2 Diesel Spot Price (Dollars per Gallon),2.477
2025-07-30,U.S. Gulf Coast Ultra-Low Sulfur No 2 Diesel Spot Price (Dollars per Gallon),2.342
2025-07-29,"Los Angeles, CA Ultra-Low Sulfur CARB Diesel Spot Price (Dollars per Gallon)",2.532
2025-07-29,WTI Crude,70.27
2025-07-29,Brent Crude,73.21
2025-07-29,"Mont Belvieu, TX Propane Spot Price FOB (Dollars per Gallon)",0.718
2025-07-29,New York Harbor Conventional Gasoline Regular Spot Price FOB (Dollars per Gallon),2.231
2025-07-29,U.S. Gulf Coast Conventional Gasoline Regular Spot Price FOB (Dollars per Gallon),2.147
2025-07-29,Los Angeles Reformulated RBOB Regular Gasoline Spot Price (Dollars per Gallon),2.363
2025-07-29,U.S. Gulf Coast Kerosene-Type Jet Fuel Spot Price FOB (Dollars per Gallon),2.311
2025-07-29,New York Harbor No. 2 Heating Oil Spot Price FOB (Dollars per Gallon),2.375
2025-07-29,New York Harbor Ultra-Low Sulfur No 2 Diesel Spot Price (Dollars per Gallon),2.522
2025-07-29,U.S. Gulf Coast Ultra-Low Sulfur No 2 Diesel Spot Price (Dollars per Gallon),2.394
2025-07-28,"Los Angeles, CA Ultra-Low Sulfur CARB Diesel Spot Price (Dollars per Gallon)",2.489
2025-07-28,WTI Crude,67.81
2025-07-28,Brent Crude,70.87
2025-07-28,"Mont Belvieu, TX Propane Spot Price FOB (Dollars per Gallon)",0.715
2025-07-28,New York Harbor Conventional Gasoline Regular Spot Price FOB (Dollars per Gallon),2.157
2025-07-28,U.S. Gulf Coast Conventional Gasoline Regular Spot Price FOB (Dollars per Gallon),2.077
2025-07-28,Los Angeles Reformulated RBOB Regular Gasoline Spot Price (Dollars per Gallon),2.269
2025-07-28,U.S. Gulf Coast Kerosene-Type Jet Fuel Spot Price FOB (Dollars per Gallon),2.265
2025-07-28,New York Harbor No. 2 Heating Oil Spot Price FOB (Dollars per Gallon),2.336
2025-07-28,New York Harbor Ultra-Low Sulfur No 2 Diesel Spot Price (Dollars per Gallon),2.484
2025-07-28,U.S. Gulf Coast Ultra-Low Sulfur No 2 Diesel Spot Price (Dollars per Gallon),2.347
2025-07-25,"Los Angeles, CA Ultra-Low Sulfur CARB Diesel Spot Price (Dollars per Gallon)",2.458
2025-07-25,WTI Crude,66.38
2025-07-25,Brent Crude,69.23
2025-07-25,"Mont Belvieu, TX Propane Spot Price FOB (Dollars per Gallon)",0.703
2025-07-25,New York Harbor Conventional Gasoline Regular Spot Price FOB (Dollars per Gallon),2.097
2025-07-25,U.S. Gulf Coast Conventional Gasoline Regular Spot Price FOB (Dollars per Gallon),2.062
2025-07-25,Los Angeles Reformulated RBOB Regular Gasoline Spot Price (Dollars per Gallon),2.144
2025-07-25,U.S. Gulf Coast Kerosene-Type Jet Fuel Spot Price FOB (Dollars per Gallon),2.253
2025-07-25,New York Harbor No. 2 Heating Oil Spot Price FOB (Dollars per Gallon),2.301
2025-07-25,New York Harbor Ultra-Low Sulfur No 2 Diesel Spot Price (Dollars per Gallon),2.448
2025-07-25,U.S. Gulf Coast Ultra-Low Sulfur No 2 Diesel Spot Price (Dollars per Gallon),2.341
2025-07-24,"Los Angeles, CA Ultra-Low Sulfur CARB Diesel Spot Price (Dollars per Gallon)",2.559
2025-07-24,WTI Crude,67.16
2025-07-24,Brent Crude,70.42
2025-07-24,"Mont Belvieu, TX Propane Spot Price FOB (Dollars per Gallon)",0.703
2025-07-24,New York Harbor Conventional Gasoline Regular Spot Price FOB (Dollars per Gallon),2.112
2025-07-24,U.S. Gulf Coast Conventional Gasoline Regular Spot Price FOB (Dollars per Gallon),2.085
2025-07-24,Los Angeles Reformulated RBOB Regular Gasoline Spot Price (Dollars per Gallon),2.165
2025-07-24,U.S. Gulf Coast Kerosene-Type Jet Fuel Spot Price FOB (Dollars per Gallon),2.264
2025-07-24,New York Harbor No. 2 Heating Oil Spot Price FOB (Dollars per Gallon),2.312
2025-07-24,New York Harbor Ultra-Low Sulfur No 2 Diesel Spot Price (Dollars per Gallon),2.459
2025-07-24,U.S. Gulf Coast Ultra-Low Sulfur No 2 Diesel Spot Price (Dollars per Gallon),2.354
2025-07-23,"Los Angeles, CA Ultra-Low Sulfur CARB Diesel Spot Price (Dollars per Gallon)",2.6
2025-07-23,WTI Crude,66.05
2025-07-23,Brent Crude,69.17
2025-07-23,"Mont Belvieu, TX Propane Spot Price FOB (Dollars per Gallon)",0.693
2025-07-23,New York Harbor Conventional Gasoline Regular Spot Price FOB (Dollars per Gallon),2.126
2025-07-23,U.S. Gulf Coast Conventional Gasoline Regular Spot Price FOB (Dollars per Gallon),2.096
2025-07-23,Los Angeles Reformulated RBOB Regular Gasoline Spot Price (Dollars per Gallon),2.179
2025-07-23,U.S. Gulf Coast Kerosene-Type Jet Fuel Spot Price FOB (Dollars per Gallon),2.305
2025-07-23,New York Harbor No. 2 Heating Oil Spot Price FOB (Dollars per Gallon),2.353
2025-07-23,New York Harbor Ultra-Low Sulfur No 2 Diesel Spot Price (Dollars per Gallon),2.5
2025-07-23,U.S. Gulf Coast Ultra-Low Sulfur No 2 Diesel Spot Price (Dollars per Gallon),2.399
2025-07-22,"Los Angeles, CA Ultra-Low Sulfur CARB Diesel Spot Price (Dollars per Gallon)",2.603
2025-07-22,WTI Crude,67.56
2025-07-22,Brent Crude,69.69
2025-07-22,"Mont Belvieu, TX Propane Spot Price FOB (Dollars per Gallon)",0.673
2025-07-22,New York Harbor Conventional Gasoline Regular Spot Price FOB (Dollars per Gallon),2.116
2025-07-22,U.S. Gulf Coast Conventional Gasoline Regular Spot Price FOB (Dollars per Gallon),2.086
2025-07-22,Los Angeles Reformulated RBOB Regular Gasoline Spot Price (Dollars per Gallon),2.129
2025-07-22,U.S. Gulf Coast Kerosene-Type Jet Fuel Spot Price FOB (Dollars per Gallon),2.308
2025-07-22,New York Harbor No. 2 Heating Oil Spot Price FOB (Dollars per Gallon),2.355
2025-07-22,New York Harbor Ultra-Low Sulfur No 2 Diesel Spot Price (Dollars per Gallon),2.503
2025-07-22,U.S. Gulf Coast Ultra-Low Sulfur No 2 Diesel Spot Price (Dollars per Gallon),2.402
2025-07-21,"Los Angeles, CA Ultra-Low Sulfur CARB Diesel Spot Price (Dollars per Gallon)",2.634
2025-07-21,WTI Crude,68.39
2025-07-21,Brent Crude,71.92
2025-07-21,"Mont Belvieu, TX Propane Spot Price FOB (Dollars per Gallon)",0.685
2025-07-21,New York Harbor Conventional Gasoline Regular Spot Price FOB (Dollars per Gallon),2.131
2025-07-21,U.S. Gulf Coast Conventional Gasoline Regular Spot Price FOB (Dollars per Gallon),2.104
2025-07-21,Los Angeles Reformulated RBOB Regular Gasoline Spot Price (Dollars per Gallon),2.189
2025-07-21,U.S. Gulf Coast Kerosene-Type Jet Fuel Spot Price FOB (Dollars per Gallon),2.317
2025-07-21,New York Harbor No. 2 Heating Oil Spot Price FOB (Dollars per Gallon),2.397
2025-07-21,New York Harbor Ultra-Low Sulfur No 2 Diesel Spot Price (Dollars per Gallon),2.544
2025-07-21,U.S. Gulf Coast Ultra-Low Sulfur No 2 Diesel Spot Price (Dollars per Gallon),2.443
2025-07-18,"Los Angeles, CA Ultra-Low Sulfur CARB Diesel Spot Price (Dollars per Gallon)",2.596
2025-07-18,WTI Crude,68.53
2025-07-18,Brent Crude,71.06
2025-07-18,"Mont Belvieu, TX Propane Spot Price FOB (Dollars per Gallon)",0.7
2025-07-18,New York Harbor Conventional Gasoline Regular Spot Price FOB (Dollars per Gallon),2.157
2025-07-18,U.S. Gulf Coast Conventional Gasoline Regular Spot Price FOB (Dollars per Gallon),2.127
2025-07-18,Los Angeles Reformulated RBOB Regular Gasoline Spot Price (Dollars per Gallon),2.169
2025-07-18,U.S. Gulf Coast Kerosene-Type Jet Fuel Spot Price FOB (Dollars per Gallon),2.276
2025-07-18,New York Harbor No. 2 Heating Oil Spot Price FOB (Dollars per Gallon),2.356
2025-07-18,New York Harbor Ultra-Low Sulfur No 2 Diesel Spot Price (Dollars per Gallon),2.504
2025-07-18,U.S. Gulf Coast Ultra-Low Sulfur No 2 Diesel Spot Price (Dollars per Gallon),2.406
2025-07-17,"Los Angeles, CA Ultra-Low Sulfur CARB Diesel Spot Price (Dollars per Gallon)",2.629
2025-07-17,WTI Crude,68.76
2025-07-17,Brent Crude,71.32
2025-07-17,"Mont Belvieu, TX Propane Spot Price FOB (Dollars per Gallon)",0.686
2025-07-17,New York Harbor Conventional Gasoline Regular Spot Price FOB (Dollars per Gallon),2.18
2025-07-17,U.S. Gulf Coast Conventional Gasoline Regular Spot Price FOB (Dollars per Gallon),2.135
2025-07-17,Los Angeles Reformulated RBOB Regular Gasoline Spot Price (Dollars per Gallon),2.182
2025-07-17,U.S. Gulf Coast Kerosene-Type Jet Fuel Spot Price FOB (Dollars per Gallon),2.291
2025-07-17,New York Harbor No. 2 Heating Oil Spot Price FOB (Dollars per Gallon),2.371
2025-07-17,New York Harbor Ultra-Low Sulfur No 2 Diesel Spot Price (Dollars per Gallon),2.519
2025-07-17,U.S. Gulf Coast Ultra-Low Sulfur No 2 Diesel Spot Price (Dollars per Gallon),2.396
2025-07-16,"Los Angeles, CA Ultra-Low Sulfur CARB Diesel Spot Price (Dollars per Gallon)",2.525
2025-07-16,WTI Crude,67.13
2025-07-16,Brent Crude,69.67
2025-07-16,"Mont Belvieu, TX Propane Spot Price FOB (Dollars per Gallon)",0.693
2025-07-16,New York Harbor Conventional Gasoline Regular Spot Price FOB (Dollars per Gallon),2.171
2025-07-16,U.S. Gulf Coast Conventional Gasoline Regular Spot Price FOB (Dollars per Gallon),2.063
2025-07-16,Los Angeles Reformulated RBOB Regular Gasoline Spot Price (Dollars per Gallon),2.178
2025-07-16,U.S. Gulf Coast Kerosene-Type Jet Fuel Spot Price FOB (Dollars per Gallon),2.217
2025-07-16,New York Harbor No. 2 Heating Oil Spot Price FOB (Dollars per Gallon),2.297
2025-07-16,New York Harbor Ultra-Low Sulfur No 2 Diesel Spot Price (Dollars per Gallon),2.407
2025-07-16,U.S. Gulf Coast Ultra-Low Sulfur No 2 Diesel Spot Price (Dollars per Gallon),2.317
2025-07-15,"Los Angeles, CA Ultra-Low Sulfur CARB Diesel Spot Price (Dollars per Gallon)",2.653
2025-07-15,WTI Crude,67.76
2025-07-15,Brent Crude,70.27
2025-07-15,"Mont Belvieu, TX Propane Spot Price FOB (Dollars per Gallon)",0.718
2025-07-15,New York Harbor Conventional Gasoline Regular Spot Price FOB (Dollars per Gallon),2.19
2025-07-15,U.S. Gulf Coast Conventional Gasoline Regular Spot Price FOB (Dollars per Gallon),2.082
2025-07-15,Los Angeles Reformulated RBOB Regular Gasoline Spot Price (Dollars per Gallon),2.172
2025-07-15,U.S. Gulf Coast Kerosene-Type Jet Fuel Spot Price FOB (Dollars per Gallon),2.225
2025-07-15,New York Harbor No. 2 Heating Oil Spot Price FOB (Dollars per Gallon),2.305
2025-07-15,New York Harbor Ultra-Low Sulfur No 2 Diesel Spot Price (Dollars per Gallon),2.415
2025-07-15,U.S. Gulf Coast Ultra-Low Sulfur No 2 Diesel Spot Price (Dollars per Gallon),2.325
2025-07-14,"Los Angeles, CA Ultra-Low Sulfur CARB Diesel Spot Price (Dollars per Gallon)",2.633
2025-07-14,WTI Crude,68.19
2025-07-14,Brent Crude,70.96
2025-07-14,"Mont Belvieu, TX Propane Spot Price FOB (Dollars per Gallon)",0.718
2025-07-14,New York Harbor Conventional Gasoline Regular Spot Price FOB (Dollars per Gallon),2.182
2025-07-14,U.S. Gulf Coast Conventional Gasoline Regular Spot Price FOB (Dollars per Gallon),2.092
2025-07-14,Los Angeles Reformulated RBOB Regular Gasoline Spot Price (Dollars per Gallon),2.185
2025-07-14,U.S. Gulf Coast Kerosene-Type Jet Fuel Spot Price FOB (Dollars per Gallon),2.206
2025-07-14,New York Harbor No. 2 Heating Oil Spot Price FOB (Dollars per Gallon),2.286
2025-07-14,New York Harbor Ultra-Low Sulfur No 2 Diesel Spot Price (Dollars per Gallon),2.396
2025-07-14,U.S. Gulf Coast Ultra-Low Sulfur No 2 Diesel Spot Price (Dollars per Gallon),2.311
2025-07-11,"Los Angeles, CA Ultra-Low Sulfur CARB Diesel Spot Price (Dollars per Gallon)",2.711
2025-07-11,WTI Crude,69.63
2025-07-11,Brent Crude,72.06
2025-07-11,"Mont Belvieu, TX Propane Spot Price FOB (Dollars per Gallon)",0.741
2025-07-11,New York Harbor Conventional Gasoline Regular Spot Price FOB (Dollars per Gallon),2.208
2025-07-11,U.S. Gulf Coast Conventional Gasoline Regular Spot Price FOB (Dollars per Gallon),2.16
2025-07-11,Los Angeles Reformulated RBOB Regular Gasoline Spot Price (Dollars per Gallon),2.21
2025-07-11,U.S. Gulf Coast Kerosene-Type Jet Fuel Spot Price FOB (Dollars per Gallon),2.284
2025-07-11,New York Harbor No. 2 Heating Oil Spot Price FOB (Dollars per Gallon),2.364
2025-07-11,New York Harbor Ultra-Low Sulfur No 2 Diesel Spot Price (Dollars per Gallon),2.474
2025-07-11,U.S. Gulf Coast Ultra-Low Sulfur No 2 Diesel Spot Price (Dollars per Gallon),2.395
2025-07-10,"Los Angeles, CA Ultra-Low Sulfur CARB Diesel Spot Price (Dollars per Gallon)",2.643
2025-07-10,WTI Crude,67.78
2025-07-10,Brent Crude,70.38
2025-07-10,"Mont Belvieu, TX Propane Spot Price FOB (Dollars per Gallon)",0.725
2025-07-10,New York Harbor Conventional Gasoline Regular Spot Price FOB (Dollars per Gallon),2.173
2025-07-10,U.S. Gulf Coast Conventional Gasoline Regular Spot Price FOB (Dollars per Gallon),2.1
2025-07-10,Los Angeles Reformulated RBOB Regular Gasoline Spot Price (Dollars per Gallon),2.24
2025-07-10,U.S. Gulf Coast Kerosene-Type Jet Fuel Spot Price FOB (Dollars per Gallon),2.215
2025-07-10,New York Harbor No. 2 Heating Oil Spot Price FOB (Dollars per Gallon),2.295
2025-07-10,New York Harbor Ultra-Low Sulfur No 2 Diesel Spot Price (Dollars per Gallon),2.405
2025-07-10,U.S. Gulf Coast Ultra-Low Sulfur No 2 Diesel Spot Price (Dollars per Gallon),2.33
2025-07-09,"Los Angeles, CA Ultra-Low Sulfur CARB Diesel Spot Price (Dollars per Gallon)",2.661
2025-07-09,WTI Crude,69.61
2025-07-09,Brent Crude,71.98
2025-07-09,"Mont Belvieu, TX Propane Spot Price FOB (Dollars per Gallon)",0.733
2025-07-09,New York Harbor Conventional Gasoline Regular Spot Price FOB (Dollars per Gallon),2.209
2025-07-09,U.S. Gulf Coast Conventional Gasoline Regular Spot Price FOB (Dollars per Gallon),2.136
2025-07-09,Los Angeles Reformulated RBOB Regular Gasoline Spot Price (Dollars per Gallon),2.276
2025-07-09,U.S. Gulf Coast Kerosene-Type Jet Fuel Spot Price FOB (Dollars per Gallon),2.233
2025-07-09,New York Harbor No. 2 Heating Oil Spot Price FOB (Dollars per Gallon),2.313
2025-07-09,New York Harbor Ultra-Low Sulfur No 2 Diesel Spot Price (Dollars per Gallon),2.423
2025-07-09,U.S. Gulf Coast Ultra-Low Sulfur No 2 Diesel Spot Price (Dollars per Gallon),2.348
2025-07-08,"Los Angeles, CA Ultra-Low Sulfur CARB Diesel Spot Price (Dollars per Gallon)",2.693
2025-07-08,WTI Crude,69.55
2025-07-08,Brent Crude,72.5
2025-07-08,"Mont Belvieu, TX Propane Spot Price FOB (Dollars per Gallon)",0.733
2025-07-08,New York Harbor Conventional Gasoline Regular Spot Price FOB (Dollars per Gallon),2.206
2025-07-08,U.S. Gulf Coast Conventional Gasoline Regular Spot Price FOB (Dollars per Gallon),2.133
2025-07-08,Los Angeles Reformulated RBOB Regular Gasoline Spot Price (Dollars per Gallon),2.343
2025-07-08,U.S. Gulf Coast Kerosene-Type Jet Fuel Spot Price FOB (Dollars per Gallon),2.266
2025-07-08,New York Harbor No. 2 Heating Oil Spot Price FOB (Dollars per Gallon),2.346
2025-07-08,New York Harbor Ultra-Low Sulfur No 2 Diesel Spot Price (Dollars per Gallon),2.456
2025-07-08,U.S. Gulf Coast Ultra-Low Sulfur No 2 Diesel Spot Price (Dollars per Gallon),2.39
2025-07-07,"Los Angeles, CA Ultra-Low Sulfur CARB Diesel Spot Price (Dollars per Gallon)",2.618
2025-07-07,WTI Crude,69.16
2025-07-07,Brent Crude,71.95
2025-07-07,"Mont Belvieu, TX Propane Spot Price FOB (Dollars per Gallon)",0.724
2025-07-07,New York Harbor Conventional Gasoline Regular Spot Price FOB (Dollars per Gallon),2.174
2025-07-07,U.S. Gulf Coast Conventional Gasoline Regular Spot Price FOB (Dollars per Gallon),2.112
2025-07-07,Los Angeles Reformulated RBOB Regular Gasoline Spot Price (Dollars per Gallon),2.317
2025-07-07,U.S. Gulf Coast Kerosene-Type Jet Fuel Spot Price FOB (Dollars per Gallon),2.24
2025-07-07,New York Harbor No. 2 Heating Oil Spot Price FOB (Dollars per Gallon),2.32
2025-07-07,New York Harbor Ultra-Low Sulfur No 2 Diesel Spot Price (Dollars per Gallon),2.43
2025-07-07,U.S. Gulf Coast Ultra-Low Sulfur No 2 Diesel Spot Price (Dollars per Gallon),2.367
2025-07-04,Brent Crude,71.03
2025-07-03,"Los Angeles, CA Ultra-Low Sulfur CARB Diesel Spot Price (Dollars per Gallon)",2.57
2025-07-03,WTI Crude,68.13
2025-07-03,Brent Crude,70.42
2025-07-03,"Mont Belvieu, TX Propane Spot Price FOB (Dollars per Gallon)",0.714
2025-07-03,New York Harbor Conventional Gasoline Regular Spot Price FOB (Dollars per Gallon),2.137
2025-07-03,U.S. Gulf Coast Conventional Gasoline Regular Spot Price FOB (Dollars per Gallon),2.075
2025-07-03,Los Angeles Reformulated RBOB Regular Gasoline Spot Price (Dollars per Gallon),2.255
2025-07-03,U.S. Gulf Coast Kerosene-Type Jet Fuel Spot Price FOB (Dollars per Gallon),2.192
2025-07-03,New York Harbor No. 2 Heating Oil Spot Price FOB (Dollars per Gallon),2.272
2025-07-03,New York Harbor Ultra-Low Sulfur No 2 Diesel Spot Price (Dollars per Gallon),2.382
2025-07-03,U.S. Gulf Coast Ultra-Low Sulfur No 2 Diesel Spot Price (Dollars per Gallon),2.319
2025-07-02,"Los Angeles, CA Ultra-Low Sulfur CARB Diesel Spot Price (Dollars per Gallon)",2.615
2025-07-02,WTI Crude,68.66
2025-07-02,Brent Crude,70.8
2025-07-02,"Mont Belvieu, TX Propane Spot Price FOB (Dollars per Gallon)",0.709
2025-07-02,New York Harbor Conventional Gasoline Regular Spot Price FOB (Dollars per Gallon),2.139
2025-07-02,U.S. Gulf Coast Conventional Gasoline Regular Spot Price FOB (Dollars per Gallon),2.086
2025-07-02,Los Angeles Reformulated RBOB Regular Gasoline Spot Price (Dollars per Gallon),2.256
2025-07-02,U.S. Gulf Coast Kerosene-Type Jet Fuel Spot Price FOB (Dollars per Gallon),2.238
2025-07-02,New York Harbor No. 2 Heating Oil Spot Price FOB (Dollars per Gallon),2.318
2025-07-02,New York Harbor Ultra-Low Sulfur No 2 Diesel Spot Price (Dollars per Gallon),2.428
2025-07-02,U.S. Gulf Coast Ultra-Low Sulfur No 2 Diesel Spot Price (Dollars per Gallon),2.363
2025-07-01,"Los Angeles, CA Ultra-Low Sulfur CARB Diesel Spot Price (Dollars per Gallon)",2.529
2025-07-01,WTI Crude,66.64
2025-07-01,Brent Crude,67.63
2025-07-01,"Mont Belvieu, TX Propane Spot Price FOB (Dollars per Gallon)",0.709
2025-07-01,New York Harbor Conventional Gasoline Regular Spot Price FOB (Dollars per Gallon),2.122
2025-07-01,U.S. Gulf Coast Conventional Gasoline Regular Spot Price FOB (Dollars per Gallon),2.025
2025-07-01,Los Angeles Reformulated RBOB Regular Gasoline Spot Price (Dollars per Gallon),2.265
2025-07-01,U.S. Gulf Coast Kerosene-Type Jet Fuel Spot Price FOB (Dollars per Gallon),2.152
2025-07-01,New York Harbor No. 2 Heating Oil Spot Price FOB (Dollars per Gallon),2.232
2025-07-01,New York Harbor Ultra-Low Sulfur No 2 Diesel Spot Price (Dollars per Gallon),2.342
2025-07-01,U.S. Gulf Coast Ultra-Low Sulfur No 2 Diesel Spot Price (Dollars per Gallon),2.282
2025-06-30,"Los Angeles, CA Ultra-Low Sulfur CARB Diesel Spot Price (Dollars per Gallon)",2.545
2025-06-30,WTI Crude,66.3
2025-06-30,Brent Crude,68.15
2025-06-30,"Mont Belvieu, TX Propane Spot Price FOB (Dollars per Gallon)",0.72
2025-06-30,New York Harbor Conventional Gasoline Regular Spot Price FOB (Dollars per Gallon),2.102
2025-06-30,U.S. Gulf Coast Conventional Gasoline Regular Spot Price FOB (Dollars per Gallon),2.045
2025-06-30,Los Angeles Reformulated RBOB Regular Gasoline Spot Price (Dollars per Gallon),2.215
2025-06-30,U.S. Gulf Coast Kerosene-Type Jet Fuel Spot Price FOB (Dollars per Gallon),2.177
2025-06-30,New York Harbor No. 2 Heating Oil Spot Price FOB (Dollars per Gallon),2.257
2025-06-30,New York Harbor Ultra-Low Sulfur No 2 Diesel Spot Price (Dollars per Gallon),2.367
2025-06-30,U.S. Gulf Coast Ultra-Low Sulfur No 2 Diesel Spot Price (Dollars per Gallon),2.301
2025-06-27,"Los Angeles, CA Ultra-Low Sulfur CARB Diesel Spot Price (Dollars per Gallon)",2.429
2025-06-27,WTI Crude,66.66
2025-06-27,Brent Crude,69.37
2025-06-27,"Mont Belvieu, TX Propane Spot Price FOB (Dollars per Gallon)",0.718
2025-06-27,New York Harbor Conventional Gasoline Regular Spot Price FOB (Dollars per Gallon),2.098
2025-06-27,U.S. Gulf Coast Conventional Gasoline Regular Spot Price FOB (Dollars per Gallon),1.99
2025-06-27,Los Angeles Reformulated RBOB Regular Gasoline Spot Price (Dollars per Gallon),2.225
2025-06-27,U.S. Gulf Coast Kerosene-Type Jet Fuel Spot Price FOB (Dollars per Gallon),2.107
2025-06-27,New York Harbor No. 2 Heating Oil Spot Price FOB (Dollars per Gallon),2.187
2025-06-27,New York Harbor Ultra-Low Sulfur No 2 Diesel Spot Price (Dollars per Gallon),2.297
2025-06-27,U.S. Gulf Coast Ultra-Low Sulfur No 2 Diesel Spot Price (Dollars per Gallon),2.229
2025-06-26,"Los Angeles, CA Ultra-Low Sulfur CARB Diesel Spot Price (Dollars per Gallon)",2.497
2025-06-26,WTI Crude,66.44
2025-06-26,Brent Crude,68.57
2025-06-26,"Mont Belvieu, TX Propane Spot Price FOB (Dollars per Gallon)",0.72
2025-06-26,New York Harbor Conventional Gasoline Regular Spot Price FOB (Dollars per Gallon),2.118
2025-06-26,U.S. Gulf Coast Conventional Gasoline Regular Spot Price FOB (Dollars per Gallon),2.01
2025-06-26,Los Angeles Reformulated RBOB Regular Gasoline Spot Price (Dollars per Gallon),2.24
2025-06-26,U.S. Gulf Coast Kerosene-Type Jet Fuel Spot Price FOB (Dollars per Gallon),2.199
2025-06-26,New York Harbor No. 2 Heating Oil Spot Price FOB (Dollars per Gallon),2.279
2025-06-26,New York Harbor Ultra-Low Sulfur No 2 Diesel Spot Price (Dollars per Gallon),2.389
2025-06-26,U.S. Gulf Coast Ultra-Low Sulfur No 2 Diesel Spot Price (Dollars per Gallon),2.322
2025-06-25,"Los Angeles, CA Ultra-Low Sulfur CARB Diesel Spot Price (Dollars per Gallon)",2.425
2025-06-25,WTI Crude,65.98
2025-06-25,Brent Crude,68.4
2025-06-25,"Mont Belvieu, TX Propane Spot Price FOB (Dollars per Gallon)",0.731
2025-06-25,New York Harbor Conventional Gasoline Regular Spot Price FOB (Dollars per Gallon),2.103
2025-06-25,U.S. Gulf Coast Conventional Gasoline Regular Spot Price FOB (Dollars per Gallon),2.011
2025-06-25,Los Angeles Reformulated RBOB Regular Gasoline Spot Price (Dollars per Gallon),2.226
2025-06-25,U.S. Gulf Coast Kerosene-Type Jet Fuel Spot Price FOB (Dollars per Gallon),2.128
2025-06-25,New York Harbor No. 2 Heating Oil Spot Price FOB (Dollars per Gallon),2.208
2025-06-25,New York Harbor Ultra-Low Sulfur No 2 Diesel Spot Price (Dollars per Gallon),2.318
2025-06-25,U.S. Gulf Coast Ultra-Low Sulfur No 2 Diesel Spot Price (Dollars per Gallon),2.247
2025-06-24,"Los Angeles, CA Ultra-Low Sulfur CARB Diesel Spot Price (Dollars per Gallon)",2.422
2025-06-24,WTI Crude,65.45
2025-06-24,Brent Crude,69.13
2025-06-24,"Mont Belvieu, TX Propane Spot Price FOB (Dollars per Gallon)",0.748
2025-06-24,New York Harbor Conventional Gasoline Regular Spot Price FOB (Dollars per Gallon),2.115
2025-06-24,U.S. Gulf Coast Conventional Gasoline Regular Spot Price FOB (Dollars per Gallon),2.018
2025-06-24,Los Angeles Reformulated RBOB Regular Gasoline Spot Price (Dollars per Gallon),2.203
2025-06-24,U.S. Gulf Coast Kerosene-Type Jet Fuel Spot Price FOB (Dollars per Gallon),2.11
2025-06-24,New York Harbor No. 2 Heating Oil Spot Price FOB (Dollars per Gallon),2.205
2025-06-24,New York Harbor Ultra-Low Sulfur No 2 Diesel Spot Price (Dollars per Gallon),2.317
2025-06-24,U.S. Gulf Coast Ultra-Low Sulfur No 2 Diesel Spot Price (Dollars per Gallon),2.25
2025-06-23,"Los Angeles, CA Ultra-Low Sulfur CARB Diesel Spot Price (Dollars per Gallon)",2.405
2025-06-23,WTI Crude,69.36
2025-06-23,Brent Crude,74.34
2025-06-23,"Mont Belvieu, TX Propane Spot Price FOB (Dollars per Gallon)",0.789
2025-06-23,New York Harbor Conventional Gasoline Regular Spot Price FOB (Dollars per Gallon),2.202
2025-06-23,U.S. Gulf Coast Conventional Gasoline Regular Spot Price FOB (Dollars per Gallon),2.104
2025-06-23,Los Angeles Reformulated RBOB Regular Gasoline Spot Price (Dollars per Gallon),2.334
2025-06-23,U.S. Gulf Coast Kerosene-Type Jet Fuel Spot Price FOB (Dollars per Gallon),2.132
2025-06-23,New York Harbor No. 2 Heating Oil Spot Price FOB (Dollars per Gallon),2.227
2025-06-23,New York Harbor Ultra-Low Sulfur No 2 Diesel Spot Price (Dollars per Gallon),2.34
2025-06-23,U.S. Gulf Coast Ultra-Low Sulfur No 2 Diesel Spot Price (Dollars per Gallon),2.272
2025-06-20,"Los Angeles, CA Ultra-Low Sulfur CARB Diesel Spot Price (Dollars per Gallon)",2.621
2025-06-20,WTI Crude,75.72
2025-06-20,Brent Crude,78.73
2025-06-20,"Mont Belvieu, TX Propane Spot Price FOB (Dollars per Gallon)",0.801
2025-06-20,New York Harbor Conventional Gasoline Regular Spot Price FOB (Dollars per Gallon),2.353
2025-06-20,U.S. Gulf Coast Conventional Gasoline Regular Spot Price FOB (Dollars per Gallon),2.265
2025-06-20,Los Angeles Reformulated RBOB Regular Gasoline Spot Price (Dollars per Gallon),2.435
2025-06-20,U.S. Gulf Coast Kerosene-Type Jet Fuel Spot Price FOB (Dollars per Gallon),2.349
2025-06-20,New York Harbor No. 2 Heating Oil Spot Price FOB (Dollars per Gallon),2.444
2025-06-20,New York Harbor Ultra-Low Sulfur No 2 Diesel Spot Price (Dollars per Gallon),2.556
2025-06-20,U.S. Gulf Coast Ultra-Low Sulfur No 2 Diesel Spot Price (Dollars per Gallon),2.491
2025-06-19,Brent Crude,80.37
2025-06-18,"Los Angeles, CA Ultra-Low Sulfur CARB Diesel Spot Price (Dollars per Gallon)",2.593
2025-06-18,WTI Crude,75.89
2025-06-18,Brent Crude,78.38
2025-06-18,"Mont Belvieu, TX Propane Spot Price FOB (Dollars per Gallon)",0.803
2025-06-18,New York Harbor Conventional Gasoline Regular Spot Price FOB (Dollars per Gallon),2.338
2025-06-18,U.S. Gulf Coast Conventional Gasoline Regular Spot Price FOB (Dollars per Gallon),2.218
2025-06-18,Los Angeles Reformulated RBOB Regular Gasoline Spot Price (Dollars per Gallon),2.393
2025-06-18,U.S. Gulf Coast Kerosene-Type Jet Fuel Spot Price FOB (Dollars per Gallon),2.35
2025-06-18,New York Harbor No. 2 Heating Oil Spot Price FOB (Dollars per Gallon),2.445
2025-06-18,New York Harbor Ultra-Low Sulfur No 2 Diesel Spot Price (Dollars per Gallon),2.558
2025-06-18,U.S. Gulf Coast Ultra-Low Sulfur No 2 Diesel Spot Price (Dollars per Gallon),2.468
2025-06-17,"Los Angeles, CA Ultra-Low Sulfur CARB Diesel Spot Price (Dollars per Gallon)",2.589
2025-06-17,WTI Crude,75.62
2025-06-17,Brent Crude,78.7
2025-06-17,"Mont Belvieu, TX Propane Spot Price FOB (Dollars per Gallon)",0.809
2025-06-17,New York Harbor Conventional Gasoline Regular Spot Price FOB (Dollars per Gallon),2.314
2025-06-17,U.S. Gulf Coast Conventional Gasoline Regular Spot Price FOB (Dollars per Gallon),2.211
2025-06-17,Los Angeles Reformulated RBOB Regular Gasoline Spot Price (Dollars per Gallon),2.431
2025-06-17,U.S. Gulf Coast Kerosene-Type Jet Fuel Spot Price FOB (Dollars per Gallon),2.304
2025-06-17,New York Harbor No. 2 Heating Oil Spot Price FOB (Dollars per Gallon),2.401
2025-06-17,New York Harbor Ultra-Low Sulfur No 2 Diesel Spot Price (Dollars per Gallon),2.514
2025-06-17,U.S. Gulf Coast Ultra-Low Sulfur No 2 Diesel Spot Price (Dollars per Gallon),2.426
2025-06-16,"Los Angeles, CA Ultra-Low Sulfur CARB Diesel Spot Price (Dollars per Gallon)",2.46
2025-06-16,WTI Crude,72.53
2025-06-16,Brent Crude,75.05
2025-06-16,"Mont Belvieu, TX Propane Spot Price FOB (Dollars per Gallon)",0.809
2025-06-16,New York Harbor Conventional Gasoline Regular Spot Price FOB (Dollars per Gallon),2.227
2025-06-16,U.S. Gulf Coast Conventional Gasoline Regular Spot Price FOB (Dollars per Gallon),2.162
2025-06-16,Los Angeles Reformulated RBOB Regular Gasoline Spot Price (Dollars per Gallon),2.36
2025-06-16,U.S. Gulf Coast Kerosene-Type Jet Fuel Spot Price FOB (Dollars per Gallon),2.197
2025-06-16,New York Harbor No. 2 Heating Oil Spot Price FOB (Dollars per Gallon),2.283
2025-06-16,New York Harbor Ultra-Low Sulfur No 2 Diesel Spot Price (Dollars per Gallon),2.398
2025-06-16,U.S. Gulf Coast Ultra-Low Sulfur No 2 Diesel Spot Price (Dollars per Gallon),2.31
2025-06-13,"Los Angeles, CA Ultra-Low Sulfur CARB Diesel Spot Price (Dollars per Gallon)",2.465
2025-06-13,WTI Crude,73.84
2025-06-13,Brent Crude,76.0
2025-06-13,"Mont Belvieu, TX Propane Spot Price FOB (Dollars per Gallon)",0.813
2025-06-13,New York Harbor Conventional Gasoline Regular Spot Price FOB (Dollars per Gallon),2.252
2025-06-13,U.S. Gulf Coast Conventional Gasoline Regular Spot Price FOB (Dollars per Gallon),2.187
2025-06-13,Los Angeles Reformulated RBOB Regular Gasoline Spot Price (Dollars per Gallon),2.385
2025-06-13,U.S. Gulf Coast Kerosene-Type Jet Fuel Spot Price FOB (Dollars per Gallon),2.202
2025-06-13,New York Harbor No. 2 Heating Oil Spot Price FOB (Dollars per Gallon),2.287
2025-06-13,New York Harbor Ultra-Low Sulfur No 2 Diesel Spot Price (Dollars per Gallon),2.402
2025-06-13,U.S. Gulf Coast Ultra-Low Sulfur No 2 Diesel Spot Price (Dollars per Gallon),2.315
2025-06-12,"Los Angeles, CA Ultra-Low Sulfur CARB Diesel Spot Price (Dollars per Gallon)",2.283
2025-06-12,WTI Crude,68.73
2025-06-12,Brent Crude,70.84
2025-06-12,"Mont Belvieu, TX Propane Spot Price FOB (Dollars per Gallon)",0.776
2025-06-12,New York Harbor Conventional Gasoline Regular Spot Price FOB (Dollars per Gallon),2.178
2025-06-12,U.S. Gulf Coast Conventional Gasoline Regular Spot Price FOB (Dollars per Gallon),2.115
2025-06-12,Los Angeles Reformulated RBOB Regular Gasoline Spot Price (Dollars per Gallon),2.265
2025-06-12,U.S. Gulf Coast Kerosene-Type Jet Fuel Spot Price FOB (Dollars per Gallon),2.02
2025-06-12,New York Harbor No. 2 Heating Oil Spot Price FOB (Dollars per Gallon),2.106
2025-06-12,New York Harbor Ultra-Low Sulfur No 2 Diesel Spot Price (Dollars per Gallon),2.223
2025-06-12,U.S. Gulf Coast Ultra-Low Sulfur No 2 Diesel Spot Price (Dollars per Gallon),2.133
2025-06-11,"Los Angeles, CA Ultra-Low Sulfur CARB Diesel Spot Price (Dollars per Gallon)",2.261
2025-06-11,WTI Crude,68.91
2025-06-11,Brent Crude,71.29
2025-06-11,"Mont Belvieu, TX Propane Spot Price FOB (Dollars per Gallon)",0.773
2025-06-11,New York Harbor Conventional Gasoline Regular Spot Price FOB (Dollars per Gallon),2.021
2025-06-11,U.S. Gulf Coast Conventional Gasoline Regular Spot Price FOB (Dollars per Gallon),2.119
2025-06-11,Los Angeles Reformulated RBOB Regular Gasoline Spot Price (Dollars per Gallon),2.269
2025-06-11,U.S. Gulf Coast Kerosene-Type Jet Fuel Spot Price FOB (Dollars per Gallon),2.018
2025-06-11,New York Harbor No. 2 Heating Oil Spot Price FOB (Dollars per Gallon),2.104
2025-06-11,New York Harbor Ultra-Low Sulfur No 2 Diesel Spot Price (Dollars per Gallon),2.201
2025-06-11,U.S. Gulf Coast Ultra-Low Sulfur No 2 Diesel Spot Price (Dollars per Gallon),2.131
2025-06-10,"Los Angeles, CA Ultra-Low Sulfur CARB Diesel Spot Price (Dollars per Gallon)",2.18
2025-06-10,WTI Crude,65.66
2025-06-10,Brent Crude,68.41
2025-06-10,"Mont Belvieu, TX Propane Spot Price FOB (Dollars per Gallon)",0.748
2025-06-10,New York Harbor Conventional Gasoline Regular Spot Price FOB (Dollars per Gallon),1.955
2025-06-10,U.S. Gulf Coast Conventional Gasoline Regular Spot Price FOB (Dollars per Gallon),2.02
2025-06-10,Los Angeles Reformulated RBOB Regular Gasoline Spot Price (Dollars per Gallon),2.267
2025-06-10,U.S. Gulf Coast Kerosene-Type Jet Fuel Spot Price FOB (Dollars per Gallon),1.965
2025-06-10,New York Harbor No. 2 Heating Oil Spot Price FOB (Dollars per Gallon),2.043
2025-06-10,New York Harbor Ultra-Low Sulfur No 2 Diesel Spot Price (Dollars per Gallon),2.14
2025-06-10,U.S. Gulf Coast Ultra-Low Sulfur No 2 Diesel Spot Price (Dollars per Gallon),2.075
2025-06-09,"Los Angeles, CA Ultra-Low Sulfur CARB Diesel Spot Price (Dollars per Gallon)",2.189
2025-06-09,WTI Crude,65.99
2025-06-09,Brent Crude,68.73
2025-06-09,"Mont Belvieu, TX Propane Spot Price FOB (Dollars per Gallon)",0.748
2025-06-09,New York Harbor Conventional Gasoline Regular Spot Price FOB (Dollars per Gallon),1.947
2025-06-09,U.S. Gulf Coast Conventional Gasoline Regular Spot Price FOB (Dollars per Gallon),2.015
2025-06-09,Los Angeles Reformulated RBOB Regular Gasoline Spot Price (Dollars per Gallon),2.277
2025-06-09,U.S. Gulf Coast Kerosene-Type Jet Fuel Spot Price FOB (Dollars per Gallon),1.976
2025-06-09,New York Harbor No. 2 Heating Oil Spot Price FOB (Dollars per Gallon),2.051
2025-06-09,New York Harbor Ultra-Low Sulfur No 2 Diesel Spot Price (Dollars per Gallon),2.149
2025-06-09,U.S. Gulf Coast Ultra-Low Sulfur No 2 Diesel Spot Price (Dollars per Gallon),2.085
2025-06-06,"Los Angeles, CA Ultra-Low Sulfur CARB Diesel Spot Price (Dollars per Gallon)",2.169
2025-06-06,WTI Crude,65.3
2025-06-06,Brent Crude,68.02
2025-06-06,"Mont Belvieu, TX Propane Spot Price FOB (Dollars per Gallon)",0.746
2025-06-06,New York Harbor Conventional Gasoline Regular Spot Price FOB (Dollars per Gallon),1.93
2025-06-06,U.S. Gulf Coast Conventional Gasoline Regular Spot Price FOB (Dollars per Gallon),1.995
2025-06-06,Los Angeles Reformulated RBOB Regular Gasoline Spot Price (Dollars per Gallon),2.26
2025-06-06,U.S. Gulf Coast Kerosene-Type Jet Fuel Spot Price FOB (Dollars per Gallon),1.957
2025-06-06,New York Harbor No. 2 Heating Oil Spot Price FOB (Dollars per Gallon),2.032
2025-06-06,New York Harbor Ultra-Low Sulfur No 2 Diesel Spot Price (Dollars per Gallon),2.129
2025-06-06,U.S. Gulf Coast Ultra-Low Sulfur No 2 Diesel Spot Price (Dollars per Gallon),2.064
2025-06-05,"Los Angeles, CA Ultra-Low Sulfur CARB Diesel Spot Price (Dollars per Gallon)",2.163
2025-06-05,WTI Crude,64.06
2025-06-05,Brent Crude,67.14
2025-06-05,"Mont Belvieu, TX Propane Spot Price FOB (Dollars per Gallon)",0.723
2025-06-05,New York Harbor Conventional Gasoline Regular Spot Price FOB (Dollars per Gallon),1.911
2025-06-05,U.S. Gulf Coast Conventional Gasoline Regular Spot Price FOB (Dollars per Gallon),1.994
2025-06-05,Los Angeles Reformulated RBOB Regular Gasoline Spot Price (Dollars per Gallon),2.221
2025-06-05,U.S. Gulf Coast Kerosene-Type Jet Fuel Spot Price FOB (Dollars per Gallon),1.928
2025-06-05,New York Harbor No. 2 Heating Oil Spot Price FOB (Dollars per Gallon),1.995
2025-06-05,New York Harbor Ultra-Low Sulfur No 2 Diesel Spot Price (Dollars per Gallon),2.093
2025-06-05,U.S. Gulf Coast Ultra-Low Sulfur No 2 Diesel Spot Price (Dollars per Gallon),2.026
2025-06-04,"Los Angeles, CA Ultra-Low Sulfur CARB Diesel Spot Price (Dollars per Gallon)",2.133
2025-06-04,WTI Crude,63.57
2025-06-04,Brent Crude,66.69
2025-06-04,"Mont Belvieu, TX Propane Spot Price FOB (Dollars per Gallon)",0.705
2025-06-04,New York Harbor Conventional Gasoline Regular Spot Price FOB (Dollars per Gallon),1.913
2025-06-04,U.S. Gulf Coast Conventional Gasoline Regular Spot Price FOB (Dollars per Gallon),1.978
2025-06-04,Los Angeles Reformulated RBOB Regular Gasoline Spot Price (Dollars per Gallon),2.203
2025-06-04,U.S. Gulf Coast Kerosene-Type Jet Fuel Spot Price FOB (Dollars per Gallon),1.913
2025-06-04,New York Harbor No. 2 Heating Oil Spot Price FOB (Dollars per Gallon),1.97
2025-06-04,New York Harbor Ultra-Low Sulfur No 2 Diesel Spot Price (Dollars per Gallon),2.068
2025-06-04,U.S. Gulf Coast Ultra-Low Sulfur No 2 Diesel Spot Price (Dollars per Gallon),2.004
2025-06-03,"Los Angeles, CA Ultra-Low Sulfur CARB Diesel Spot Price (Dollars per Gallon)",2.174
2025-06-03,WTI Crude,64.1
2025-06-03,Brent Crude,67.48
2025-06-03,"Mont Belvieu, TX Propane Spot Price FOB (Dollars per Gallon)",0.725
2025-06-03,New York Harbor Conventional Gasoline Regular Spot Price FOB (Dollars per Gallon),1.957
2025-06-03,U.S. Gulf Coast Conventional Gasoline Regular Spot Price FOB (Dollars per Gallon),2.022
2025-06-03,Los Angeles Reformulated RBOB Regular Gasoline Spot Price (Dollars per Gallon),2.282
2025-06-03,U.S. Gulf Coast Kerosene-Type Jet Fuel Spot Price FOB (Dollars per Gallon),1.944
2025-06-03,New York Harbor No. 2 Heating Oil Spot Price FOB (Dollars per Gallon),2.002
2025-06-03,New York Harbor Ultra-Low Sulfur No 2 Diesel Spot Price (Dollars per Gallon),2.099
2025-06-03,U.S. Gulf Coast Ultra-Low Sulfur No 2 Diesel Spot Price (Dollars per Gallon),2.036
2025-06-02,"Los Angeles, CA Ultra-Low Sulfur CARB Diesel Spot Price (Dollars per Gallon)",2.148
2025-06-02,WTI Crude,63.27
2025-06-02,Brent Crude,66.55
2025-06-02,"Mont Belvieu, TX Propane Spot Price FOB (Dollars per Gallon)",0.723
2025-06-02,New York Harbor Conventional Gasoline Regular Spot Price FOB (Dollars per Gallon),1.937
2025-06-02,U.S. Gulf Coast Conventional Gasoline Regular Spot Price FOB (Dollars per Gallon),2.004
2025-06-02,Los Angeles Reformulated RBOB Regular Gasoline Spot Price (Dollars per Gallon),2.267
2025-06-02,U.S. Gulf Coast Kerosene-Type Jet Fuel Spot Price FOB (Dollars per Gallon),1.901
2025-06-02,New York Harbor No. 2 Heating Oil Spot Price FOB (Dollars per Gallon),1.963
2025-06-02,New York Harbor Ultra-Low Sulfur No 2 Diesel Spot Price (Dollars per Gallon),2.061
2025-06-02,U.S. Gulf Coast Ultra-Low Sulfur No 2 Diesel Spot Price (Dollars per Gallon),1.997
2025-05-30,"Los Angeles, CA Ultra-Low Sulfur CARB Diesel Spot Price (Dollars per Gallon)",2.103
2025-05-30,WTI Crude,61.46
2025-05-30,Brent Crude,64.32
2025-05-30,"Mont Belvieu, TX Propane Spot Price FOB (Dollars per Gallon)",0.728
2025-05-30,New York Harbor Conventional Gasoline Regular Spot Price FOB (Dollars per Gallon),1.912
2025-05-30,U.S. Gulf Coast Conventional Gasoline Regular Spot Price FOB (Dollars per Gallon),1.953
2025-05-30,Los Angeles Reformulated RBOB Regular Gasoline Spot Price (Dollars per Gallon),2.224
2025-05-30,U.S. Gulf Coast Kerosene-Type Jet Fuel Spot Price FOB (Dollars per Gallon),1.846
2025-05-30,New York Harbor No. 2 Heating Oil Spot Price FOB (Dollars per Gallon),1.918
2025-05-30,New York Harbor Ultra-Low Sulfur No 2 Diesel Spot Price (Dollars per Gallon),2.015
2025-05-30,U.S. Gulf Coast Ultra-Low Sulfur No 2 Diesel Spot Price (Dollars per Gallon),1.946
2025-05-29,"Los Angeles, CA Ultra-Low Sulfur CARB Diesel Spot Price (Dollars per Gallon)",2.124
2025-05-29,WTI Crude,61.66
2025-05-29,Brent Crude,64.6
2025-05-29,"Mont Belvieu, TX Propane Spot Price FOB (Dollars per Gallon)",0.735
2025-05-29,New York Harbor Conventional Gasoline Regular Spot Price FOB (Dollars per Gallon),1.938
2025-05-29,U.S. Gulf Coast Conventional Gasoline Regular Spot Price FOB (Dollars per Gallon),1.979
2025-05-29,Los Angeles Reformulated RBOB Regular Gasoline Spot Price (Dollars per Gallon),2.24
2025-05-29,U.S. Gulf Coast Kerosene-Type Jet Fuel Spot Price FOB (Dollars per Gallon),1.871
2025-05-29,New York Harbor No. 2 Heating Oil Spot Price FOB (Dollars per Gallon),1.946
2025-05-29,New York Harbor Ultra-Low Sulfur No 2 Diesel Spot Price (Dollars per Gallon),2.044
2025-05-29,U.S. Gulf Coast Ultra-Low Sulfur No 2 Diesel Spot Price (Dollars per Gallon),1.967
2025-05-28,"Los Angeles, CA Ultra-Low Sulfur CARB Diesel Spot Price (Dollars per Gallon)",2.158
2025-05-28,WTI Crude,62.54
2025-05-28,Brent Crude,65.72
2025-05-28,"Mont Belvieu, TX Propane Spot Price FOB (Dollars per Gallon)",0.748
2025-05-28,New York Harbor Conventional Gasoline Regular Spot Price FOB (Dollars per Gallon),1.96
2025-05-28,U.S. Gulf Coast Conventional Gasoline Regular Spot Price FOB (Dollars per Gallon),2.004
2025-05-28,Los Angeles Reformulated RBOB Regular Gasoline Spot Price (Dollars per Gallon),2.328
2025-05-28,U.S. Gulf Coast Kerosene-Type Jet Fuel Spot Price FOB (Dollars per Gallon),1.906
2025-05-28,New York Harbor No. 2 Heating Oil Spot Price FOB (Dollars per Gallon),1.981
2025-05-28,New York Harbor Ultra-Low Sulfur No 2 Diesel Spot Price (Dollars per Gallon),2.078
2025-05-28,U.S. Gulf Coast Ultra-Low Sulfur No 2 Diesel Spot Price (Dollars per Gallon),2.002
2025-05-27,"Los Angeles, CA Ultra-Low Sulfur CARB Diesel Spot Price (Dollars per Gallon)",2.162
2025-05-27,WTI Crude,61.61
2025-05-27,Brent Crude,64.32
2025-05-27,"Mont Belvieu, TX Propane Spot Price FOB (Dollars per Gallon)",0.756
2025-05-27,New York Harbor Conventional Gasoline Regular Spot Price FOB (Dollars per Gallon),1.965
2025-05-27,U.S. Gulf Coast Conventional Gasoline Regular Spot Price FOB (Dollars per Gallon),2.007
2025-05-27,Los Angeles Reformulated RBOB Regular Gasoline Spot Price (Dollars per Gallon),2.36
2025-05-27,U.S. Gulf Coast Kerosene-Type Jet Fuel Spot Price FOB (Dollars per Gallon),1.9
2025-05-27,New York Harbor No. 2 Heating Oil Spot Price FOB (Dollars per Gallon),1.985
2025-05-27,New York Harbor Ultra-Low Sulfur No 2 Diesel Spot Price (Dollars per Gallon),2.082
2025-05-27,U.S. Gulf Coast Ultra-Low Sulfur No 2 Diesel Spot Price (Dollars per Gallon),1.997
2025-05-23,"Los Angeles, CA Ultra-Low Sulfur CARB Diesel Spot Price (Dollars per Gallon)",2.188
2025-05-23,WTI Crude,62.89
2025-05-23,Brent Crude,65.41
2025-05-23,"Mont Belvieu, TX Propane Spot Price FOB (Dollars per Gallon)",0.755
2025-05-23,New York Harbor Conventional Gasoline Regular Spot Price FOB (Dollars per Gallon),1.992
2025-05-23,U.S. Gulf Coast Conventional Gasoline Regular Spot Price FOB (Dollars per Gallon),2.102
2025-05-23,Los Angeles Reformulated RBOB Regular Gasoline Spot Price (Dollars per Gallon),2.512
2025-05-23,U.S. Gulf Coast Kerosene-Type Jet Fuel Spot Price FOB (Dollars per Gallon),1.948
2025-05-23,New York Harbor No. 2 Heating Oil Spot Price FOB (Dollars per Gallon),2.011
2025-05-23,New York Harbor Ultra-Low Sulfur No 2 Diesel Spot Price (Dollars per Gallon),2.108
2025-05-23,U.S. Gulf Coast Ultra-Low Sulfur No 2 Diesel Spot Price (Dollars per Gallon),2.052
2025-05-22,"Los Angeles, CA Ultra-Low Sulfur CARB Diesel Spot Price (Dollars per Gallon)",2.142
2025-05-22,WTI Crude,62.55
2025-05-22,Brent Crude,64.87
2025-05-22,"Mont Belvieu, TX Propane Spot Price FOB (Dollars per Gallon)",0.755
2025-05-22,New York Harbor Conventional Gasoline Regular Spot Price FOB (Dollars per Gallon),2.041
2025-05-22,U.S. Gulf Coast Conventional Gasoline Regular Spot Price FOB (Dollars per Gallon),2.106
2025-05-22,Los Angeles Reformulated RBOB Regular Gasoline Spot Price (Dollars per Gallon),2.501
2025-05-22,U.S. Gulf Coast Kerosene-Type Jet Fuel Spot Price FOB (Dollars per Gallon),1.946
2025-05-22,New York Harbor No. 2 Heating Oil Spot Price FOB (Dollars per Gallon),2.01
2025-05-22,New York Harbor Ultra-Low Sulfur No 2 Diesel Spot Price (Dollars per Gallon),2.107
2025-05-22,U.S. Gulf Coast Ultra-Low Sulfur No 2 Diesel Spot Price (Dollars per Gallon),2.052
2025-05-21,"Los Angeles, CA Ultra-Low Sulfur CARB Diesel Spot Price (Dollars per Gallon)",2.168
2025-05-21,WTI Crude,62.93
2025-05-21,Brent Crude,65.86
2025-05-21,"Mont Belvieu, TX Propane Spot Price FOB (Dollars per Gallon)",0.769
2025-05-21,New York Harbor Conventional Gasoline Regular Spot Price FOB (Dollars per Gallon),2.063
2025-05-21,U.S. Gulf Coast Conventional Gasoline Regular Spot Price FOB (Dollars per Gallon),2.108
2025-05-21,Los Angeles Reformulated RBOB Regular Gasoline Spot Price (Dollars per Gallon),2.438
2025-05-21,U.S. Gulf Coast Kerosene-Type Jet Fuel Spot Price FOB (Dollars per Gallon),1.975
2025-05-21,New York Harbor No. 2 Heating Oil Spot Price FOB (Dollars per Gallon),2.035
2025-05-21,New York Harbor Ultra-Low Sulfur No 2 Diesel Spot Price (Dollars per Gallon),2.133
2025-05-21,U.S. Gulf Coast Ultra-Low Sulfur No 2 Diesel Spot Price (Dollars per Gallon),2.05
2025-05-20,"Los Angeles, CA Ultra-Low Sulfur CARB Diesel Spot Price (Dollars per Gallon)",2.171
2025-05-20,WTI Crude,63.97
2025-05-20,Brent Crude,66.93
2025-05-20,"Mont Belvieu, TX Propane Spot Price FOB (Dollars per Gallon)",0.77
2025-05-20,New York Harbor Conventional Gasoline Regular Spot Price FOB (Dollars per Gallon),2.028
2025-05-20,U.S. Gulf Coast Conventional Gasoline Regular Spot Price FOB (Dollars per Gallon),2.093
2025-05-20,Los Angeles Reformulated RBOB Regular Gasoline Spot Price (Dollars per Gallon),2.453
2025-05-20,U.S. Gulf Coast Kerosene-Type Jet Fuel Spot Price FOB (Dollars per Gallon),1.974
2025-05-20,New York Harbor No. 2 Heating Oil Spot Price FOB (Dollars per Gallon),2.039
2025-05-20,New York Harbor Ultra-Low Sulfur No 2 Diesel Spot Price (Dollars per Gallon),2.136
2025-05-20,U.S. Gulf Coast Ultra-Low Sulfur No 2 Diesel Spot Price (Dollars per Gallon),2.056
2025-05-19,"Los Angeles, CA Ultra-Low Sulfur CARB Diesel Spot Price (Dollars per Gallon)",2.16
2025-05-19,WTI Crude,63.98
2025-05-19,Brent Crude,66.25
2025-05-19,"Mont Belvieu, TX Propane Spot Price FOB (Dollars per Gallon)",0.774
2025-05-19,New York Harbor Conventional Gasoline Regular Spot Price FOB (Dollars per Gallon),2.009
2025-05-19,U.S. Gulf Coast Conventional Gasoline Regular Spot Price FOB (Dollars per Gallon),2.074
2025-05-19,Los Angeles Reformulated RBOB Regular Gasoline Spot Price (Dollars per Gallon),2.434
2025-05-19,U.S. Gulf Coast Kerosene-Type Jet Fuel Spot Price FOB (Dollars per Gallon),1.968
2025-05-19,New York Harbor No. 2 Heating Oil Spot Price FOB (Dollars per Gallon),2.032
2025-05-19,New York Harbor Ultra-Low Sulfur No 2 Diesel Spot Price (Dollars per Gallon),2.13
2025-05-19,U.S. Gulf Coast Ultra-Low Sulfur No 2 Diesel Spot Price (Dollars per Gallon),2.049
2025-05-16,"Los Angeles, CA Ultra-Low Sulfur CARB Diesel Spot Price (Dollars per Gallon)",2.158
2025-05-16,WTI Crude,63.84
2025-05-16,Brent Crude,65.2
2025-05-16,"Mont Belvieu, TX Propane Spot Price FOB (Dollars per Gallon)",0.783
2025-05-16,New York Harbor Conventional Gasoline Regular Spot Price FOB (Dollars per Gallon),1.99
2025-05-16,U.S. Gulf Coast Conventional Gasoline Regular Spot Price FOB (Dollars per Gallon),2.055
2025-05-16,Los Angeles Reformulated RBOB Regular Gasoline Spot Price (Dollars per Gallon),2.388
2025-05-16,U.S. Gulf Coast Kerosene-Type Jet Fuel Spot Price FOB (Dollars per Gallon),1.976
2025-05-16,New York Harbor No. 2 Heating Oil Spot Price FOB (Dollars per Gallon),2.04
2025-05-16,New York Harbor Ultra-Low Sulfur No 2 Diesel Spot Price (Dollars per Gallon),2.138
2025-05-16,U.S. Gulf Coast Ultra-Low Sulfur No 2 Diesel Spot Price (Dollars per Gallon),2.057
2025-05-15,"Los Angeles, CA Ultra-Low Sulfur CARB Diesel Spot Price (Dollars per Gallon)",2.2
2025-05-15,WTI Crude,63.03
2025-05-15,Brent Crude,64.36
2025-05-15,"Mont Belvieu, TX Propane Spot Price FOB (Dollars per Gallon)",0.783
2025-05-15,New York Harbor Conventional Gasoline Regular Spot Price FOB (Dollars per Gallon),1.966
2025-05-15,U.S. Gulf Coast Conventional Gasoline Regular Spot Price FOB (Dollars per Gallon),2.061
2025-05-15,Los Angeles Reformulated RBOB Regular Gasoline Spot Price (Dollars per Gallon),2.566
2025-05-15,U.S. Gulf Coast Kerosene-Type Jet Fuel Spot Price FOB (Dollars per Gallon),1.99
2025-05-15,New York Harbor No. 2 Heating Oil Spot Price FOB (Dollars per Gallon),2.073
2025-05-15,New York Harbor Ultra-Low Sulfur No 2 Diesel Spot Price (Dollars per Gallon),2.17
2025-05-15,U.S. Gulf Coast Ultra-Low Sulfur No 2 Diesel Spot Price (Dollars per Gallon),2.098
2025-05-14,"Los Angeles, CA Ultra-Low Sulfur CARB Diesel Spot Price (Dollars per Gallon)",2.248
2025-05-14,WTI Crude,64.48
2025-05-14,Brent Crude,65.91
2025-05-14,"Mont Belvieu, TX Propane Spot Price FOB (Dollars per Gallon)",0.795
2025-05-14,New York Harbor Conventional Gasoline Regular Spot Price FOB (Dollars per Gallon),1.988
2025-05-14,U.S. Gulf Coast Conventional Gasoline Regular Spot Price FOB (Dollars per Gallon),2.075
2025-05-14,Los Angeles Reformulated RBOB Regular Gasoline Spot Price (Dollars per Gallon),2.598
2025-05-14,U.S. Gulf Coast Kerosene-Type Jet Fuel Spot Price FOB (Dollars per Gallon),2.051
2025-05-14,New York Harbor No. 2 Heating Oil Spot Price FOB (Dollars per Gallon),2.1
2025-05-14,New York Harbor Ultra-Low Sulfur No 2 Diesel Spot Price (Dollars per Gallon),2.198
2025-05-14,U.S. Gulf Coast Ultra-Low Sulfur No 2 Diesel Spot Price (Dollars per Gallon),2.133
2025-05-13,"Los Angeles, CA Ultra-Low Sulfur CARB Diesel Spot Price (Dollars per Gallon)",2.223
2025-05-13,WTI Crude,65.04
2025-05-13,Brent Crude,66.93
2025-05-13,"Mont Belvieu, TX Propane Spot Price FOB (Dollars per Gallon)",0.768
2025-05-13,New York Harbor Conventional Gasoline Regular Spot Price FOB (Dollars per Gallon),2.019
2025-05-13,U.S. Gulf Coast Conventional Gasoline Regular Spot Price FOB (Dollars per Gallon),2.084
2025-05-13,Los Angeles Reformulated RBOB Regular Gasoline Spot Price (Dollars per Gallon),2.676
2025-05-13,U.S. Gulf Coast Kerosene-Type Jet Fuel Spot Price FOB (Dollars per Gallon),2.027
2025-05-13,New York Harbor No. 2 Heating Oil Spot Price FOB (Dollars per Gallon),2.076
2025-05-13,New York Harbor Ultra-Low Sulfur No 2 Diesel Spot Price (Dollars per Gallon),2.173
2025-05-13,U.S. Gulf Coast Ultra-Low Sulfur No 2 Diesel Spot Price (Dollars per Gallon),2.108
2025-05-12,"Los Angeles, CA Ultra-Low Sulfur CARB Diesel Spot Price (Dollars per Gallon)",2.162
2025-05-12,WTI Crude,63.32
2025-05-12,Brent Crude,65.28
2025-05-12,"Mont Belvieu, TX Propane Spot Price FOB (Dollars per Gallon)",0.775
2025-05-12,New York Harbor Conventional Gasoline Regular Spot Price FOB (Dollars per Gallon),1.998
2025-05-12,U.S. Gulf Coast Conventional Gasoline Regular Spot Price FOB (Dollars per Gallon),2.063
2025-05-12,Los Angeles Reformulated RBOB Regular Gasoline Spot Price (Dollars per Gallon),2.645
2025-05-12,U.S. Gulf Coast Kerosene-Type Jet Fuel Spot Price FOB (Dollars per Gallon),1.968
2025-05-12,New York Harbor No. 2 Heating Oil Spot Price FOB (Dollars per Gallon),2.015
2025-05-12,New York Harbor Ultra-Low Sulfur No 2 Diesel Spot Price (Dollars per Gallon),2.112
2025-05-12,U.S. Gulf Coast Ultra-Low Sulfur No 2 Diesel Spot Price (Dollars per Gallon),2.052
2025-05-09,"Los Angeles, CA Ultra-Low Sulfur CARB Diesel Spot Price (Dollars per Gallon)",2.12
2025-05-09,WTI Crude,62.37
2025-05-09,Brent Crude,64.26
2025-05-09,"Mont Belvieu, TX Propane Spot Price FOB (Dollars per Gallon)",0.719
2025-05-09,New York Harbor Conventional Gasoline Regular Spot Price FOB (Dollars per Gallon),1.985
2025-05-09,U.S. Gulf Coast Conventional Gasoline Regular Spot Price FOB (Dollars per Gallon),2.05
2025-05-09,Los Angeles Reformulated RBOB Regular Gasoline Spot Price (Dollars per Gallon),2.67
2025-05-09,U.S. Gulf Coast Kerosene-Type Jet Fuel Spot Price FOB (Dollars per Gallon),1.925
2025-05-09,New York Harbor No. 2 Heating Oil Spot Price FOB (Dollars per Gallon),1.973
2025-05-09,New York Harbor Ultra-Low Sulfur No 2 Diesel Spot Price (Dollars per Gallon),2.07
2025-05-09,U.S. Gulf Coast Ultra-Low Sulfur No 2 Diesel Spot Price (Dollars per Gallon),2.02
2025-05-08,"Los Angeles, CA Ultra-Low Sulfur CARB Diesel Spot Price (Dollars per Gallon)",2.104
2025-05-08,WTI Crude,61.25
2025-05-08,Brent Crude,62.22
2025-05-08,"Mont Belvieu, TX Propane Spot Price FOB (Dollars per Gallon)",0.706
2025-05-08,New York Harbor Conventional Gasoline Regular Spot Price FOB (Dollars per Gallon),1.971
2025-05-08,U.S. Gulf Coast Conventional Gasoline Regular Spot Price FOB (Dollars per Gallon),2.036
2025-05-08,Los Angeles Reformulated RBOB Regular Gasoline Spot Price (Dollars per Gallon),2.574
2025-05-08,U.S. Gulf Coast Kerosene-Type Jet Fuel Spot Price FOB (Dollars per Gallon),1.901
2025-05-08,New York Harbor No. 2 Heating Oil Spot Price FOB (Dollars per Gallon),1.956
2025-05-08,New York Harbor Ultra-Low Sulfur No 2 Diesel Spot Price (Dollars per Gallon),2.054
2025-05-08,U.S. Gulf Coast Ultra-Low Sulfur No 2 Diesel Spot Price (Dollars per Gallon),1.991
2025-05-07,"Los Angeles, CA Ultra-Low Sulfur CARB Diesel Spot Price (Dollars per Gallon)",2.002
2025-05-07,WTI Crude,59.42
2025-05-07,Brent Crude,60.31
2025-05-07,"Mont Belvieu, TX Propane Spot Price FOB (Dollars per Gallon)",0.68
2025-05-07,New York Harbor Conventional Gasoline Regular Spot Price FOB (Dollars per Gallon),1.895
2025-05-07,U.S. Gulf Coast Conventional Gasoline Regular Spot Price FOB (Dollars per Gallon),1.96
2025-05-07,Los Angeles Reformulated RBOB Regular Gasoline Spot Price (Dollars per Gallon),2.45
2025-05-07,U.S. Gulf Coast Kerosene-Type Jet Fuel Spot Price FOB (Dollars per Gallon),1.819
2025-05-07,New York Harbor No. 2 Heating Oil Spot Price FOB (Dollars per Gallon),1.874
2025-05-07,New York Harbor Ultra-Low Sulfur No 2 Diesel Spot Price (Dollars per Gallon),1.972
2025-05-07,U.S. Gulf Coast Ultra-Low Sulfur No 2 Diesel Spot Price (Dollars per Gallon),1.907
2025-05-06,"Los Angeles, CA Ultra-Low Sulfur CARB Diesel Spot Price (Dollars per Gallon)",2.037
2025-05-06,WTI Crude,60.42
2025-05-06,Brent Crude,62.37
2025-05-06,"Mont Belvieu, TX Propane Spot Price FOB (Dollars per Gallon)",0.714
2025-05-06,New York Harbor Conventional Gasoline Regular Spot Price FOB (Dollars per Gallon),1.944
2025-05-06,U.S. Gulf Coast Conventional Gasoline Regular Spot Price FOB (Dollars per Gallon),2.009
2025-05-06,Los Angeles Reformulated RBOB Regular Gasoline Spot Price (Dollars per Gallon),2.491
2025-05-06,U.S. Gulf Coast Kerosene-Type Jet Fuel Spot Price FOB (Dollars per Gallon),1.864
2025-05-06,New York Harbor No. 2 Heating Oil Spot Price FOB (Dollars per Gallon),1.909
2025-05-06,New York Harbor Ultra-Low Sulfur No 2 Diesel Spot Price (Dollars per Gallon),2.007
2025-05-06,U.S. Gulf Coast Ultra-Low Sulfur No 2 Diesel Spot Price (Dollars per Gallon),1.95
2025-05-05,"Los Angeles, CA Ultra-Low Sulfur CARB Diesel Spot Price (Dollars per Gallon)",1.953
2025-05-05,WTI Crude,58.5
2025-05-05,"Mont Belvieu, TX Propane Spot Price FOB (Dollars per Gallon)",0.699
2025-05-05,New York Harbor Conventional Gasoline Regular Spot Price FOB (Dollars per Gallon),1.868
2025-05-05,U.S. Gulf Coast Conventional Gasoline Regular Spot Price FOB (Dollars per Gallon),1.946
2025-05-05,Los Angeles Reformulated RBOB Regular Gasoline Spot Price (Dollars per Gallon),2.321
2025-05-05,U.S. Gulf Coast Kerosene-Type Jet Fuel Spot Price FOB (Dollars per Gallon),1.866
2025-05-05,New York Harbor No. 2 Heating Oil Spot Price FOB (Dollars per Gallon),1.886
2025-05-05,New York Harbor Ultra-Low Sulfur No 2 Diesel Spot Price (Dollars per Gallon),1.983
2025-05-05,U.S. Gulf Coast Ultra-Low Sulfur No 2 Diesel Spot Price (Dollars per Gallon),1.931
2025-05-02,"Los Angeles, CA Ultra-Low Sulfur CARB Diesel Spot Price (Dollars per Gallon)",1.975
2025-05-02,WTI Crude,59.67
2025-05-02,Brent Crude,61.57
2025-05-02,"Mont Belvieu, TX Propane Spot Price FOB (Dollars per Gallon)",0.731
2025-05-02,New York Harbor Conventional Gasoline Regular Spot Price FOB (Dollars per Gallon),1.85
2025-05-02,U.S. Gulf Coast Conventional Gasoline Regular Spot Price FOB (Dollars per Gallon),1.927
2025-05-02,Los Angeles Reformulated RBOB Regular Gasoline Spot Price (Dollars per Gallon),2.287
2025-05-02,U.S. Gulf Coast Kerosene-Type Jet Fuel Spot Price FOB (Dollars per Gallon),1.887
2025-05-02,New York Harbor No. 2 Heating Oil Spot Price FOB (Dollars per Gallon),1.907
2025-05-02,New York Harbor Ultra-Low Sulfur No 2 Diesel Spot Price (Dollars per Gallon),2.005
2025-05-02,U.S. Gulf Coast Ultra-Low Sulfur No 2 Diesel Spot Price (Dollars per Gallon),1.951
2025-05-01,"Los Angeles, CA Ultra-Low Sulfur CARB Diesel Spot Price (Dollars per Gallon)",1.974
2025-05-01,WTI Crude,60.59
2025-05-01,Brent Crude,62.37
2025-05-01,"Mont Belvieu, TX Propane Spot Price FOB (Dollars per Gallon)",0.725
2025-05-01,New York Harbor Conventional Gasoline Regular Spot Price FOB (Dollars per Gallon),1.874
2025-05-01,U.S. Gulf Coast Conventional Gasoline Regular Spot Price FOB (Dollars per Gallon),1.946
2025-05-01,Los Angeles Reformulated RBOB Regular Gasoline Spot Price (Dollars per Gallon),2.286
2025-05-01,U.S. Gulf Coast Kerosene-Type Jet Fuel Spot Price FOB (Dollars per Gallon),1.886
2025-05-01,New York Harbor No. 2 Heating Oil Spot Price FOB (Dollars per Gallon),1.906
2025-05-01,New York Harbor Ultra-Low Sulfur No 2 Diesel Spot Price (Dollars per Gallon),2.004
2025-05-01,U.S. Gulf Coast Ultra-Low Sulfur No 2 Diesel Spot Price (Dollars per Gallon),1.952
2025-04-30,"Los Angeles, CA Ultra-Low Sulfur CARB Diesel Spot Price (Dollars per Gallon)",2.022
2025-04-30,WTI Crude,59.55
2025-04-30,Brent Crude,63.37
2025-04-30,"Mont Belvieu, TX Propane Spot Price FOB (Dollars per Gallon)",0.915
2025-04-30,New York Harbor Conventional Gasoline Regular Spot Price FOB (Dollars per Gallon),1.873
2025-04-30,U.S. Gulf Coast Conventional Gasoline Regular Spot Price FOB (Dollars per Gallon),1.946
2025-04-30,Los Angeles Reformulated RBOB Regular Gasoline Spot Price (Dollars per Gallon),2.301
2025-04-30,U.S. Gulf Coast Kerosene-Type Jet Fuel Spot Price FOB (Dollars per Gallon),1.909
2025-04-30,New York Harbor No. 2 Heating Oil Spot Price FOB (Dollars per Gallon),1.929
2025-04-30,New York Harbor Ultra-Low Sulfur No 2 Diesel Spot Price (Dollars per Gallon),2.027
2025-04-30,U.S. Gulf Coast Ultra-Low Sulfur No 2 Diesel Spot Price (Dollars per Gallon),1.975
2025-04-29,"Los Angeles, CA Ultra-Low Sulfur CARB Diesel Spot Price (Dollars per Gallon)",2.138
2025-04-29,WTI Crude,61.84
2025-04-29,Brent Crude,64.04
2025-04-29,"Mont Belvieu, TX Propane Spot Price FOB (Dollars per Gallon)",0.963
2025-04-29,New York Harbor Conventional Gasoline Regular Spot Price FOB (Dollars per Gallon),1.901
2025-04-29,U.S. Gulf Coast Conventional Gasoline Regular Spot Price FOB (Dollars per Gallon),1.966
2025-04-29,Los Angeles Reformulated RBOB Regular Gasoline Spot Price (Dollars per Gallon),2.344
2025-04-29,U.S. Gulf Coast Kerosene-Type Jet Fuel Spot Price FOB (Dollars per Gallon),1.991
2025-04-29,New York Harbor No. 2 Heating Oil Spot Price FOB (Dollars per Gallon),2.011
2025-04-29,New York Harbor Ultra-Low Sulfur No 2 Diesel Spot Price (Dollars per Gallon),2.108
2025-04-29,U.S. Gulf Coast Ultra-Low Sulfur No 2 Diesel Spot Price (Dollars per Gallon),2.066
2025-04-28,"Los Angeles, CA Ultra-Low Sulfur CARB Diesel Spot Price (Dollars per Gallon)",2.205
2025-04-28,WTI Crude,63.3
2025-04-28,Brent Crude,66.13
2025-04-28,"Mont Belvieu, TX Propane Spot Price FOB (Dollars per Gallon)",0.945
2025-04-28,New York Harbor Conventional Gasoline Regular Spot Price FOB (Dollars per Gallon),1.946
2025-04-28,U.S. Gulf Coast Conventional Gasoline Regular Spot Price FOB (Dollars per Gallon),2.011
2025-04-28,Los Angeles Reformulated RBOB Regular Gasoline Spot Price (Dollars per Gallon),2.376
2025-04-28,U.S. Gulf Coast Kerosene-Type Jet Fuel Spot Price FOB (Dollars per Gallon),2.057
2025-04-28,New York Harbor No. 2 Heating Oil Spot Price FOB (Dollars per Gallon),2.077
2025-04-28,New York Harbor Ultra-Low Sulfur No 2 Diesel Spot Price (Dollars per Gallon),2.175
2025-04-28,U.S. Gulf Coast Ultra-Low Sulfur No 2 Diesel Spot Price (Dollars per Gallon),2.136
2025-04-25,"Los Angeles, CA Ultra-Low Sulfur CARB Diesel Spot Price (Dollars per Gallon)",2.208
2025-04-25,WTI Crude,63.85
2025-04-25,Brent Crude,66.99
2025-04-25,"Mont Belvieu, TX Propane Spot Price FOB (Dollars per Gallon)",0.92
2025-04-25,New York Harbor Conventional Gasoline Regular Spot Price FOB (Dollars per Gallon),1.96
2025-04-25,U.S. Gulf Coast Conventional Gasoline Regular Spot Price FOB (Dollars per Gallon),2.028
2025-04-25,Los Angeles Reformulated RBOB Regular Gasoline Spot Price (Dollars per Gallon),2.365
2025-04-25,U.S. Gulf Coast Kerosene-Type Jet Fuel Spot Price FOB (Dollars per Gallon),2.06
2025-04-25,New York Harbor No. 2 Heating Oil Spot Price FOB (Dollars per Gallon),2.08
2025-04-25,New York Harbor Ultra-Low Sulfur No 2 Diesel Spot Price (Dollars per Gallon),2.178
2025-04-25,U.S. Gulf Coast Ultra-Low Sulfur No 2 Diesel Spot Price (Dollars per Gallon),2.131
2025-04-24,"Los Angeles, CA Ultra-Low Sulfur CARB Diesel Spot Price (Dollars per Gallon)",2.174
2025-04-24,WTI Crude,63.55
2025-04-24,Brent Crude,67.5
2025-04-24,"Mont Belvieu, TX Propane Spot Price FOB (Dollars per Gallon)",0.876
2025-04-24,New York Harbor Conventional Gasoline Regular Spot Price FOB (Dollars per Gallon),1.942
2025-04-24,U.S. Gulf Coast Conventional Gasoline Regular Spot Price FOB (Dollars per Gallon),2.009
2025-04-24,Los Angeles Reformulated RBOB Regular Gasoline Spot Price (Dollars per Gallon),2.347
2025-04-24,U.S. Gulf Coast Kerosene-Type Jet Fuel Spot Price FOB (Dollars per Gallon),2.026
2025-04-24,New York Harbor No. 2 Heating Oil Spot Price FOB (Dollars per Gallon),2.046
2025-04-24,New York Harbor Ultra-Low Sulfur No 2 Diesel Spot Price (Dollars per Gallon),2.144
2025-04-24,U.S. Gulf Coast Ultra-Low Sulfur No 2 Diesel Spot Price (Dollars per Gallon),2.097
2025-04-23,"Los Angeles, CA Ultra-Low Sulfur CARB Diesel Spot Price (Dollars per Gallon)",2.157
2025-04-23,WTI Crude,62.64
2025-04-23,Brent Crude,68.26
2025-04-23,"Mont Belvieu, TX Propane Spot Price FOB (Dollars per Gallon)",0.865
2025-04-23,New York Harbor Conventional Gasoline Regular Spot Price FOB (Dollars per Gallon),1.94
2025-04-23,U.S. Gulf Coast Conventional Gasoline Regular Spot Price FOB (Dollars per Gallon),2.005
2025-04-23,Los Angeles Reformulated RBOB Regular Gasoline Spot Price (Dollars per Gallon),2.32
2025-04-23,U.S. Gulf Coast Kerosene-Type Jet Fuel Spot Price FOB (Dollars per Gallon),2.009
2025-04-23,New York Harbor No. 2 Heating Oil Spot Price FOB (Dollars per Gallon),2.029
2025-04-23,New York Harbor Ultra-Low Sulfur No 2 Diesel Spot Price (Dollars per Gallon),2.127
2025-04-23,U.S. Gulf Coast Ultra-Low Sulfur No 2 Diesel Spot Price (Dollars per Gallon),2.075
2025-04-22,"Los Angeles, CA Ultra-Low Sulfur CARB Diesel Spot Price (Dollars per Gallon)",2.233
2025-04-22,WTI Crude,64.6
2025-04-22,Brent Crude,68.93
2025-04-22,"Mont Belvieu, TX Propane Spot Price FOB (Dollars per Gallon)",0.863
2025-04-22,New York Harbor Conventional Gasoline Regular Spot Price FOB (Dollars per Gallon),1.953
2025-04-22,U.S. Gulf Coast Conventional Gasoline Regular Spot Price FOB (Dollars per Gallon),2.018
2025-04-22,Los Angeles Reformulated RBOB Regular Gasoline Spot Price (Dollars per Gallon),2.368
2025-04-22,U.S. Gulf Coast Kerosene-Type Jet Fuel Spot Price FOB (Dollars per Gallon),2.036
2025-04-22,New York Harbor No. 2 Heating Oil Spot Price FOB (Dollars per Gallon),2.051
2025-04-22,New York Harbor Ultra-Low Sulfur No 2 Diesel Spot Price (Dollars per Gallon),2.148
2025-04-22,U.S. Gulf Coast Ultra-Low Sulfur No 2 Diesel Spot Price (Dollars per Gallon),2.098
2025-04-21,"Los Angeles, CA Ultra-Low Sulfur CARB Diesel Spot Price (Dollars per Gallon)",2.202
2025-04-21,WTI Crude,63.48
2025-04-21,"Mont Belvieu, TX Propane Spot Price FOB (Dollars per Gallon)",0.844
2025-04-21,New York Harbor Conventional Gasoline Regular Spot Price FOB (Dollars per Gallon),1.888
2025-04-21,U.S. Gulf Coast Conventional Gasoline Regular Spot Price FOB (Dollars per Gallon),1.981
2025-04-21,Los Angeles Reformulated RBOB Regular Gasoline Spot Price (Dollars per Gallon),2.343
2025-04-21,U.S. Gulf Coast Kerosene-Type Jet Fuel Spot Price FOB (Dollars per Gallon),1.947
2025-04-21,New York Harbor No. 2 Heating Oil Spot Price FOB (Dollars per Gallon),2.02
2025-04-21,New York Harbor Ultra-Low Sulfur No 2 Diesel Spot Price (Dollars per Gallon),2.122
2025-04-21,U.S. Gulf Coast Ultra-Low Sulfur No 2 Diesel Spot Price (Dollars per Gallon),2.032
2025-04-17,"Los Angeles, CA Ultra-Low Sulfur CARB Diesel Spot Price (Dollars per Gallon)",2.238
2025-04-17,WTI Crude,65.07
2025-04-17,Brent Crude,69.33
2025-04-17,"Mont Belvieu, TX Propane Spot Price FOB (Dollars per Gallon)",0.86
2025-04-17,New York Harbor Conventional Gasoline Regular Spot Price FOB (Dollars per Gallon),1.908
2025-04-17,U.S. Gulf Coast Conventional Gasoline Regular Spot Price FOB (Dollars per Gallon),2.008
2025-04-17,Los Angeles Reformulated RBOB Regular Gasoline Spot Price (Dollars per Gallon),2.393
2025-04-17,U.S. Gulf Coast Kerosene-Type Jet Fuel Spot Price FOB (Dollars per Gallon),1.978
2025-04-17,New York Harbor No. 2 Heating Oil Spot Price FOB (Dollars per Gallon),2.05
2025-04-17,New York Harbor Ultra-Low Sulfur No 2 Diesel Spot Price (Dollars per Gallon),2.153
2025-04-17,U.S. Gulf Coast Ultra-Low Sulfur No 2 Diesel Spot Price (Dollars per Gallon),2.063
2025-04-16,"Los Angeles, CA Ultra-Low Sulfur CARB Diesel Spot Price (Dollars per Gallon)",2.227
2025-04-16,WTI Crude,62.88
2025-04-16,Brent Crude,67.94
2025-04-16,"Mont Belvieu, TX Propane Spot Price FOB (Dollars per Gallon)",0.858
2025-04-16,New York Harbor Conventional Gasoline Regular Spot Price FOB (Dollars per Gallon),1.863
2025-04-16,U.S. Gulf Coast Conventional Gasoline Regular Spot Price FOB (Dollars per Gallon),1.953
2025-04-16,Los Angeles Reformulated RBOB Regular Gasoline Spot Price (Dollars per Gallon),2.328
2025-04-16,U.S. Gulf Coast Kerosene-Type Jet Fuel Spot Price FOB (Dollars per Gallon),1.952
2025-04-16,New York Harbor No. 2 Heating Oil Spot Price FOB (Dollars per Gallon),2.025
2025-04-16,New York Harbor Ultra-Low Sulfur No 2 Diesel Spot Price (Dollars per Gallon),2.127
2025-04-16,U.S. Gulf Coast Ultra-Low Sulfur No 2 Diesel Spot Price (Dollars per Gallon),2.042
2025-04-15,"Los Angeles, CA Ultra-Low Sulfur CARB Diesel Spot Price (Dollars per Gallon)",2.192
2025-04-15,WTI Crude,61.74
2025-04-15,Brent Crude,66.58
2025-04-15,"Mont Belvieu, TX Propane Spot Price FOB (Dollars per Gallon)",0.813
2025-04-15,New York Harbor Conventional Gasoline Regular Spot Price FOB (Dollars per Gallon),1.849
2025-04-15,U.S. Gulf Coast Conventional Gasoline Regular Spot Price FOB (Dollars per Gallon),1.939
2025-04-15,Los Angeles Reformulated RBOB Regular Gasoline Spot Price (Dollars per Gallon),2.254
2025-04-15,U.S. Gulf Coast Kerosene-Type Jet Fuel Spot Price FOB (Dollars per Gallon),1.917
2025-04-15,New York Harbor No. 2 Heating Oil Spot Price FOB (Dollars per Gallon),1.99
2025-04-15,New York Harbor Ultra-Low Sulfur No 2 Diesel Spot Price (Dollars per Gallon),2.092
2025-04-15,U.S. Gulf Coast Ultra-Low Sulfur No 2 Diesel Spot Price (Dollars per Gallon),2.007
2025-04-14,"Los Angeles, CA Ultra-Low Sulfur CARB Diesel Spot Price (Dollars per Gallon)",2.222
2025-04-14,WTI Crude,61.99
2025-04-14,Brent Crude,67.18
2025-04-14,"Mont Belvieu, TX Propane Spot Price FOB (Dollars per Gallon)",0.809
2025-04-14,New York Harbor Conventional Gasoline Regular Spot Price FOB (Dollars per Gallon),1.838
2025-04-14,U.S. Gulf Coast Conventional Gasoline Regular Spot Price FOB (Dollars per Gallon),1.928
2025-04-14,Los Angeles Reformulated RBOB Regular Gasoline Spot Price (Dollars per Gallon),2.323
2025-04-14,U.S. Gulf Coast Kerosene-Type Jet Fuel Spot Price FOB (Dollars per Gallon),1.922
2025-04-14,New York Harbor No. 2 Heating Oil Spot Price FOB (Dollars per Gallon),1.995
2025-04-14,New York Harbor Ultra-Low Sulfur No 2 Diesel Spot Price (Dollars per Gallon),2.097
2025-04-14,U.S. Gulf Coast Ultra-Low Sulfur No 2 Diesel Spot Price (Dollars per Gallon),2.017
2025-04-11,"Los Angeles, CA Ultra-Low Sulfur CARB Diesel Spot Price (Dollars per Gallon)",2.199
2025-04-11,WTI Crude,61.91
2025-04-11,Brent Crude,66.83
2025-04-11,"Mont Belvieu, TX Propane Spot Price FOB (Dollars per Gallon)",0.79
2025-04-11,New York Harbor Conventional Gasoline Regular Spot Price FOB (Dollars per Gallon),1.821
2025-04-11,U.S. Gulf Coast Conventional Gasoline Regular Spot Price FOB (Dollars per Gallon),1.911
2025-04-11,Los Angeles Reformulated RBOB Regular Gasoline Spot Price (Dollars per Gallon),2.306
2025-04-11,U.S. Gulf Coast Kerosene-Type Jet Fuel Spot Price FOB (Dollars per Gallon),1.899
2025-04-11,New York Harbor No. 2 Heating Oil Spot Price FOB (Dollars per Gallon),1.971
2025-04-11,New York Harbor Ultra-Low Sulfur No 2 Diesel Spot Price (Dollars per Gallon),2.074
2025-04-11,U.S. Gulf Coast Ultra-Low Sulfur No 2 Diesel Spot Price (Dollars per Gallon),1.998
2025-04-10,"Los Angeles, CA Ultra-Low Sulfur CARB Diesel Spot Price (Dollars per Gallon)",2.174
2025-04-10,WTI Crude,60.57
2025-04-10,Brent Crude,65.37
2025-04-10,"Mont Belvieu, TX Propane Spot Price FOB (Dollars per Gallon)",0.77
2025-04-10,New York Harbor Conventional Gasoline Regular Spot Price FOB (Dollars per Gallon),1.782
2025-04-10,U.S. Gulf Coast Conventional Gasoline Regular Spot Price FOB (Dollars per Gallon),1.882
2025-04-10,Los Angeles Reformulated RBOB Regular Gasoline Spot Price (Dollars per Gallon),2.267
2025-04-10,U.S. Gulf Coast Kerosene-Type Jet Fuel Spot Price FOB (Dollars per Gallon),1.884
2025-04-10,New York Harbor No. 2 Heating Oil Spot Price FOB (Dollars per Gallon),1.957
2025-04-10,New York Harbor Ultra-Low Sulfur No 2 Diesel Spot Price (Dollars per Gallon),2.059
2025-04-10,U.S. Gulf Coast Ultra-Low Sulfur No 2 Diesel Spot Price (Dollars per Gallon),1.992
2025-04-09,"Los Angeles, CA Ultra-Low Sulfur CARB Diesel Spot Price (Dollars per Gallon)",2.217
2025-04-09,WTI Crude,62.63
2025-04-09,Brent Crude,67.3
2025-04-09,"Mont Belvieu, TX Propane Spot Price FOB (Dollars per Gallon)",0.7
2025-04-09,New York Harbor Conventional Gasoline Regular Spot Price FOB (Dollars per Gallon),1.855
2025-04-09,U.S. Gulf Coast Conventional Gasoline Regular Spot Price FOB (Dollars per Gallon),1.943
2025-04-09,Los Angeles Reformulated RBOB Regular Gasoline Spot Price (Dollars per Gallon),2.54
2025-04-09,U.S. Gulf Coast Kerosene-Type Jet Fuel Spot Price FOB (Dollars per Gallon),1.947
2025-04-09,New York Harbor No. 2 Heating Oil Spot Price FOB (Dollars per Gallon),2.019
2025-04-09,New York Harbor Ultra-Low Sulfur No 2 Diesel Spot Price (Dollars per Gallon),2.122
2025-04-09,U.S. Gulf Coast Ultra-Low Sulfur No 2 Diesel Spot Price (Dollars per Gallon),2.049
2025-04-08,"Los Angeles, CA Ultra-Low Sulfur CARB Diesel Spot Price (Dollars per Gallon)",2.123
2025-04-08,WTI Crude,60.04
2025-04-08,Brent Crude,64.86
2025-04-08,"Mont Belvieu, TX Propane Spot Price FOB (Dollars per Gallon)",0.71
2025-04-08,New York Harbor Conventional Gasoline Regular Spot Price FOB (Dollars per Gallon),1.782
2025-04-08,U.S. Gulf Coast Conventional Gasoline Regular Spot Price FOB (Dollars per Gallon),1.892
2025-04-08,Los Angeles Reformulated RBOB Regular Gasoline Spot Price (Dollars per Gallon),2.467
2025-04-08,U.S. Gulf Coast Kerosene-Type Jet Fuel Spot Price FOB (Dollars per Gallon),1.853
2025-04-08,New York Harbor No. 2 Heating Oil Spot Price FOB (Dollars per Gallon),1.926
2025-04-08,New York Harbor Ultra-Low Sulfur No 2 Diesel Spot Price (Dollars per Gallon),2.028
2025-04-08,U.S. Gulf Coast Ultra-Low Sulfur No 2 Diesel Spot Price (Dollars per Gallon),1.973
2025-04-07,"Los Angeles, CA Ultra-Low Sulfur CARB Diesel Spot Price (Dollars per Gallon)",2.187
2025-04-07,WTI Crude,61.05
2025-04-07,Brent Crude,66.13
2025-04-07,"Mont Belvieu, TX Propane Spot Price FOB (Dollars per Gallon)",0.768
2025-04-07,New York Harbor Conventional Gasoline Regular Spot Price FOB (Dollars per Gallon),1.843
2025-04-07,U.S. Gulf Coast Conventional Gasoline Regular Spot Price FOB (Dollars per Gallon),1.953
2025-04-07,Los Angeles Reformulated RBOB Regular Gasoline Spot Price (Dollars per Gallon),2.528
2025-04-07,U.S. Gulf Coast Kerosene-Type Jet Fuel Spot Price FOB (Dollars per Gallon),1.907
2025-04-07,New York Harbor No. 2 Heating Oil Spot Price FOB (Dollars per Gallon),1.979
2025-04-07,New York Harbor Ultra-Low Sulfur No 2 Diesel Spot Price (Dollars per Gallon),2.082
2025-04-07,U.S. Gulf Coast Ultra-Low Sulfur No 2 Diesel Spot Price (Dollars per Gallon),2.027
2025-04-04,"Los Angeles, CA Ultra-Low Sulfur CARB Diesel Spot Price (Dollars per Gallon)",2.207
2025-04-04,WTI Crude,62.42
2025-04-04,Brent Crude,68.36
2025-04-04,"Mont Belvieu, TX Propane Spot Price FOB (Dollars per Gallon)",0.78
2025-04-04,New York Harbor Conventional Gasoline Regular Spot Price FOB (Dollars per Gallon),1.886
2025-04-04,U.S. Gulf Coast Conventional Gasoline Regular Spot Price FOB (Dollars per Gallon),1.991
2025-04-04,Los Angeles Reformulated RBOB Regular Gasoline Spot Price (Dollars per Gallon),2.516
2025-04-04,U.S. Gulf Coast Kerosene-Type Jet Fuel Spot Price FOB (Dollars per Gallon),1.927
2025-04-04,New York Harbor No. 2 Heating Oil Spot Price FOB (Dollars per Gallon),2.0
2025-04-04,New York Harbor Ultra-Low Sulfur No 2 Diesel Spot Price (Dollars per Gallon),2.102
2025-04-04,U.S. Gulf Coast Ultra-Low Sulfur No 2 Diesel Spot Price (Dollars per Gallon),2.05
2025-04-03,"Los Angeles, CA Ultra-Low Sulfur CARB Diesel Spot Price (Dollars per Gallon)",2.291
2025-04-03,WTI Crude,67.43
2025-04-03,Brent Crude,72.54
2025-04-03,"Mont Belvieu, TX Propane Spot Price FOB (Dollars per Gallon)",0.875
2025-04-03,New York Harbor Conventional Gasoline Regular Spot Price FOB (Dollars per Gallon),1.97
2025-04-03,U.S. Gulf Coast Conventional Gasoline Regular Spot Price FOB (Dollars per Gallon),2.072
2025-04-03,Los Angeles Reformulated RBOB Regular Gasoline Spot Price (Dollars per Gallon),2.605
2025-04-03,U.S. Gulf Coast Kerosene-Type Jet Fuel Spot Price FOB (Dollars per Gallon),2.011
2025-04-03,New York Harbor No. 2 Heating Oil Spot Price FOB (Dollars per Gallon),2.083
2025-04-03,New York Harbor Ultra-Low Sulfur No 2 Diesel Spot Price (Dollars per Gallon),2.186
2025-04-03,U.S. Gulf Coast Ultra-Low Sulfur No 2 Diesel Spot Price (Dollars per Gallon),2.128
2025-04-02,"Los Angeles, CA Ultra-Low Sulfur CARB Diesel Spot Price (Dollars per Gallon)",2.415
2025-04-02,WTI Crude,72.12
2025-04-02,Brent Crude,77.27
2025-04-02,"Mont Belvieu, TX Propane Spot Price FOB (Dollars per Gallon)",0.921
2025-04-02,New York Harbor Conventional Gasoline Regular Spot Price FOB (Dollars per Gallon),2.135
2025-04-02,U.S. Gulf Coast Conventional Gasoline Regular Spot Price FOB (Dollars per Gallon),2.238
2025-04-02,Los Angeles Reformulated RBOB Regular Gasoline Spot Price (Dollars per Gallon),2.8
2025-04-02,U.S. Gulf Coast Kerosene-Type Jet Fuel Spot Price FOB (Dollars per Gallon),2.135
2025-04-02,New York Harbor No. 2 Heating Oil Spot Price FOB (Dollars per Gallon),2.208
2025-04-02,New York Harbor Ultra-Low Sulfur No 2 Diesel Spot Price (Dollars per Gallon),2.31
2025-04-02,U.S. Gulf Coast Ultra-Low Sulfur No 2 Diesel Spot Price (Dollars per Gallon),2.25
2025-04-01,"Los Angeles, CA Ultra-Low Sulfur CARB Diesel Spot Price (Dollars per Gallon)",2.373
2025-04-01,WTI Crude,71.61
2025-04-01,Brent Crude,77.78
2025-04-01,"Mont Belvieu, TX Propane Spot Price FOB (Dollars per Gallon)",0.92
2025-04-01,New York Harbor Conventional Gasoline Regular Spot Price FOB (Dollars per Gallon),2.119
2025-04-01,U.S. Gulf Coast Conventional Gasoline Regular Spot Price FOB (Dollars per Gallon),2.244
2025-04-01,Los Angeles Reformulated RBOB Regular Gasoline Spot Price (Dollars per Gallon),2.904
2025-04-01,U.S. Gulf Coast Kerosene-Type Jet Fuel Spot Price FOB (Dollars per Gallon),2.123
2025-04-01,New York Harbor No. 2 Heating Oil Spot Price FOB (Dollars per Gallon),2.195
2025-04-01,New York Harbor Ultra-Low Sulfur No 2 Diesel Spot Price (Dollars per Gallon),2.298
2025-04-01,U.S. Gulf Coast Ultra-Low Sulfur No 2 Diesel Spot Price (Dollars per Gallon),2.238
2025-03-31,"Los Angeles, CA Ultra-Low Sulfur CARB Diesel Spot Price (Dollars per Gallon)",2.385
2025-03-31,WTI Crude,71.87
2025-03-31,Brent Crude,77.23
2025-03-31,"Mont Belvieu, TX Propane Spot Price FOB (Dollars per Gallon)",0.903
2025-03-31,New York Harbor Conventional Gasoline Regular Spot Price FOB (Dollars per Gallon),2.101
2025-03-31,U.S. Gulf Coast Conventional Gasoline Regular Spot Price FOB (Dollars per Gallon),2.211
2025-03-31,Los Angeles Reformulated RBOB Regular Gasoline Spot Price (Dollars per Gallon),2.886
2025-03-31,U.S. Gulf Coast Kerosene-Type Jet Fuel Spot Price FOB (Dollars per Gallon),2.135
2025-03-31,New York Harbor No. 2 Heating Oil Spot Price FOB (Dollars per Gallon),2.208
2025-03-31,New York Harbor Ultra-Low Sulfur No 2 Diesel Spot Price (Dollars per Gallon),2.31
2025-03-31,U.S. Gulf Coast Ultra-Low Sulfur No 2 Diesel Spot Price (Dollars per Gallon),2.262
2025-03-28,"Los Angeles, CA Ultra-Low Sulfur CARB Diesel Spot Price (Dollars per Gallon)",2.313
2025-03-28,WTI Crude,69.74
2025-03-28,Brent Crude,74.69
2025-03-28,"Mont Belvieu, TX Propane Spot Price FOB (Dollars per Gallon)",0.896
2025-03-28,New York Harbor Conventional Gasoline Regular Spot Price FOB (Dollars per Gallon),2.043
2025-03-28,U.S. Gulf Coast Conventional Gasoline Regular Spot Price FOB (Dollars per Gallon),2.146
2025-03-28,Los Angeles Reformulated RBOB Regular Gasoline Spot Price (Dollars per Gallon),2.778
2025-03-28,U.S. Gulf Coast Kerosene-Type Jet Fuel Spot Price FOB (Dollars per Gallon),2.093
2025-03-28,New York Harbor No. 2 Heating Oil Spot Price FOB (Dollars per Gallon),2.165
2025-03-28,New York Harbor Ultra-Low Sulfur No 2 Diesel Spot Price (Dollars per Gallon),2.268
2025-03-28,U.S. Gulf Coast Ultra-Low Sulfur No 2 Diesel Spot Price (Dollars per Gallon),2.21
2025-03-27,"Los Angeles, CA Ultra-Low Sulfur CARB Diesel Spot Price (Dollars per Gallon)",2.331
2025-03-27,WTI Crude,70.3
2025-03-27,Brent Crude,74.72
2025-03-27,"Mont Belvieu, TX Propane Spot Price FOB (Dollars per Gallon)",0.898
2025-03-27,New York Harbor Conventional Gasoline Regular Spot Price FOB (Dollars per Gallon),2.057
2025-03-27,U.S. Gulf Coast Conventional Gasoline Regular Spot Price FOB (Dollars per Gallon),2.14
2025-03-27,Los Angeles Reformulated RBOB Regular Gasoline Spot Price (Dollars per Gallon),2.572
2025-03-27,U.S. Gulf Coast Kerosene-Type Jet Fuel Spot Price FOB (Dollars per Gallon),2.111
2025-03-27,New York Harbor No. 2 Heating Oil Spot Price FOB (Dollars per Gallon),2.184
2025-03-27,New York Harbor Ultra-Low Sulfur No 2 Diesel Spot Price (Dollars per Gallon),2.286
2025-03-27,U.S. Gulf Coast Ultra-Low Sulfur No 2 Diesel Spot Price (Dollars per Gallon),2.236
2025-03-26,"Los Angeles, CA Ultra-Low Sulfur CARB Diesel Spot Price (Dollars per Gallon)",2.344
2025-03-26,WTI Crude,70.05
2025-03-26,Brent Crude,74.6
2025-03-26,"Mont Belvieu, TX Propane Spot Price FOB (Dollars per Gallon)",0.919
2025-03-26,New York Harbor Conventional Gasoline Regular Spot Price FOB (Dollars per Gallon),2.05
2025-03-26,U.S. Gulf Coast Conventional Gasoline Regular Spot Price FOB (Dollars per Gallon),2.133
2025-03-26,Los Angeles Reformulated RBOB Regular Gasoline Spot Price (Dollars per Gallon),2.515
2025-03-26,U.S. Gulf Coast Kerosene-Type Jet Fuel Spot Price FOB (Dollars per Gallon),2.124
2025-03-26,New York Harbor No. 2 Heating Oil Spot Price FOB (Dollars per Gallon),2.196
2025-03-26,New York Harbor Ultra-Low Sulfur No 2 Diesel Spot Price (Dollars per Gallon),2.299
2025-03-26,U.S. Gulf Coast Ultra-Low Sulfur No 2 Diesel Spot Price (Dollars per Gallon),2.249
2025-03-25,"Los Angeles, CA Ultra-Low Sulfur CARB Diesel Spot Price (Dollars per Gallon)",2.341
2025-03-25,WTI Crude,69.48
2025-03-25,Brent Crude,73.78
2025-03-25,"Mont Belvieu, TX Propane Spot Price FOB (Dollars per Gallon)",0.905
2025-03-25,New York Harbor Conventional Gasoline Regular Spot Price FOB (Dollars per Gallon),2.027
2025-03-25,U.S. Gulf Coast Conventional Gasoline Regular Spot Price FOB (Dollars per Gallon),2.087
2025-03-25,Los Angeles Reformulated RBOB Regular Gasoline Spot Price (Dollars per Gallon),2.437
2025-03-25,U.S. Gulf Coast Kerosene-Type Jet Fuel Spot Price FOB (Dollars per Gallon),2.121
2025-03-25,New York Harbor No. 2 Heating Oil Spot Price FOB (Dollars per Gallon),2.193
2025-03-25,New York Harbor Ultra-Low Sulfur No 2 Diesel Spot Price (Dollars per Gallon),2.296
2025-03-25,U.S. Gulf Coast Ultra-Low Sulfur No 2 Diesel Spot Price (Dollars per Gallon),2.238
2025-03-24,"Los Angeles, CA Ultra-Low Sulfur CARB Diesel Spot Price (Dollars per Gallon)",2.311
2025-03-24,WTI Crude,69.46
2025-03-24,Brent Crude,73.96
2025-03-24,"Mont Belvieu, TX Propane Spot Price FOB (Dollars per Gallon)",0.905
2025-03-24,New York Harbor Conventional Gasoline Regular Spot Price FOB (Dollars per Gallon),2.023
2025-03-24,U.S. Gulf Coast Conventional Gasoline Regular Spot Price FOB (Dollars per Gallon),2.083
2025-03-24,Los Angeles Reformulated RBOB Regular Gasoline Spot Price (Dollars per Gallon),2.433
2025-03-24,U.S. Gulf Coast Kerosene-Type Jet Fuel Spot Price FOB (Dollars per Gallon),2.091
2025-03-24,New York Harbor No. 2 Heating Oil Spot Price FOB (Dollars per Gallon),2.163
2025-03-24,New York Harbor Ultra-Low Sulfur No 2 Diesel Spot Price (Dollars per Gallon),2.266
2025-03-24,U.S. Gulf Coast Ultra-Low Sulfur No 2 Diesel Spot Price (Dollars per Gallon),2.208
2025-03-21,"Los Angeles, CA Ultra-Low Sulfur CARB Diesel Spot Price (Dollars per Gallon)",2.302
2025-03-21,WTI Crude,68.52
2025-03-21,Brent Crude,72.64
2025-03-21,"Mont Belvieu, TX Propane Spot Price FOB (Dollars per Gallon)",0.889
2025-03-21,New York Harbor Conventional Gasoline Regular Spot Price FOB (Dollars per Gallon),2.008
2025-03-21,U.S. Gulf Coast Conventional Gasoline Regular Spot Price FOB (Dollars per Gallon),2.1
2025-03-21,Los Angeles Reformulated RBOB Regular Gasoline Spot Price (Dollars per Gallon),2.415
2025-03-21,U.S. Gulf Coast Kerosene-Type Jet Fuel Spot Price FOB (Dollars per Gallon),2.082
2025-03-21,New York Harbor No. 2 Heating Oil Spot Price FOB (Dollars per Gallon),2.155
2025-03-21,New York Harbor Ultra-Low Sulfur No 2 Diesel Spot Price (Dollars per Gallon),2.257
2025-03-21,U.S. Gulf Coast Ultra-Low Sulfur No 2 Diesel Spot Price (Dollars per Gallon),2.198
2025-03-20,"Los Angeles, CA Ultra-Low Sulfur CARB Diesel Spot Price (Dollars per Gallon)",2.304
2025-03-20,WTI Crude,68.55
2025-03-20,Brent Crude,72.61
2025-03-20,"Mont Belvieu, TX Propane Spot Price FOB (Dollars per Gallon)",0.87
2025-03-20,New York Harbor Conventional Gasoline Regular Spot Price FOB (Dollars per Gallon),2.008
2025-03-20,U.S. Gulf Coast Conventional Gasoline Regular Spot Price FOB (Dollars per Gallon),2.106
2025-03-20,Los Angeles Reformulated RBOB Regular Gasoline Spot Price (Dollars per Gallon),2.393
2025-03-20,U.S. Gulf Coast Kerosene-Type Jet Fuel Spot Price FOB (Dollars per Gallon),2.084
2025-03-20,New York Harbor No. 2 Heating Oil Spot Price FOB (Dollars per Gallon),2.156
2025-03-20,New York Harbor Ultra-Low Sulfur No 2 Diesel Spot Price (Dollars per Gallon),2.259
2025-03-20,U.S. Gulf Coast Ultra-Low Sulfur No 2 Diesel Spot Price (Dollars per Gallon),2.171
2025-03-19,"Los Angeles, CA Ultra-Low Sulfur CARB Diesel Spot Price (Dollars per Gallon)",2.246
2025-03-19,WTI Crude,67.4
2025-03-19,Brent Crude,71.94
2025-03-19,"Mont Belvieu, TX Propane Spot Price FOB (Dollars per Gallon)",0.854
2025-03-19,New York Harbor Conventional Gasoline Regular Spot Price FOB (Dollars per Gallon),1.984
2025-03-19,U.S. Gulf Coast Conventional Gasoline Regular Spot Price FOB (Dollars per Gallon),2.074
2025-03-19,Los Angeles Reformulated RBOB Regular Gasoline Spot Price (Dollars per Gallon),2.324
2025-03-19,U.S. Gulf Coast Kerosene-Type Jet Fuel Spot Price FOB (Dollars per Gallon),2.066
2025-03-19,New York Harbor No. 2 Heating Oil Spot Price FOB (Dollars per Gallon),2.138
2025-03-19,New York Harbor Ultra-Low Sulfur No 2 Diesel Spot Price (Dollars per Gallon),2.241
2025-03-19,U.S. Gulf Coast Ultra-Low Sulfur No 2 Diesel Spot Price (Dollars per Gallon),2.192
2025-03-18,"Los Angeles, CA Ultra-Low Sulfur CARB Diesel Spot Price (Dollars per Gallon)",2.21
2025-03-18,WTI Crude,67.49
2025-03-18,Brent Crude,71.93
2025-03-18,"Mont Belvieu, TX Propane Spot Price FOB (Dollars per Gallon)",0.85
2025-03-18,New York Harbor Conventional Gasoline Regular Spot Price FOB (Dollars per Gallon),1.981
2025-03-18,U.S. Gulf Coast Conventional Gasoline Regular Spot Price FOB (Dollars per Gallon),2.089
2025-03-18,Los Angeles Reformulated RBOB Regular Gasoline Spot Price (Dollars per Gallon),2.321
2025-03-18,U.S. Gulf Coast Kerosene-Type Jet Fuel Spot Price FOB (Dollars per Gallon),2.03
2025-03-18,New York Harbor No. 2 Heating Oil Spot Price FOB (Dollars per Gallon),2.102
2025-03-18,New York Harbor Ultra-Low Sulfur No 2 Diesel Spot Price (Dollars per Gallon),2.205
2025-03-18,U.S. Gulf Coast Ultra-Low Sulfur No 2 Diesel Spot Price (Dollars per Gallon),2.13
2025-03-17,"Los Angeles, CA Ultra-Low Sulfur CARB Diesel Spot Price (Dollars per Gallon)",2.125
2025-03-17,WTI Crude,67.84
2025-03-17,Brent Crude,71.93
2025-03-17,"Mont Belvieu, TX Propane Spot Price FOB (Dollars per Gallon)",0.856
2025-03-17,New York Harbor Conventional Gasoline Regular Spot Price FOB (Dollars per Gallon),1.995
2025-03-17,U.S. Gulf Coast Conventional Gasoline Regular Spot Price FOB (Dollars per Gallon),2.095
2025-03-17,Los Angeles Reformulated RBOB Regular Gasoline Spot Price (Dollars per Gallon),2.32
2025-03-17,U.S. Gulf Coast Kerosene-Type Jet Fuel Spot Price FOB (Dollars per Gallon),2.035
2025-03-17,New York Harbor No. 2 Heating Oil Spot Price FOB (Dollars per Gallon),2.107
2025-03-17,New York Harbor Ultra-Low Sulfur No 2 Diesel Spot Price (Dollars per Gallon),2.21
2025-03-17,U.S. Gulf Coast Ultra-Low Sulfur No 2 Diesel Spot Price (Dollars per Gallon),2.136
2025-03-14,"Los Angeles, CA Ultra-Low Sulfur CARB Diesel Spot Price (Dollars per Gallon)",2.087
2025-03-14,WTI Crude,67.43
2025-03-14,Brent Crude,71.94
2025-03-14,"Mont Belvieu, TX Propane Spot Price FOB (Dollars per Gallon)",0.854
2025-03-14,New York Harbor Conventional Gasoline Regular Spot Price FOB (Dollars per Gallon),1.964
2025-03-14,U.S. Gulf Coast Conventional Gasoline Regular Spot Price FOB (Dollars per Gallon),2.064
2025-03-14,Los Angeles Reformulated RBOB Regular Gasoline Spot Price (Dollars per Gallon),2.289
2025-03-14,U.S. Gulf Coast Kerosene-Type Jet Fuel Spot Price FOB (Dollars per Gallon),1.997
2025-03-14,New York Harbor No. 2 Heating Oil Spot Price FOB (Dollars per Gallon),2.069
2025-03-14,New York Harbor Ultra-Low Sulfur No 2 Diesel Spot Price (Dollars per Gallon),2.172
2025-03-14,U.S. Gulf Coast Ultra-Low Sulfur No 2 Diesel Spot Price (Dollars per Gallon),2.098
2025-03-13,"Los Angeles, CA Ultra-Low Sulfur CARB Diesel Spot Price (Dollars per Gallon)",2.076
2025-03-13,WTI Crude,66.82
2025-03-13,Brent Crude,70.82
2025-03-13,"Mont Belvieu, TX Propane Spot Price FOB (Dollars per Gallon)",0.849
2025-03-13,New York Harbor Conventional Gasoline Regular Spot Price FOB (Dollars per Gallon),1.938
2025-03-13,U.S. Gulf Coast Conventional Gasoline Regular Spot Price FOB (Dollars per Gallon),2.038
2025-03-13,Los Angeles Reformulated RBOB Regular Gasoline Spot Price (Dollars per Gallon),2.246
2025-03-13,U.S. Gulf Coast Kerosene-Type Jet Fuel Spot Price FOB (Dollars per Gallon),1.999
2025-03-13,New York Harbor No. 2 Heating Oil Spot Price FOB (Dollars per Gallon),2.059
2025-03-13,New York Harbor Ultra-Low Sulfur No 2 Diesel Spot Price (Dollars per Gallon),2.164
2025-03-13,U.S. Gulf Coast Ultra-Low Sulfur No 2 Diesel Spot Price (Dollars per Gallon),2.089
2025-03-12,"Los Angeles, CA Ultra-Low Sulfur CARB Diesel Spot Price (Dollars per Gallon)",2.103
2025-03-12,WTI Crude,67.65
2025-03-12,Brent Crude,72.36
2025-03-12,"Mont Belvieu, TX Propane Spot Price FOB (Dollars per Gallon)",0.851
2025-03-12,New York Harbor Conventional Gasoline Regular Spot Price FOB (Dollars per Gallon),1.96
2025-03-12,U.S. Gulf Coast Conventional Gasoline Regular Spot Price FOB (Dollars per Gallon),2.008
2025-03-12,Los Angeles Reformulated RBOB Regular Gasoline Spot Price (Dollars per Gallon),2.14
2025-03-12,U.S. Gulf Coast Kerosene-Type Jet Fuel Spot Price FOB (Dollars per Gallon),2.04
2025-03-12,New York Harbor No. 2 Heating Oil Spot Price FOB (Dollars per Gallon),2.11
2025-03-12,New York Harbor Ultra-Low Sulfur No 2 Diesel Spot Price (Dollars per Gallon),2.215
2025-03-12,U.S. Gulf Coast Ultra-Low Sulfur No 2 Diesel Spot Price (Dollars per Gallon),2.14
2025-03-11,"Los Angeles, CA Ultra-Low Sulfur CARB Diesel Spot Price (Dollars per Gallon)",2.104
2025-03-11,WTI Crude,66.52
2025-03-11,Brent Crude,71.51
2025-03-11,"Mont Belvieu, TX Propane Spot Price FOB (Dollars per Gallon)",0.836
2025-03-11,New York Harbor Conventional Gasoline Regular Spot Price FOB (Dollars per Gallon),1.941
2025-03-11,U.S. Gulf Coast Conventional Gasoline Regular Spot Price FOB (Dollars per Gallon),1.954
2025-03-11,Los Angeles Reformulated RBOB Regular Gasoline Spot Price (Dollars per Gallon),2.041
2025-03-11,U.S. Gulf Coast Kerosene-Type Jet Fuel Spot Price FOB (Dollars per Gallon),2.039
2025-03-11,New York Harbor No. 2 Heating Oil Spot Price FOB (Dollars per Gallon),2.111
2025-03-11,New York Harbor Ultra-Low Sulfur No 2 Diesel Spot Price (Dollars per Gallon),2.22
2025-03-11,U.S. Gulf Coast Ultra-Low Sulfur No 2 Diesel Spot Price (Dollars per Gallon),2.141
2025-03-10,"Los Angeles, CA Ultra-Low Sulfur CARB Diesel Spot Price (Dollars per Gallon)",2.076
2025-03-10,WTI Crude,66.31
2025-03-10,Brent Crude,71.08
2025-03-10,"Mont Belvieu, TX Propane Spot Price FOB (Dollars per Gallon)",0.836
2025-03-10,New York Harbor Conventional Gasoline Regular Spot Price FOB (Dollars per Gallon),1.919
2025-03-10,U.S. Gulf Coast Conventional Gasoline Regular Spot Price FOB (Dollars per Gallon),1.932
2025-03-10,Los Angeles Reformulated RBOB Regular Gasoline Spot Price (Dollars per Gallon),2.029
2025-03-10,U.S. Gulf Coast Kerosene-Type Jet Fuel Spot Price FOB (Dollars per Gallon),2.006
2025-03-10,New York Harbor No. 2 Heating Oil Spot Price FOB (Dollars per Gallon),2.086
2025-03-10,New York Harbor Ultra-Low Sulfur No 2 Diesel Spot Price (Dollars per Gallon),2.191
2025-03-10,U.S. Gulf Coast Ultra-Low Sulfur No 2 Diesel Spot Price (Dollars per Gallon),2.116
2025-03-07,"Los Angeles, CA Ultra-Low Sulfur CARB Diesel Spot Price (Dollars per Gallon)",2.149
2025-03-07,WTI Crude,67.29
2025-03-07,Brent Crude,72.49
2025-03-07,"Mont Belvieu, TX Propane Spot Price FOB (Dollars per Gallon)",0.856
2025-03-07,New York Harbor Conventional Gasoline Regular Spot Price FOB (Dollars per Gallon),1.937
2025-03-07,U.S. Gulf Coast Conventional Gasoline Regular Spot Price FOB (Dollars per Gallon),1.985
2025-03-07,Los Angeles Reformulated RBOB Regular Gasoline Spot Price (Dollars per Gallon),2.127
2025-03-07,U.S. Gulf Coast Kerosene-Type Jet Fuel Spot Price FOB (Dollars per Gallon),2.071
2025-03-07,New York Harbor No. 2 Heating Oil Spot Price FOB (Dollars per Gallon),2.154
2025-03-07,New York Harbor Ultra-Low Sulfur No 2 Diesel Spot Price (Dollars per Gallon),2.239
2025-03-07,U.S. Gulf Coast Ultra-Low Sulfur No 2 Diesel Spot Price (Dollars per Gallon),2.151
2025-03-06,"Los Angeles, CA Ultra-Low Sulfur CARB Diesel Spot Price (Dollars per Gallon)",2.181
2025-03-06,WTI Crude,66.62
2025-03-06,Brent Crude,71.08
2025-03-06,"Mont Belvieu, TX Propane Spot Price FOB (Dollars per Gallon)",0.845
2025-03-06,New York Harbor Conventional Gasoline Regular Spot Price FOB (Dollars per Gallon),1.891
2025-03-06,U.S. Gulf Coast Conventional Gasoline Regular Spot Price FOB (Dollars per Gallon),1.956
2025-03-06,Los Angeles Reformulated RBOB Regular Gasoline Spot Price (Dollars per Gallon),2.146
2025-03-06,U.S. Gulf Coast Kerosene-Type Jet Fuel Spot Price FOB (Dollars per Gallon),2.063
2025-03-06,New York Harbor No. 2 Heating Oil Spot Price FOB (Dollars per Gallon),2.156
2025-03-06,New York Harbor Ultra-Low Sulfur No 2 Diesel Spot Price (Dollars per Gallon),2.259
2025-03-06,U.S. Gulf Coast Ultra-Low Sulfur No 2 Diesel Spot Price (Dollars per Gallon),2.152
2025-03-05,"Los Angeles, CA Ultra-Low Sulfur CARB Diesel Spot Price (Dollars per Gallon)",2.216
2025-03-05,WTI Crude,66.58
2025-03-05,Brent Crude,70.92
2025-03-05,"Mont Belvieu, TX Propane Spot Price FOB (Dollars per Gallon)",0.843
2025-03-05,New York Harbor Conventional Gasoline Regular Spot Price FOB (Dollars per Gallon),1.929
2025-03-05,U.S. Gulf Coast Conventional Gasoline Regular Spot Price FOB (Dollars per Gallon),1.994
2025-03-05,Los Angeles Reformulated RBOB Regular Gasoline Spot Price (Dollars per Gallon),2.264
2025-03-05,U.S. Gulf Coast Kerosene-Type Jet Fuel Spot Price FOB (Dollars per Gallon),2.089
2025-03-05,New York Harbor No. 2 Heating Oil Spot Price FOB (Dollars per Gallon),2.181
2025-03-05,New York Harbor Ultra-Low Sulfur No 2 Diesel Spot Price (Dollars per Gallon),2.284
2025-03-05,U.S. Gulf Coast Ultra-Low Sulfur No 2 Diesel Spot Price (Dollars per Gallon),2.177
2025-03-04,"Los Angeles, CA Ultra-Low Sulfur CARB Diesel Spot Price (Dollars per Gallon)",2.256
2025-03-04,WTI Crude,68.47
2025-03-04,Brent Crude,72.31
2025-03-04,"Mont Belvieu, TX Propane Spot Price FOB (Dollars per Gallon)",0.87
2025-03-04,New York Harbor Conventional Gasoline Regular Spot Price FOB (Dollars per Gallon),1.971
2025-03-04,U.S. Gulf Coast Conventional Gasoline Regular Spot Price FOB (Dollars per Gallon),1.938
2025-03-04,Los Angeles Reformulated RBOB Regular Gasoline Spot Price (Dollars per Gallon),2.271
2025-03-04,U.S. Gulf Coast Kerosene-Type Jet Fuel Spot Price FOB (Dollars per Gallon),2.076
2025-03-04,New York Harbor No. 2 Heating Oil Spot Price FOB (Dollars per Gallon),2.201
2025-03-04,New York Harbor Ultra-Low Sulfur No 2 Diesel Spot Price (Dollars per Gallon),2.302
2025-03-04,U.S. Gulf Coast Ultra-Low Sulfur No 2 Diesel Spot Price (Dollars per Gallon),2.207
2025-03-03,"Los Angeles, CA Ultra-Low Sulfur CARB Diesel Spot Price (Dollars per Gallon)",2.278
2025-03-03,WTI Crude,68.63
2025-03-03,Brent Crude,72.85
2025-03-03,"Mont Belvieu, TX Propane Spot Price FOB (Dollars per Gallon)",0.895
2025-03-03,New York Harbor Conventional Gasoline Regular Spot Price FOB (Dollars per Gallon),1.995
2025-03-03,U.S. Gulf Coast Conventional Gasoline Regular Spot Price FOB (Dollars per Gallon),1.963
2025-03-03,Los Angeles Reformulated RBOB Regular Gasoline Spot Price (Dollars per Gallon),2.285
2025-03-03,U.S. Gulf Coast Kerosene-Type Jet Fuel Spot Price FOB (Dollars per Gallon),2.088
2025-03-03,New York Harbor No. 2 Heating Oil Spot Price FOB (Dollars per Gallon),2.213
2025-03-03,New York Harbor Ultra-Low Sulfur No 2 Diesel Spot Price (Dollars per Gallon),2.231
2025-03-03,U.S. Gulf Coast Ultra-Low Sulfur No 2 Diesel Spot Price (Dollars per Gallon),2.219
2025-02-28,"Los Angeles, CA Ultra-Low Sulfur CARB Diesel Spot Price (Dollars per Gallon)",2.362
2025-02-28,WTI Crude,69.97
2025-02-28,Brent Crude,74.76
2025-02-28,"Mont Belvieu, TX Propane Spot Price FOB (Dollars per Gallon)",0.958
2025-02-28,New York Harbor Conventional Gasoline Regular Spot Price FOB (Dollars per Gallon),1.925
2025-02-28,U.S. Gulf Coast Conventional Gasoline Regular Spot Price FOB (Dollars per Gallon),2.006
2025-02-28,Los Angeles Reformulated RBOB Regular Gasoline Spot Price (Dollars per Gallon),2.06
2025-02-28,U.S. Gulf Coast Kerosene-Type Jet Fuel Spot Price FOB (Dollars per Gallon),2.145
2025-02-28,New York Harbor No. 2 Heating Oil Spot Price FOB (Dollars per Gallon),2.232
2025-02-28,New York Harbor Ultra-Low Sulfur No 2 Diesel Spot Price (Dollars per Gallon),2.352
2025-02-28,U.S. Gulf Coast Ultra-Low Sulfur No 2 Diesel Spot Price (Dollars per Gallon),2.29
2025-02-27,"Los Angeles, CA Ultra-Low Sulfur CARB Diesel Spot Price (Dollars per Gallon)",2.395
2025-02-27,WTI Crude,70.62
2025-02-27,Brent Crude,75.01
2025-02-27,"Mont Belvieu, TX Propane Spot Price FOB (Dollars per Gallon)",0.99
2025-02-27,New York Harbor Conventional Gasoline Regular Spot Price FOB (Dollars per Gallon),1.949
2025-02-27,U.S. Gulf Coast Conventional Gasoline Regular Spot Price FOB (Dollars per Gallon),1.998
2025-02-27,Los Angeles Reformulated RBOB Regular Gasoline Spot Price (Dollars per Gallon),2.104
2025-02-27,U.S. Gulf Coast Kerosene-Type Jet Fuel Spot Price FOB (Dollars per Gallon),2.166
2025-02-27,New York Harbor No. 2 Heating Oil Spot Price FOB (Dollars per Gallon),2.265
2025-02-27,New York Harbor Ultra-Low Sulfur No 2 Diesel Spot Price (Dollars per Gallon),2.385
2025-02-27,U.S. Gulf Coast Ultra-Low Sulfur No 2 Diesel Spot Price (Dollars per Gallon),2.297
2025-02-26,"Los Angeles, CA Ultra-Low Sulfur CARB Diesel Spot Price (Dollars per Gallon)",2.364
2025-02-26,WTI Crude,68.87
2025-02-26,Brent Crude,73.49
2025-02-26,"Mont Belvieu, TX Propane Spot Price FOB (Dollars per Gallon)",0.948
2025-02-26,New York Harbor Conventional Gasoline Regular Spot Price FOB (Dollars per Gallon),1.904
2025-02-26,U.S. Gulf Coast Conventional Gasoline Regular Spot Price FOB (Dollars per Gallon),1.955
2025-02-26,Los Angeles Reformulated RBOB Regular Gasoline Spot Price (Dollars per Gallon),2.089
2025-02-26,U.S. Gulf Coast Kerosene-Type Jet Fuel Spot Price FOB (Dollars per Gallon),2.119
2025-02-26,New York Harbor No. 2 Heating Oil Spot Price FOB (Dollars per Gallon),2.229
2025-02-26,New York Harbor Ultra-Low Sulfur No 2 Diesel Spot Price (Dollars per Gallon),2.344
2025-02-26,U.S. Gulf Coast Ultra-Low Sulfur No 2 Diesel Spot Price (Dollars per Gallon),2.251
2025-02-25,"Los Angeles, CA Ultra-Low Sulfur CARB Diesel Spot Price (Dollars per Gallon)",2.443
2025-02-25,WTI Crude,69.15
2025-02-25,Brent Crude,73.11
2025-02-25,"Mont Belvieu, TX Propane Spot Price FOB (Dollars per Gallon)",0.919
2025-02-25,New York Harbor Conventional Gasoline Regular Spot Price FOB (Dollars per Gallon),1.927
2025-02-25,U.S. Gulf Coast Conventional Gasoline Regular Spot Price FOB (Dollars per Gallon),1.994
2025-02-25,Los Angeles Reformulated RBOB Regular Gasoline Spot Price (Dollars per Gallon),2.112
2025-02-25,U.S. Gulf Coast Kerosene-Type Jet Fuel Spot Price FOB (Dollars per Gallon),2.163
2025-02-25,New York Harbor No. 2 Heating Oil Spot Price FOB (Dollars per Gallon),2.268
2025-02-25,New York Harbor Ultra-Low Sulfur No 2 Diesel Spot Price (Dollars per Gallon),2.388
2025-02-25,U.S. Gulf Coast Ultra-Low Sulfur No 2 Diesel Spot Price (Dollars per Gallon),2.287
2025-02-24,"Los Angeles, CA Ultra-Low Sulfur CARB Diesel Spot Price (Dollars per Gallon)",2.497
2025-02-24,WTI Crude,71.06
2025-02-24,Brent Crude,74.89
2025-02-24,"Mont Belvieu, TX Propane Spot Price FOB (Dollars per Gallon)",0.901
2025-02-24,New York Harbor Conventional Gasoline Regular Spot Price FOB (Dollars per Gallon),2.1
2025-02-24,U.S. Gulf Coast Conventional Gasoline Regular Spot Price FOB (Dollars per Gallon),2.061
2025-02-24,Los Angeles Reformulated RBOB Regular Gasoline Spot Price (Dollars per Gallon),2.485
2025-02-24,U.S. Gulf Coast Kerosene-Type Jet Fuel Spot Price FOB (Dollars per Gallon),2.209
2025-02-24,New York Harbor No. 2 Heating Oil Spot Price FOB (Dollars per Gallon),2.324
2025-02-24,New York Harbor Ultra-Low Sulfur No 2 Diesel Spot Price (Dollars per Gallon),2.457
2025-02-24,U.S. Gulf Coast Ultra-Low Sulfur No 2 Diesel Spot Price (Dollars per Gallon),2.344
2025-02-21,"Los Angeles, CA Ultra-Low Sulfur CARB Diesel Spot Price (Dollars per Gallon)",2.467
2025-02-21,WTI Crude,70.72
2025-02-21,Brent Crude,74.88
2025-02-21,"Mont Belvieu, TX Propane Spot Price FOB (Dollars per Gallon)",0.9
2025-02-21,New York Harbor Conventional Gasoline Regular Spot Price FOB (Dollars per Gallon),2.102
2025-02-21,U.S. Gulf Coast Conventional Gasoline Regular Spot Price FOB (Dollars per Gallon),2.067
2025-02-21,Los Angeles Reformulated RBOB Regular Gasoline Spot Price (Dollars per Gallon),2.487
2025-02-21,U.S. Gulf Coast Kerosene-Type Jet Fuel Spot Price FOB (Dollars per Gallon),2.266
2025-02-21,New York Harbor No. 2 Heating Oil Spot Price FOB (Dollars per Gallon),2.337
2025-02-21,New York Harbor Ultra-Low Sulfur No 2 Diesel Spot Price (Dollars per Gallon),2.442
2025-02-21,U.S. Gulf Coast Ultra-Low Sulfur No 2 Diesel Spot Price (Dollars per Gallon),2.382
2025-02-20,"Los Angeles, CA Ultra-Low Sulfur CARB Diesel Spot Price (Dollars per Gallon)",2.531
2025-02-20,WTI Crude,72.88
2025-02-20,Brent Crude,76.95
2025-02-20,"Mont Belvieu, TX Propane Spot Price FOB (Dollars per Gallon)",0.901
2025-02-20,New York Harbor Conventional Gasoline Regular Spot Price FOB (Dollars per Gallon),2.158
2025-02-20,U.S. Gulf Coast Conventional Gasoline Regular Spot Price FOB (Dollars per Gallon),2.108
2025-02-20,Los Angeles Reformulated RBOB Regular Gasoline Spot Price (Dollars per Gallon),2.543
2025-02-20,U.S. Gulf Coast Kerosene-Type Jet Fuel Spot Price FOB (Dollars per Gallon),2.358
2025-02-20,New York Harbor No. 2 Heating Oil Spot Price FOB (Dollars per Gallon),2.401
2025-02-20,New York Harbor Ultra-Low Sulfur No 2 Diesel Spot Price (Dollars per Gallon),2.511
2025-02-20,U.S. Gulf Coast Ultra-Low Sulfur No 2 Diesel Spot Price (Dollars per Gallon),2.456
2025-02-19,"Los Angeles, CA Ultra-Low Sulfur CARB Diesel Spot Price (Dollars per Gallon)",2.552
2025-02-19,WTI Crude,72.58
2025-02-19,Brent Crude,76.34
2025-02-19,"Mont Belvieu, TX Propane Spot Price FOB (Dollars per Gallon)",0.901
2025-02-19,New York Harbor Conventional Gasoline Regular Spot Price FOB (Dollars per Gallon),2.164
2025-02-19,U.S. Gulf Coast Conventional Gasoline Regular Spot Price FOB (Dollars per Gallon),2.114
2025-02-19,Los Angeles Reformulated RBOB Regular Gasoline Spot Price (Dollars per Gallon),2.549
2025-02-19,U.S. Gulf Coast Kerosene-Type Jet Fuel Spot Price FOB (Dollars per Gallon),2.33
2025-02-19,New York Harbor No. 2 Heating Oil Spot Price FOB (Dollars per Gallon),2.372
2025-02-19,New York Harbor Ultra-Low Sulfur No 2 Diesel Spot Price (Dollars per Gallon),2.482
2025-02-19,U.S. Gulf Coast Ultra-Low Sulfur No 2 Diesel Spot Price (Dollars per Gallon),2.427
2025-02-18,"Los Angeles, CA Ultra-Low Sulfur CARB Diesel Spot Price (Dollars per Gallon)",2.515
2025-02-18,WTI Crude,72.21
2025-02-18,Brent Crude,76.46
2025-02-18,"Mont Belvieu, TX Propane Spot Price FOB (Dollars per Gallon)",0.904
2025-02-18,New York Harbor Conventional Gasoline Regular Spot Price FOB (Dollars per Gallon),2.166
2025-02-18,U.S. Gulf Coast Conventional Gasoline Regular Spot Price FOB (Dollars per Gallon),2.096
2025-02-18,Los Angeles Reformulated RBOB Regular Gasoline Spot Price (Dollars per Gallon),2.551
2025-02-18,U.S. Gulf Coast Kerosene-Type Jet Fuel Spot Price FOB (Dollars per Gallon),2.262
2025-02-18,New York Harbor No. 2 Heating Oil Spot Price FOB (Dollars per Gallon),2.345
2025-02-18,New York Harbor Ultra-Low Sulfur No 2 Diesel Spot Price (Dollars per Gallon),2.477
2025-02-18,U.S. Gulf Coast Ultra-Low Sulfur No 2 Diesel Spot Price (Dollars per Gallon),2.35
2025-02-17,Brent Crude,75.81
2025-02-14,"Los Angeles, CA Ultra-Low Sulfur CARB Diesel Spot Price (Dollars per Gallon)",2.511
2025-02-14,WTI Crude,71.05
2025-02-14,Brent Crude,75.19
2025-02-14,"Mont Belvieu, TX Propane Spot Price FOB (Dollars per Gallon)",0.915
2025-02-14,New York Harbor Conventional Gasoline Regular Spot Price FOB (Dollars per Gallon),2.161
2025-02-14,U.S. Gulf Coast Conventional Gasoline Regular Spot Price FOB (Dollars per Gallon),2.091
2025-02-14,Los Angeles Reformulated RBOB Regular Gasoline Spot Price (Dollars per Gallon),2.546
2025-02-14,U.S. Gulf Coast Kerosene-Type Jet Fuel Spot Price FOB (Dollars per Gallon),2.276
2025-02-14,New York Harbor No. 2 Heating Oil Spot Price FOB (Dollars per Gallon),2.358
2025-02-14,New York Harbor Ultra-Low Sulfur No 2 Diesel Spot Price (Dollars per Gallon),2.491
2025-02-14,U.S. Gulf Coast Ultra-Low Sulfur No 2 Diesel Spot Price (Dollars per Gallon),2.363
2025-02-13,"Los Angeles, CA Ultra-Low Sulfur CARB Diesel Spot Price (Dollars per Gallon)",2.52
2025-02-13,WTI Crude,71.66
2025-02-13,Brent Crude,75.61
2025-02-13,"Mont Belvieu, TX Propane Spot Price FOB (Dollars per Gallon)",0.923
2025-02-13,New York Harbor Conventional Gasoline Regular Spot Price FOB (Dollars per Gallon),2.186
2025-02-13,U.S. Gulf Coast Conventional Gasoline Regular Spot Price FOB (Dollars per Gallon),2.116
2025-02-13,Los Angeles Reformulated RBOB Regular Gasoline Spot Price (Dollars per Gallon),2.561
2025-02-13,U.S. Gulf Coast Kerosene-Type Jet Fuel Spot Price FOB (Dollars per Gallon),2.27
2025-02-13,New York Harbor No. 2 Heating Oil Spot Price FOB (Dollars per Gallon),2.365
2025-02-13,New York Harbor Ultra-Low Sulfur No 2 Diesel Spot Price (Dollars per Gallon),2.7
2025-02-13,U.S. Gulf Coast Ultra-Low Sulfur No 2 Diesel Spot Price (Dollars per Gallon),2.369
2025-02-12,"Los Angeles, CA Ultra-Low Sulfur CARB Diesel Spot Price (Dollars per Gallon)",2.512
2025-02-12,WTI Crude,71.72
2025-02-12,Brent Crude,75.38
2025-02-12,"Mont Belvieu, TX Propane Spot Price FOB (Dollars per Gallon)",0.925
2025-02-12,New York Harbor Conventional Gasoline Regular Spot Price FOB (Dollars per Gallon),2.157
2025-02-12,U.S. Gulf Coast Conventional Gasoline Regular Spot Price FOB (Dollars per Gallon),2.072
2025-02-12,Los Angeles Reformulated RBOB Regular Gasoline Spot Price (Dollars per Gallon),2.682
2025-02-12,U.S. Gulf Coast Kerosene-Type Jet Fuel Spot Price FOB (Dollars per Gallon),2.277
2025-02-12,New York Harbor No. 2 Heating Oil Spot Price FOB (Dollars per Gallon),2.377
2025-02-12,New York Harbor Ultra-Low Sulfur No 2 Diesel Spot Price (Dollars per Gallon),2.497
2025-02-12,U.S. Gulf Coast Ultra-Low Sulfur No 2 Diesel Spot Price (Dollars per Gallon),2.378
2025-02-11,"Los Angeles, CA Ultra-Low Sulfur CARB Diesel Spot Price (Dollars per Gallon)",2.553
2025-02-11,WTI Crude,73.67
2025-02-11,Brent Crude,77.65
2025-02-11,"Mont Belvieu, TX Propane Spot Price FOB (Dollars per Gallon)",0.943
2025-02-11,New York Harbor Conventional Gasoline Regular Spot Price FOB (Dollars per Gallon),2.219
2025-02-11,U.S. Gulf Coast Conventional Gasoline Regular Spot Price FOB (Dollars per Gallon),2.137
2025-02-11,Los Angeles Reformulated RBOB Regular Gasoline Spot Price (Dollars per Gallon),2.744
2025-02-11,U.S. Gulf Coast Kerosene-Type Jet Fuel Spot Price FOB (Dollars per Gallon),2.357
2025-02-11,New York Harbor No. 2 Heating Oil Spot Price FOB (Dollars per Gallon),2.448
2025-02-11,New York Harbor Ultra-Low Sulfur No 2 Diesel Spot Price (Dollars per Gallon),2.568
2025-02-11,U.S. Gulf Coast Ultra-Low Sulfur No 2 Diesel Spot Price (Dollars per Gallon),2.45
2025-02-10,"Los Angeles, CA Ultra-Low Sulfur CARB Diesel Spot Price (Dollars per Gallon)",2.49
2025-02-10,WTI Crude,72.73
2025-02-10,Brent Crude,76.23
2025-02-10,"Mont Belvieu, TX Propane Spot Price FOB (Dollars per Gallon)",0.94
2025-02-10,New York Harbor Conventional Gasoline Regular Spot Price FOB (Dollars per Gallon),2.181
2025-02-10,U.S. Gulf Coast Conventional Gasoline Regular Spot Price FOB (Dollars per Gallon),2.099
2025-02-10,Los Angeles Reformulated RBOB Regular Gasoline Spot Price (Dollars per Gallon),2.626
2025-02-10,U.S. Gulf Coast Kerosene-Type Jet Fuel Spot Price FOB (Dollars per Gallon),2.293
2025-02-10,New York Harbor No. 2 Heating Oil Spot Price FOB (Dollars per Gallon),2.39
2025-02-10,New York Harbor Ultra-Low Sulfur No 2 Diesel Spot Price (Dollars per Gallon),2.505
2025-02-10,U.S. Gulf Coast Ultra-Low Sulfur No 2 Diesel Spot Price (Dollars per Gallon),2.388
2025-02-07,"Los Angeles, CA Ultra-Low Sulfur CARB Diesel Spot Price (Dollars per Gallon)",2.471
2025-02-07,WTI Crude,71.32
2025-02-07,Brent Crude,74.68
2025-02-07,"Mont Belvieu, TX Propane Spot Price FOB (Dollars per Gallon)",0.928
2025-02-07,New York Harbor Conventional Gasoline Regular Spot Price FOB (Dollars per Gallon),2.181
2025-02-07,U.S. Gulf Coast Conventional Gasoline Regular Spot Price FOB (Dollars per Gallon),2.108
2025-02-07,Los Angeles Reformulated RBOB Regular Gasoline Spot Price (Dollars per Gallon),2.576
2025-02-07,U.S. Gulf Coast Kerosene-Type Jet Fuel Spot Price FOB (Dollars per Gallon),2.301
2025-02-07,New York Harbor No. 2 Heating Oil Spot Price FOB (Dollars per Gallon),2.381
2025-02-07,New York Harbor Ultra-Low Sulfur No 2 Diesel Spot Price (Dollars per Gallon),2.496
2025-02-07,U.S. Gulf Coast Ultra-Low Sulfur No 2 Diesel Spot Price (Dollars per Gallon),2.384
2025-02-06,"Los Angeles, CA Ultra-Low Sulfur CARB Diesel Spot Price (Dollars per Gallon)",2.439
2025-02-06,WTI Crude,70.97
2025-02-06,Brent Crude,74.54
2025-02-06,"Mont Belvieu, TX Propane Spot Price FOB (Dollars per Gallon)",0.919
2025-02-06,New York Harbor Conventional Gasoline Regular Spot Price FOB (Dollars per Gallon),2.148
2025-02-06,U.S. Gulf Coast Conventional Gasoline Regular Spot Price FOB (Dollars per Gallon),2.088
2025-02-06,Los Angeles Reformulated RBOB Regular Gasoline Spot Price (Dollars per Gallon),2.533
2025-02-06,U.S. Gulf Coast Kerosene-Type Jet Fuel Spot Price FOB (Dollars per Gallon),2.294
2025-02-06,New York Harbor No. 2 Heating Oil Spot Price FOB (Dollars per Gallon),2.374
2025-02-06,New York Harbor Ultra-Low Sulfur No 2 Diesel Spot Price (Dollars per Gallon),2.459
2025-02-06,U.S. Gulf Coast Ultra-Low Sulfur No 2 Diesel Spot Price (Dollars per Gallon),2.344
2025-02-05,"Los Angeles, CA Ultra-Low Sulfur CARB Diesel Spot Price (Dollars per Gallon)",2.421
2025-02-05,WTI Crude,71.39
2025-02-05,Brent Crude,74.71
2025-02-05,"Mont Belvieu, TX Propane Spot Price FOB (Dollars per Gallon)",0.915
2025-02-05,New York Harbor Conventional Gasoline Regular Spot Price FOB (Dollars per Gallon),2.126
2025-02-05,U.S. Gulf Coast Conventional Gasoline Regular Spot Price FOB (Dollars per Gallon),2.074
2025-02-05,Los Angeles Reformulated RBOB Regular Gasoline Spot Price (Dollars per Gallon),2.501
2025-02-05,U.S. Gulf Coast Kerosene-Type Jet Fuel Spot Price FOB (Dollars per Gallon),2.271
2025-02-05,New York Harbor No. 2 Heating Oil Spot Price FOB (Dollars per Gallon),2.356
2025-02-05,New York Harbor Ultra-Low Sulfur No 2 Diesel Spot Price (Dollars per Gallon),2.441
2025-02-05,U.S. Gulf Coast Ultra-Low Sulfur No 2 Diesel Spot Price (Dollars per Gallon),2.32
2025-02-04,"Los Angeles, CA Ultra-Low Sulfur CARB Diesel Spot Price (Dollars per Gallon)",2.461
2025-02-04,WTI Crude,73.04
2025-02-04,Brent Crude,76.58
2025-02-04,"Mont Belvieu, TX Propane Spot Price FOB (Dollars per Gallon)",0.92
2025-02-04,New York Harbor Conventional Gasoline Regular Spot Price FOB (Dollars per Gallon),2.174
2025-02-04,U.S. Gulf Coast Conventional Gasoline Regular Spot Price FOB (Dollars per Gallon),2.114
2025-02-04,Los Angeles Reformulated RBOB Regular Gasoline Spot Price (Dollars per Gallon),2.444
2025-02-04,U.S. Gulf Coast Kerosene-Type Jet Fuel Spot Price FOB (Dollars per Gallon),2.301
2025-02-04,New York Harbor No. 2 Heating Oil Spot Price FOB (Dollars per Gallon),2.346
2025-02-04,New York Harbor Ultra-Low Sulfur No 2 Diesel Spot Price (Dollars per Gallon),2.501
2025-02-04,U.S. Gulf Coast Ultra-Low Sulfur No 2 Diesel Spot Price (Dollars per Gallon),2.354
2025-02-03,"Los Angeles, CA Ultra-Low Sulfur CARB Diesel Spot Price (Dollars per Gallon)",2.496
2025-02-03,WTI Crude,73.52
2025-02-03,Brent Crude,76.49
2025-02-03,"Mont Belvieu, TX Propane Spot Price FOB (Dollars per Gallon)",0.929
2025-02-03,New York Harbor Conventional Gasoline Regular Spot Price FOB (Dollars per Gallon),2.194
2025-02-03,U.S. Gulf Coast Conventional Gasoline Regular Spot Price FOB (Dollars per Gallon),2.102
2025-02-03,Los Angeles Reformulated RBOB Regular Gasoline Spot Price (Dollars per Gallon),2.464
2025-02-03,U.S. Gulf Coast Kerosene-Type Jet Fuel Spot Price FOB (Dollars per Gallon),2.358
2025-02-03,New York Harbor No. 2 Heating Oil Spot Price FOB (Dollars per Gallon),2.406
2025-02-03,New York Harbor Ultra-Low Sulfur No 2 Diesel Spot Price (Dollars per Gallon),2.456
2025-02-03,U.S. Gulf Coast Ultra-Low Sulfur No 2 Diesel Spot Price (Dollars per Gallon),2.381
2025-01-31,"Los Angeles, CA Ultra-Low Sulfur CARB Diesel Spot Price (Dollars per Gallon)",2.491
2025-01-31,WTI Crude,72.84
2025-01-31,Brent Crude,77.11
2025-01-31,"Mont Belvieu, TX Propane Spot Price FOB (Dollars per Gallon)",0.915
2025-01-31,New York Harbor Conventional Gasoline Regular Spot Price FOB (Dollars per Gallon),2.122
2025-01-31,U.S. Gulf Coast Conventional Gasoline Regular Spot Price FOB (Dollars per Gallon),2.077
2025-01-31,Los Angeles Reformulated RBOB Regular Gasoline Spot Price (Dollars per Gallon),2.377
2025-01-31,U.S. Gulf Coast Kerosene-Type Jet Fuel Spot Price FOB (Dollars per Gallon),2.302
2025-01-31,New York Harbor No. 2 Heating Oil Spot Price FOB (Dollars per Gallon),2.371
2025-01-31,New York Harbor Ultra-Low Sulfur No 2 Diesel Spot Price (Dollars per Gallon),2.454
2025-01-31,U.S. Gulf Coast Ultra-Low Sulfur No 2 Diesel Spot Price (Dollars per Gallon),2.373
2025-01-30,"Los Angeles, CA Ultra-Low Sulfur CARB Diesel Spot Price (Dollars per Gallon)",2.545
2025-01-30,WTI Crude,73.1
2025-01-30,Brent Crude,77.42
2025-01-30,"Mont Belvieu, TX Propane Spot Price FOB (Dollars per Gallon)",0.886
2025-01-30,New York Harbor Conventional Gasoline Regular Spot Price FOB (Dollars per Gallon),2.142
2025-01-30,U.S. Gulf Coast Conventional Gasoline Regular Spot Price FOB (Dollars per Gallon),2.072
2025-01-30,Los Angeles Reformulated RBOB Regular Gasoline Spot Price (Dollars per Gallon),2.322
2025-01-30,U.S. Gulf Coast Kerosene-Type Jet Fuel Spot Price FOB (Dollars per Gallon),2.285
2025-01-30,New York Harbor No. 2 Heating Oil Spot Price FOB (Dollars per Gallon),2.425
2025-01-30,New York Harbor Ultra-Low Sulfur No 2 Diesel Spot Price (Dollars per Gallon),2.508
2025-01-30,U.S. Gulf Coast Ultra-Low Sulfur No 2 Diesel Spot Price (Dollars per Gallon),2.356
2025-01-29,"Los Angeles, CA Ultra-Low Sulfur CARB Diesel Spot Price (Dollars per Gallon)",2.491
2025-01-29,WTI Crude,72.94
2025-01-29,Brent Crude,77.02
2025-01-29,"Mont Belvieu, TX Propane Spot Price FOB (Dollars per Gallon)",0.895
2025-01-29,New York Harbor Conventional Gasoline Regular Spot Price FOB (Dollars per Gallon),2.135
2025-01-29,U.S. Gulf Coast Conventional Gasoline Regular Spot Price FOB (Dollars per Gallon),2.025
2025-01-29,Los Angeles Reformulated RBOB Regular Gasoline Spot Price (Dollars per Gallon),2.36
2025-01-29,U.S. Gulf Coast Kerosene-Type Jet Fuel Spot Price FOB (Dollars per Gallon),2.317
2025-01-29,New York Harbor No. 2 Heating Oil Spot Price FOB (Dollars per Gallon),2.391
2025-01-29,New York Harbor Ultra-Low Sulfur No 2 Diesel Spot Price (Dollars per Gallon),2.478
2025-01-29,U.S. Gulf Coast Ultra-Low Sulfur No 2 Diesel Spot Price (Dollars per Gallon),2.404
2025-01-28,"Los Angeles, CA Ultra-Low Sulfur CARB Diesel Spot Price (Dollars per Gallon)",2.48
2025-01-28,WTI Crude,74.15
2025-01-28,Brent Crude,78.01
2025-01-28,"Mont Belvieu, TX Propane Spot Price FOB (Dollars per Gallon)",0.885
2025-01-28,New York Harbor Conventional Gasoline Regular Spot Price FOB (Dollars per Gallon),2.148
2025-01-28,U.S. Gulf Coast Conventional Gasoline Regular Spot Price FOB (Dollars per Gallon),2.056
2025-01-28,Los Angeles Reformulated RBOB Regular Gasoline Spot Price (Dollars per Gallon),2.373
2025-01-28,U.S. Gulf Coast Kerosene-Type Jet Fuel Spot Price FOB (Dollars per Gallon),2.31
2025-01-28,New York Harbor No. 2 Heating Oil Spot Price FOB (Dollars per Gallon),2.38
2025-01-28,New York Harbor Ultra-Low Sulfur No 2 Diesel Spot Price (Dollars per Gallon),2.47
2025-01-28,U.S. Gulf Coast Ultra-Low Sulfur No 2 Diesel Spot Price (Dollars per Gallon),2.389
2025-01-27,"Los Angeles, CA Ultra-Low Sulfur CARB Diesel Spot Price (Dollars per Gallon)",2.524
2025-01-27,WTI Crude,73.51
2025-01-27,Brent Crude,77.3
2025-01-27,"Mont Belvieu, TX Propane Spot Price FOB (Dollars per Gallon)",0.893
2025-01-27,New York Harbor Conventional Gasoline Regular Spot Price FOB (Dollars per Gallon),2.122
2025-01-27,U.S. Gulf Coast Conventional Gasoline Regular Spot Price FOB (Dollars per Gallon),2.03
2025-01-27,Los Angeles Reformulated RBOB Regular Gasoline Spot Price (Dollars per Gallon),2.307
2025-01-27,U.S. Gulf Coast Kerosene-Type Jet Fuel Spot Price FOB (Dollars per Gallon),2.324
2025-01-27,New York Harbor No. 2 Heating Oil Spot Price FOB (Dollars per Gallon),2.394
2025-01-27,New York Harbor Ultra-Low Sulfur No 2 Diesel Spot Price (Dollars per Gallon),2.484
2025-01-27,U.S. Gulf Coast Ultra-Low Sulfur No 2 Diesel Spot Price (Dollars per Gallon),2.403
2025-01-24,"Los Angeles, CA Ultra-Low Sulfur CARB Diesel Spot Price (Dollars per Gallon)",2.534
2025-01-24,WTI Crude,74.97
2025-01-24,Brent Crude,78.71
2025-01-24,"Mont Belvieu, TX Propane Spot Price FOB (Dollars per Gallon)",0.906
2025-01-24,New York Harbor Conventional Gasoline Regular Spot Price FOB (Dollars per Gallon),2.145
2025-01-24,U.S. Gulf Coast Conventional Gasoline Regular Spot Price FOB (Dollars per Gallon),2.05
2025-01-24,Los Angeles Reformulated RBOB Regular Gasoline Spot Price (Dollars per Gallon),2.23
2025-01-24,U.S. Gulf Coast Kerosene-Type Jet Fuel Spot Price FOB (Dollars per Gallon),2.384
2025-01-24,New York Harbor No. 2 Heating Oil Spot Price FOB (Dollars per Gallon),2.454
2025-01-24,New York Harbor Ultra-Low Sulfur No 2 Diesel Spot Price (Dollars per Gallon),2.529
2025-01-24,U.S. Gulf Coast Ultra-Low Sulfur No 2 Diesel Spot Price (Dollars per Gallon),2.439
2025-01-23,"Los Angeles, CA Ultra-Low Sulfur CARB Diesel Spot Price (Dollars per Gallon)",2.492
2025-01-23,WTI Crude,75.03
2025-01-23,Brent Crude,78.62
2025-01-23,"Mont Belvieu, TX Propane Spot Price FOB (Dollars per Gallon)",0.911
2025-01-23,New York Harbor Conventional Gasoline Regular Spot Price FOB (Dollars per Gallon),2.15
2025-01-23,U.S. Gulf Coast Conventional Gasoline Regular Spot Price FOB (Dollars per Gallon),2.045
2025-01-23,Los Angeles Reformulated RBOB Regular Gasoline Spot Price (Dollars per Gallon),2.235
2025-01-23,U.S. Gulf Coast Kerosene-Type Jet Fuel Spot Price FOB (Dollars per Gallon),2.362
2025-01-23,New York Harbor No. 2 Heating Oil Spot Price FOB (Dollars per Gallon),2.412
2025-01-23,New York Harbor Ultra-Low Sulfur No 2 Diesel Spot Price (Dollars per Gallon),2.49
2025-01-23,U.S. Gulf Coast Ultra-Low Sulfur No 2 Diesel Spot Price (Dollars per Gallon),2.42
2025-01-22,"Los Angeles, CA Ultra-Low Sulfur CARB Diesel Spot Price (Dollars per Gallon)",2.526
2025-01-22,WTI Crude,76.12
2025-01-22,Brent Crude,80.0
2025-01-22,"Mont Belvieu, TX Propane Spot Price FOB (Dollars per Gallon)",0.918
2025-01-22,New York Harbor Conventional Gasoline Regular Spot Price FOB (Dollars per Gallon),2.151
2025-01-22,U.S. Gulf Coast Conventional Gasoline Regular Spot Price FOB (Dollars per Gallon),2.066
2025-01-22,Los Angeles Reformulated RBOB Regular Gasoline Spot Price (Dollars per Gallon),2.236
2025-01-22,U.S. Gulf Coast Kerosene-Type Jet Fuel Spot Price FOB (Dollars per Gallon),2.369
2025-01-22,New York Harbor No. 2 Heating Oil Spot Price FOB (Dollars per Gallon),2.419
2025-01-22,New York Harbor Ultra-Low Sulfur No 2 Diesel Spot Price (Dollars per Gallon),2.496
2025-01-22,U.S. Gulf Coast Ultra-Low Sulfur No 2 Diesel Spot Price (Dollars per Gallon),2.454
2025-01-21,"Los Angeles, CA Ultra-Low Sulfur CARB Diesel Spot Price (Dollars per Gallon)",2.591
2025-01-21,WTI Crude,76.79
2025-01-21,Brent Crude,80.57
2025-01-21,"Mont Belvieu, TX Propane Spot Price FOB (Dollars per Gallon)",0.925
2025-01-21,New York Harbor Conventional Gasoline Regular Spot Price FOB (Dollars per Gallon),2.182
2025-01-21,U.S. Gulf Coast Conventional Gasoline Regular Spot Price FOB (Dollars per Gallon),2.11
2025-01-21,Los Angeles Reformulated RBOB Regular Gasoline Spot Price (Dollars per Gallon),2.16
2025-01-21,U.S. Gulf Coast Kerosene-Type Jet Fuel Spot Price FOB (Dollars per Gallon),2.411
2025-01-21,New York Harbor No. 2 Heating Oil Spot Price FOB (Dollars per Gallon),2.481
2025-01-21,New York Harbor Ultra-Low Sulfur No 2 Diesel Spot Price (Dollars per Gallon),2.568
2025-01-21,U.S. Gulf Coast Ultra-Low Sulfur No 2 Diesel Spot Price (Dollars per Gallon),2.476
2025-01-20,Brent Crude,81.68
2025-01-17,"Los Angeles, CA Ultra-Low Sulfur CARB Diesel Spot Price (Dollars per Gallon)",2.674
2025-01-17,WTI Crude,78.56
2025-01-17,Brent Crude,83.02
2025-01-17,"Mont Belvieu, TX Propane Spot Price FOB (Dollars per Gallon)",0.983
2025-01-17,New York Harbor Conventional Gasoline Regular Spot Price FOB (Dollars per Gallon),2.205
2025-01-17,U.S. Gulf Coast Conventional Gasoline Regular Spot Price FOB (Dollars per Gallon),2.132
2025-01-17,Los Angeles Reformulated RBOB Regular Gasoline Spot Price (Dollars per Gallon),2.182
2025-01-17,U.S. Gulf Coast Kerosene-Type Jet Fuel Spot Price FOB (Dollars per Gallon),2.419
2025-01-17,New York Harbor No. 2 Heating Oil Spot Price FOB (Dollars per Gallon),2.554
2025-01-17,New York Harbor Ultra-Low Sulfur No 2 Diesel Spot Price (Dollars per Gallon),2.629
2025-01-17,U.S. Gulf Coast Ultra-Low Sulfur No 2 Diesel Spot Price (Dollars per Gallon),2.517
2025-01-16,"Los Angeles, CA Ultra-Low Sulfur CARB Diesel Spot Price (Dollars per Gallon)",2.667
2025-01-16,WTI Crude,79.35
2025-01-16,Brent Crude,82.39
2025-01-16,"Mont Belvieu, TX Propane Spot Price FOB (Dollars per Gallon)",0.97
2025-01-16,New York Harbor Conventional Gasoline Regular Spot Price FOB (Dollars per Gallon),2.207
2025-01-16,U.S. Gulf Coast Conventional Gasoline Regular Spot Price FOB (Dollars per Gallon),2.147
2025-01-16,Los Angeles Reformulated RBOB Regular Gasoline Spot Price (Dollars per Gallon),2.277
2025-01-16,U.S. Gulf Coast Kerosene-Type Jet Fuel Spot Price FOB (Dollars per Gallon),2.43
2025-01-16,New York Harbor No. 2 Heating Oil Spot Price FOB (Dollars per Gallon),2.547
2025-01-16,New York Harbor Ultra-Low Sulfur No 2 Diesel Spot Price (Dollars per Gallon),2.615
2025-01-16,U.S. Gulf Coast Ultra-Low Sulfur No 2 Diesel Spot Price (Dollars per Gallon),2.524
2025-01-15,"Los Angeles, CA Ultra-Low Sulfur CARB Diesel Spot Price (Dollars per Gallon)",2.673
2025-01-15,WTI Crude,80.73
2025-01-15,Brent Crude,83.48
2025-01-15,"Mont Belvieu, TX Propane Spot Price FOB (Dollars per Gallon)",0.956
2025-01-15,New York Harbor Conventional Gasoline Regular Spot Price FOB (Dollars per Gallon),2.262
2025-01-15,U.S. Gulf Coast Conventional Gasoline Regular Spot Price FOB (Dollars per Gallon),2.214
2025-01-15,Los Angeles Reformulated RBOB Regular Gasoline Spot Price (Dollars per Gallon),2.202
2025-01-15,U.S. Gulf Coast Kerosene-Type Jet Fuel Spot Price FOB (Dollars per Gallon),2.463
2025-01-15,New York Harbor No. 2 Heating Oil Spot Price FOB (Dollars per Gallon),2.551
2025-01-15,New York Harbor Ultra-Low Sulfur No 2 Diesel Spot Price (Dollars per Gallon),2.624
2025-01-15,U.S. Gulf Coast Ultra-Low Sulfur No 2 Diesel Spot Price (Dollars per Gallon),2.528
2025-01-14,"Los Angeles, CA Ultra-Low Sulfur CARB Diesel Spot Price (Dollars per Gallon)",2.58
2025-01-14,WTI Crude,78.2
2025-01-14,Brent Crude,82.39
2025-01-14,"Mont Belvieu, TX Propane Spot Price FOB (Dollars per Gallon)",0.925
2025-01-14,New York Harbor Conventional Gasoline Regular Spot Price FOB (Dollars per Gallon),2.204
2025-01-14,U.S. Gulf Coast Conventional Gasoline Regular Spot Price FOB (Dollars per Gallon),2.146
2025-01-14,Los Angeles Reformulated RBOB Regular Gasoline Spot Price (Dollars per Gallon),2.144
2025-01-14,U.S. Gulf Coast Kerosene-Type Jet Fuel Spot Price FOB (Dollars per Gallon),2.365
2025-01-14,New York Harbor No. 2 Heating Oil Spot Price FOB (Dollars per Gallon),2.457
2025-01-14,New York Harbor Ultra-Low Sulfur No 2 Diesel Spot Price (Dollars per Gallon),2.535
2025-01-14,U.S. Gulf Coast Ultra-Low Sulfur No 2 Diesel Spot Price (Dollars per Gallon),2.445
2025-01-13,"Los Angeles, CA Ultra-Low Sulfur CARB Diesel Spot Price (Dollars per Gallon)",2.58
2025-01-13,WTI Crude,79.57
2025-01-13,Brent Crude,82.69
2025-01-13,"Mont Belvieu, TX Propane Spot Price FOB (Dollars per Gallon)",0.908
2025-01-13,New York Harbor Conventional Gasoline Regular Spot Price FOB (Dollars per Gallon),2.182
2025-01-13,U.S. Gulf Coast Conventional Gasoline Regular Spot Price FOB (Dollars per Gallon),2.125
2025-01-13,Los Angeles Reformulated RBOB Regular Gasoline Spot Price (Dollars per Gallon),2.057
2025-01-13,U.S. Gulf Coast Kerosene-Type Jet Fuel Spot Price FOB (Dollars per Gallon),2.385
2025-01-13,New York Harbor No. 2 Heating Oil Spot Price FOB (Dollars per Gallon),2.458
2025-01-13,New York Harbor Ultra-Low Sulfur No 2 Diesel Spot Price (Dollars per Gallon),2.527
2025-01-13,U.S. Gulf Coast Ultra-Low Sulfur No 2 Diesel Spot Price (Dollars per Gallon),2.452
2025-01-10,"Los Angeles, CA Ultra-Low Sulfur CARB Diesel Spot Price (Dollars per Gallon)",2.554
2025-01-10,WTI Crude,77.27
2025-01-10,Brent Crude,79.76
2025-01-10,"Mont Belvieu, TX Propane Spot Price FOB (Dollars per Gallon)",0.878
2025-01-10,New York Harbor Conventional Gasoline Regular Spot Price FOB (Dollars per Gallon),2.154
2025-01-10,U.S. Gulf Coast Conventional Gasoline Regular Spot Price FOB (Dollars per Gallon),2.097
2025-01-10,Los Angeles Reformulated RBOB Regular Gasoline Spot Price (Dollars per Gallon),2.034
2025-01-10,U.S. Gulf Coast Kerosene-Type Jet Fuel Spot Price FOB (Dollars per Gallon),2.406
2025-01-10,New York Harbor No. 2 Heating Oil Spot Price FOB (Dollars per Gallon),2.429
2025-01-10,New York Harbor Ultra-Low Sulfur No 2 Diesel Spot Price (Dollars per Gallon),2.501
2025-01-10,U.S. Gulf Coast Ultra-Low Sulfur No 2 Diesel Spot Price (Dollars per Gallon),2.42
2025-01-09,"Mont Belvieu, TX Propane Spot Price FOB (Dollars per Gallon)",0.86
2025-01-09,Brent Crude,78.44
2025-01-08,"Los Angeles, CA Ultra-Low Sulfur CARB Diesel Spot Price (Dollars per Gallon)",2.421
2025-01-08,WTI Crude,73.99
2025-01-08,Brent Crude,77.37
2025-01-08,"Mont Belvieu, TX Propane Spot Price FOB (Dollars per Gallon)",0.864
2025-01-08,New York Harbor Conventional Gasoline Regular Spot Price FOB (Dollars per Gallon),2.082
2025-01-08,U.S. Gulf Coast Conventional Gasoline Regular Spot Price FOB (Dollars per Gallon),2.031
2025-01-08,Los Angeles Reformulated RBOB Regular Gasoline Spot Price (Dollars per Gallon),2.053
2025-01-08,U.S. Gulf Coast Kerosene-Type Jet Fuel Spot Price FOB (Dollars per Gallon),2.286
2025-01-08,New York Harbor No. 2 Heating Oil Spot Price FOB (Dollars per Gallon),2.286
2025-01-08,New York Harbor Ultra-Low Sulfur No 2 Diesel Spot Price (Dollars per Gallon),2.356
2025-01-08,U.S. Gulf Coast Ultra-Low Sulfur No 2 Diesel Spot Price (Dollars per Gallon),2.276
2025-01-07,"Los Angeles, CA Ultra-Low Sulfur CARB Diesel Spot Price (Dollars per Gallon)",2.428
2025-01-07,WTI Crude,74.99
2025-01-07,Brent Crude,77.84
2025-01-07,"Mont Belvieu, TX Propane Spot Price FOB (Dollars per Gallon)",0.865
2025-01-07,New York Harbor Conventional Gasoline Regular Spot Price FOB (Dollars per Gallon),2.097
2025-01-07,U.S. Gulf Coast Conventional Gasoline Regular Spot Price FOB (Dollars per Gallon),2.046
2025-01-07,Los Angeles Reformulated RBOB Regular Gasoline Spot Price (Dollars per Gallon),2.069
2025-01-07,U.S. Gulf Coast Kerosene-Type Jet Fuel Spot Price FOB (Dollars per Gallon),2.293
2025-01-07,New York Harbor No. 2 Heating Oil Spot Price FOB (Dollars per Gallon),2.293
2025-01-07,New York Harbor Ultra-Low Sulfur No 2 Diesel Spot Price (Dollars per Gallon),2.363
2025-01-07,U.S. Gulf Coast Ultra-Low Sulfur No 2 Diesel Spot Price (Dollars per Gallon),2.283
2025-01-06,"Los Angeles, CA Ultra-Low Sulfur CARB Diesel Spot Price (Dollars per Gallon)",2.418
2025-01-06,WTI Crude,74.31
2025-01-06,Brent Crude,77.27
2025-01-06,"Mont Belvieu, TX Propane Spot Price FOB (Dollars per Gallon)",0.874
2025-01-06,New York Harbor Conventional Gasoline Regular Spot Price FOB (Dollars per Gallon),2.101
2025-01-06,U.S. Gulf Coast Conventional Gasoline Regular Spot Price FOB (Dollars per Gallon),2.05
2025-01-06,Los Angeles Reformulated RBOB Regular Gasoline Spot Price (Dollars per Gallon),2.158
2025-01-06,U.S. Gulf Coast Kerosene-Type Jet Fuel Spot Price FOB (Dollars per Gallon),2.283
2025-01-06,New York Harbor No. 2 Heating Oil Spot Price FOB (Dollars per Gallon),2.288
2025-01-06,New York Harbor Ultra-Low Sulfur No 2 Diesel Spot Price (Dollars per Gallon),2.358
2025-01-06,U.S. Gulf Coast Ultra-Low Sulfur No 2 Diesel Spot Price (Dollars per Gallon),2.283
2025-01-03,"Los Angeles, CA Ultra-Low Sulfur CARB Diesel Spot Price (Dollars per Gallon)",2.44
2025-01-03,WTI Crude,74.64
2025-01-03,Brent Crude,76.72
2025-01-03,"Mont Belvieu, TX Propane Spot Price FOB (Dollars per Gallon)",0.861
2025-01-03,New York Harbor Conventional Gasoline Regular Spot Price FOB (Dollars per Gallon),2.125
2025-01-03,U.S. Gulf Coast Conventional Gasoline Regular Spot Price FOB (Dollars per Gallon),2.069
2025-01-03,Los Angeles Reformulated RBOB Regular Gasoline Spot Price (Dollars per Gallon),2.166
2025-01-03,U.S. Gulf Coast Kerosene-Type Jet Fuel Spot Price FOB (Dollars per Gallon),2.272
2025-01-03,New York Harbor No. 2 Heating Oil Spot Price FOB (Dollars per Gallon),2.28
2025-01-03,New York Harbor Ultra-Low Sulfur No 2 Diesel Spot Price (Dollars per Gallon),2.352
2025-01-03,U.S. Gulf Coast Ultra-Low Sulfur No 2 Diesel Spot Price (Dollars per Gallon),2.283
2025-01-02,"Los Angeles, CA Ultra-Low Sulfur CARB Diesel Spot Price (Dollars per Gallon)",2.417
2025-01-02,WTI Crude,73.79
2025-01-02,Brent Crude,76.14
2025-01-02,"Mont Belvieu, TX Propane Spot Price FOB (Dollars per Gallon)",0.848
2025-01-02,New York Harbor Conventional Gasoline Regular Spot Price FOB (Dollars per Gallon),2.122
2025-01-02,U.S. Gulf Coast Conventional Gasoline Regular Spot Price FOB (Dollars per Gallon),2.062
2025-01-02,Los Angeles Reformulated RBOB Regular Gasoline Spot Price (Dollars per Gallon),2.182
2025-01-02,U.S. Gulf Coast Kerosene-Type Jet Fuel Spot Price FOB (Dollars per Gallon),2.266
2025-01-02,New York Harbor No. 2 Heating Oil Spot Price FOB (Dollars per Gallon),2.277
2025-01-02,New York Harbor Ultra-Low Sulfur No 2 Diesel Spot Price (Dollars per Gallon),2.352
2025-01-02,U.S. Gulf Coast Ultra-Low Sulfur No 2 Diesel Spot Price (Dollars per Gallon),2.285
2024-12-31,"Los Angeles, CA Ultra-Low Sulfur CARB Diesel Spot Price (Dollars per Gallon)",2.379
2024-12-31,WTI Crude,72.44
2024-12-31,Brent Crude,74.58
2024-12-31,"Mont Belvieu, TX Propane Spot Price FOB (Dollars per Gallon)",0.815
2024-12-31,New York Harbor Conventional Gasoline Regular Spot Price FOB (Dollars per Gallon),2.07
2024-12-31,U.S. Gulf Coast Conventional Gasoline Regular Spot Price FOB (Dollars per Gallon),2.01
2024-12-31,Los Angeles Reformulated RBOB Regular Gasoline Spot Price (Dollars per Gallon),2.13
2024-12-31,U.S. Gulf Coast Kerosene-Type Jet Fuel Spot Price FOB (Dollars per Gallon),2.228
2024-12-31,New York Harbor No. 2 Heating Oil Spot Price FOB (Dollars per Gallon),2.239
2024-12-31,New York Harbor Ultra-Low Sulfur No 2 Diesel Spot Price (Dollars per Gallon),2.314
2024-12-31,U.S. Gulf Coast Ultra-Low Sulfur No 2 Diesel Spot Price (Dollars per Gallon),2.247
2024-12-30,"Los Angeles, CA Ultra-Low Sulfur CARB Diesel Spot Price (Dollars per Gallon)",2.324
2024-12-30,WTI Crude,71.73
2024-12-30,Brent Crude,74.24
2024-12-30,"Mont Belvieu, TX Propane Spot Price FOB (Dollars per Gallon)",0.78
2024-12-30,New York Harbor Conventional Gasoline Regular Spot Price FOB (Dollars per Gallon),2.048
2024-12-30,U.S. Gulf Coast Conventional Gasoline Regular Spot Price FOB (Dollars per Gallon),2.008
2024-12-30,Los Angeles Reformulated RBOB Regular Gasoline Spot Price (Dollars per Gallon),2.158
2024-12-30,U.S. Gulf Coast Kerosene-Type Jet Fuel Spot Price FOB (Dollars per Gallon),2.189
2024-12-30,New York Harbor No. 2 Heating Oil Spot Price FOB (Dollars per Gallon),2.216
2024-12-30,New York Harbor Ultra-Low Sulfur No 2 Diesel Spot Price (Dollars per Gallon),2.284
2024-12-30,U.S. Gulf Coast Ultra-Low Sulfur No 2 Diesel Spot Price (Dollars per Gallon),2.225
2024-12-27,"Los Angeles, CA Ultra-Low Sulfur CARB Diesel Spot Price (Dollars per Gallon)",2.257
2024-12-27,WTI Crude,71.28
2024-12-27,Brent Crude,73.77
2024-12-27,"Mont Belvieu, TX Propane Spot Price FOB (Dollars per Gallon)",0.771
2024-12-27,New York Harbor Conventional Gasoline Regular Spot Price FOB (Dollars per Gallon),2.02
2024-12-27,U.S. Gulf Coast Conventional Gasoline Regular Spot Price FOB (Dollars per Gallon),1.98
2024-12-27,Los Angeles Reformulated RBOB Regular Gasoline Spot Price (Dollars per Gallon),2.13
2024-12-27,U.S. Gulf Coast Kerosene-Type Jet Fuel Spot Price FOB (Dollars per Gallon),2.122
2024-12-27,New York Harbor No. 2 Heating Oil Spot Price FOB (Dollars per Gallon),2.15
2024-12-27,New York Harbor Ultra-Low Sulfur No 2 Diesel Spot Price (Dollars per Gallon),2.217
2024-12-27,U.S. Gulf Coast Ultra-Low Sulfur No 2 Diesel Spot Price (Dollars per Gallon),2.158
2024-12-26,"Los Angeles, CA Ultra-Low Sulfur CARB Diesel Spot Price (Dollars per Gallon)",2.224
2024-12-26,WTI Crude,70.38
2024-12-26,"Mont Belvieu, TX Propane Spot Price FOB (Dollars per Gallon)",0.763
2024-12-26,New York Harbor Conventional Gasoline Regular Spot Price FOB (Dollars per Gallon),2.016
2024-12-26,U.S. Gulf Coast Conventional Gasoline Regular Spot Price FOB (Dollars per Gallon),1.988
2024-12-26,Los Angeles Reformulated RBOB Regular Gasoline Spot Price (Dollars per Gallon),2.141
2024-12-26,U.S. Gulf Coast Kerosene-Type Jet Fuel Spot Price FOB (Dollars per Gallon),2.089
2024-12-26,New York Harbor No. 2 Heating Oil Spot Price FOB (Dollars per Gallon),2.117
2024-12-26,New York Harbor Ultra-Low Sulfur No 2 Diesel Spot Price (Dollars per Gallon),2.184
2024-12-26,U.S. Gulf Coast Ultra-Low Sulfur No 2 Diesel Spot Price (Dollars per Gallon),2.127
2024-12-25,Brent Crude,73.5
2024-12-24,"Los Angeles, CA Ultra-Low Sulfur CARB Diesel Spot Price (Dollars per Gallon)",2.244
2024-12-24,WTI Crude,70.87
2024-12-24,Brent Crude,73.5
2024-12-24,"Mont Belvieu, TX Propane Spot Price FOB (Dollars per Gallon)",0.763
2024-12-24,New York Harbor Conventional Gasoline Regular Spot Price FOB (Dollars per Gallon),2.038
2024-12-24,U.S. Gulf Coast Conventional Gasoline Regular Spot Price FOB (Dollars per Gallon),2.013
2024-12-24,Los Angeles Reformulated RBOB Regular Gasoline Spot Price (Dollars per Gallon),2.16
2024-12-24,U.S. Gulf Coast Kerosene-Type Jet Fuel Spot Price FOB (Dollars per Gallon),2.095
2024-12-24,New York Harbor No. 2 Heating Oil Spot Price FOB (Dollars per Gallon),2.139
2024-12-24,New York Harbor Ultra-Low Sulfur No 2 Diesel Spot Price (Dollars per Gallon),2.204
2024-12-24,U.S. Gulf Coast Ultra-Low Sulfur No 2 Diesel Spot Price (Dollars per Gallon),2.147
2024-12-23,"Los Angeles, CA Ultra-Low Sulfur CARB Diesel Spot Price (Dollars per Gallon)",2.175
2024-12-23,WTI Crude,69.5
2024-12-23,Brent Crude,72.12
2024-12-23,"Mont Belvieu, TX Propane Spot Price FOB (Dollars per Gallon)",0.765
2024-12-23,New York Harbor Conventional Gasoline Regular Spot Price FOB (Dollars per Gallon),2.021
2024-12-23,U.S. Gulf Coast Conventional Gasoline Regular Spot Price FOB (Dollars per Gallon),1.956
2024-12-23,Los Angeles Reformulated RBOB Regular Gasoline Spot Price (Dollars per Gallon),2.203
2024-12-23,U.S. Gulf Coast Kerosene-Type Jet Fuel Spot Price FOB (Dollars per Gallon),2.107
2024-12-23,New York Harbor No. 2 Heating Oil Spot Price FOB (Dollars per Gallon),2.15
2024-12-23,New York Harbor Ultra-Low Sulfur No 2 Diesel Spot Price (Dollars per Gallon),2.215
2024-12-23,U.S. Gulf Coast Ultra-Low Sulfur No 2 Diesel Spot Price (Dollars per Gallon),2.155
2024-12-20,"Los Angeles, CA Ultra-Low Sulfur CARB Diesel Spot Price (Dollars per Gallon)",2.176
2024-12-20,WTI Crude,69.71
2024-12-20,Brent Crude,73.19
2024-12-20,"Mont Belvieu, TX Propane Spot Price FOB (Dollars per Gallon)",0.759
2024-12-20,New York Harbor Conventional Gasoline Regular Spot Price FOB (Dollars per Gallon),2.014
2024-12-20,U.S. Gulf Coast Conventional Gasoline Regular Spot Price FOB (Dollars per Gallon),1.924
2024-12-20,Los Angeles Reformulated RBOB Regular Gasoline Spot Price (Dollars per Gallon),2.102
2024-12-20,U.S. Gulf Coast Kerosene-Type Jet Fuel Spot Price FOB (Dollars per Gallon),2.121
2024-12-20,New York Harbor No. 2 Heating Oil Spot Price FOB (Dollars per Gallon),2.146
2024-12-20,New York Harbor Ultra-Low Sulfur No 2 Diesel Spot Price (Dollars per Gallon),2.216
2024-12-20,U.S. Gulf Coast Ultra-Low Sulfur No 2 Diesel Spot Price (Dollars per Gallon),2.156
2024-12-19,"Los Angeles, CA Ultra-Low Sulfur CARB Diesel Spot Price (Dollars per Gallon)",2.171
2024-12-19,WTI Crude,70.1
2024-12-19,Brent Crude,73.75
2024-12-19,"Mont Belvieu, TX Propane Spot Price FOB (Dollars per Gallon)",0.754
2024-12-19,New York Harbor Conventional Gasoline Regular Spot Price FOB (Dollars per Gallon),1.986
2024-12-19,U.S. Gulf Coast Conventional Gasoline Regular Spot Price FOB (Dollars per Gallon),1.904
2024-12-19,Los Angeles Reformulated RBOB Regular Gasoline Spot Price (Dollars per Gallon),1.954
2024-12-19,U.S. Gulf Coast Kerosene-Type Jet Fuel Spot Price FOB (Dollars per Gallon),2.119
2024-12-19,New York Harbor No. 2 Heating Oil Spot Price FOB (Dollars per Gallon),2.136
2024-12-19,New York Harbor Ultra-Low Sulfur No 2 Diesel Spot Price (Dollars per Gallon),2.206
2024-12-19,U.S. Gulf Coast Ultra-Low Sulfur No 2 Diesel Spot Price (Dollars per Gallon),2.144
2024-12-18,"Los Angeles, CA Ultra-Low Sulfur CARB Diesel Spot Price (Dollars per Gallon)",2.186
2024-12-18,WTI Crude,70.8
2024-12-18,Brent Crude,74.57
2024-12-18,"Mont Belvieu, TX Propane Spot Price FOB (Dollars per Gallon)",0.763
2024-12-18,New York Harbor Conventional Gasoline Regular Spot Price FOB (Dollars per Gallon),2.003
2024-12-18,U.S. Gulf Coast Conventional Gasoline Regular Spot Price FOB (Dollars per Gallon),1.893
2024-12-18,Los Angeles Reformulated RBOB Regular Gasoline Spot Price (Dollars per Gallon),1.906
2024-12-18,U.S. Gulf Coast Kerosene-Type Jet Fuel Spot Price FOB (Dollars per Gallon),2.121
2024-12-18,New York Harbor No. 2 Heating Oil Spot Price FOB (Dollars per Gallon),2.152
2024-12-18,New York Harbor Ultra-Low Sulfur No 2 Diesel Spot Price (Dollars per Gallon),2.222
2024-12-18,U.S. Gulf Coast Ultra-Low Sulfur No 2 Diesel Spot Price (Dollars per Gallon),2.173
2024-12-17,"Los Angeles, CA Ultra-Low Sulfur CARB Diesel Spot Price (Dollars per Gallon)",2.171
2024-12-17,WTI Crude,70.31
2024-12-17,Brent Crude,73.16
2024-12-17,"Mont Belvieu, TX Propane Spot Price FOB (Dollars per Gallon)",0.766
2024-12-17,New York Harbor Conventional Gasoline Regular Spot Price FOB (Dollars per Gallon),2.019
2024-12-17,U.S. Gulf Coast Conventional Gasoline Regular Spot Price FOB (Dollars per Gallon),1.924
2024-12-17,Los Angeles Reformulated RBOB Regular Gasoline Spot Price (Dollars per Gallon),1.921
2024-12-17,U.S. Gulf Coast Kerosene-Type Jet Fuel Spot Price FOB (Dollars per Gallon),2.103
2024-12-17,New York Harbor No. 2 Heating Oil Spot Price FOB (Dollars per Gallon),2.134
2024-12-17,New York Harbor Ultra-Low Sulfur No 2 Diesel Spot Price (Dollars per Gallon),2.209
2024-12-17,U.S. Gulf Coast Ultra-Low Sulfur No 2 Diesel Spot Price (Dollars per Gallon),2.156
2024-12-16,"Los Angeles, CA Ultra-Low Sulfur CARB Diesel Spot Price (Dollars per Gallon)",2.209
2024-12-16,WTI Crude,71.03
2024-12-16,Brent Crude,74.3
2024-12-16,"Mont Belvieu, TX Propane Spot Price FOB (Dollars per Gallon)",0.769
2024-12-16,New York Harbor Conventional Gasoline Regular Spot Price FOB (Dollars per Gallon),2.047
2024-12-16,U.S. Gulf Coast Conventional Gasoline Regular Spot Price FOB (Dollars per Gallon),1.952
2024-12-16,Los Angeles Reformulated RBOB Regular Gasoline Spot Price (Dollars per Gallon),1.949
2024-12-16,U.S. Gulf Coast Kerosene-Type Jet Fuel Spot Price FOB (Dollars per Gallon),2.13
2024-12-16,New York Harbor No. 2 Heating Oil Spot Price FOB (Dollars per Gallon),2.154
2024-12-16,New York Harbor Ultra-Low Sulfur No 2 Diesel Spot Price (Dollars per Gallon),2.239
2024-12-16,U.S. Gulf Coast Ultra-Low Sulfur No 2 Diesel Spot Price (Dollars per Gallon),2.184
2024-12-13,"Los Angeles, CA Ultra-Low Sulfur CARB Diesel Spot Price (Dollars per Gallon)",2.218
2024-12-13,WTI Crude,71.54
2024-12-13,Brent Crude,74.89
2024-12-13,"Mont Belvieu, TX Propane Spot Price FOB (Dollars per Gallon)",0.768
2024-12-13,New York Harbor Conventional Gasoline Regular Spot Price FOB (Dollars per Gallon),2.07
2024-12-13,U.S. Gulf Coast Conventional Gasoline Regular Spot Price FOB (Dollars per Gallon),1.965
2024-12-13,Los Angeles Reformulated RBOB Regular Gasoline Spot Price (Dollars per Gallon),1.973
2024-12-13,U.S. Gulf Coast Kerosene-Type Jet Fuel Spot Price FOB (Dollars per Gallon),2.158
2024-12-13,New York Harbor No. 2 Heating Oil Spot Price FOB (Dollars per Gallon),2.163
2024-12-13,New York Harbor Ultra-Low Sulfur No 2 Diesel Spot Price (Dollars per Gallon),2.248
2024-12-13,U.S. Gulf Coast Ultra-Low Sulfur No 2 Diesel Spot Price (Dollars per Gallon),2.175
2024-12-12,"Los Angeles, CA Ultra-Low Sulfur CARB Diesel Spot Price (Dollars per Gallon)",2.187
2024-12-12,WTI Crude,70.25
2024-12-12,Brent Crude,73.52
2024-12-12,"Mont Belvieu, TX Propane Spot Price FOB (Dollars per Gallon)",0.773
2024-12-12,New York Harbor Conventional Gasoline Regular Spot Price FOB (Dollars per Gallon),2.064
2024-12-12,U.S. Gulf Coast Conventional Gasoline Regular Spot Price FOB (Dollars per Gallon),1.942
2024-12-12,Los Angeles Reformulated RBOB Regular Gasoline Spot Price (Dollars per Gallon),1.992
2024-12-12,U.S. Gulf Coast Kerosene-Type Jet Fuel Spot Price FOB (Dollars per Gallon),2.132
2024-12-12,New York Harbor No. 2 Heating Oil Spot Price FOB (Dollars per Gallon),2.132
2024-12-12,New York Harbor Ultra-Low Sulfur No 2 Diesel Spot Price (Dollars per Gallon),2.217
2024-12-12,U.S. Gulf Coast Ultra-Low Sulfur No 2 Diesel Spot Price (Dollars per Gallon),2.147
2024-12-11,"Los Angeles, CA Ultra-Low Sulfur CARB Diesel Spot Price (Dollars per Gallon)",2.161
2024-12-11,WTI Crude,70.57
2024-12-11,Brent Crude,74.38
2024-12-11,"Mont Belvieu, TX Propane Spot Price FOB (Dollars per Gallon)",0.774
2024-12-11,New York Harbor Conventional Gasoline Regular Spot Price FOB (Dollars per Gallon),2.061
2024-12-11,U.S. Gulf Coast Conventional Gasoline Regular Spot Price FOB (Dollars per Gallon),1.938
2024-12-11,Los Angeles Reformulated RBOB Regular Gasoline Spot Price (Dollars per Gallon),2.068
2024-12-11,U.S. Gulf Coast Kerosene-Type Jet Fuel Spot Price FOB (Dollars per Gallon),2.107
2024-12-11,New York Harbor No. 2 Heating Oil Spot Price FOB (Dollars per Gallon),2.121
2024-12-11,New York Harbor Ultra-Low Sulfur No 2 Diesel Spot Price (Dollars per Gallon),2.207
2024-12-11,U.S. Gulf Coast Ultra-Low Sulfur No 2 Diesel Spot Price (Dollars per Gallon),2.136
2024-12-10,"Los Angeles, CA Ultra-Low Sulfur CARB Diesel Spot Price (Dollars per Gallon)",2.105
2024-12-10,WTI Crude,68.85
2024-12-10,Brent Crude,73.64
2024-12-10,"Mont Belvieu, TX Propane Spot Price FOB (Dollars per Gallon)",0.763
2024-12-10,New York Harbor Conventional Gasoline Regular Spot Price FOB (Dollars per Gallon),2.023
2024-12-10,U.S. Gulf Coast Conventional Gasoline Regular Spot Price FOB (Dollars per Gallon),1.923
2024-12-10,Los Angeles Reformulated RBOB Regular Gasoline Spot Price (Dollars per Gallon),1.998
2024-12-10,U.S. Gulf Coast Kerosene-Type Jet Fuel Spot Price FOB (Dollars per Gallon),2.045
2024-12-10,New York Harbor No. 2 Heating Oil Spot Price FOB (Dollars per Gallon),2.101
2024-12-10,New York Harbor Ultra-Low Sulfur No 2 Diesel Spot Price (Dollars per Gallon),2.161
2024-12-10,U.S. Gulf Coast Ultra-Low Sulfur No 2 Diesel Spot Price (Dollars per Gallon),2.092
2024-12-09,"Los Angeles, CA Ultra-Low Sulfur CARB Diesel Spot Price (Dollars per Gallon)",2.105
2024-12-09,WTI Crude,68.65
2024-12-09,Brent Crude,73.73
2024-12-09,"Mont Belvieu, TX Propane Spot Price FOB (Dollars per Gallon)",0.764
2024-12-09,New York Harbor Conventional Gasoline Regular Spot Price FOB (Dollars per Gallon),2.03
2024-12-09,U.S. Gulf Coast Conventional Gasoline Regular Spot Price FOB (Dollars per Gallon),1.895
2024-12-09,Los Angeles Reformulated RBOB Regular Gasoline Spot Price (Dollars per Gallon),1.995
2024-12-09,U.S. Gulf Coast Kerosene-Type Jet Fuel Spot Price FOB (Dollars per Gallon),2.035
2024-12-09,New York Harbor No. 2 Heating Oil Spot Price FOB (Dollars per Gallon),2.105
2024-12-09,New York Harbor Ultra-Low Sulfur No 2 Diesel Spot Price (Dollars per Gallon),2.16
2024-12-09,U.S. Gulf Coast Ultra-Low Sulfur No 2 Diesel Spot Price (Dollars per Gallon),2.091
2024-12-06,"Los Angeles, CA Ultra-Low Sulfur CARB Diesel Spot Price (Dollars per Gallon)",2.129
2024-12-06,WTI Crude,68.58
2024-12-06,Brent Crude,73.78
2024-12-06,"Mont Belvieu, TX Propane Spot Price FOB (Dollars per Gallon)",0.758
2024-12-06,New York Harbor Conventional Gasoline Regular Spot Price FOB (Dollars per Gallon),1.988
2024-12-06,U.S. Gulf Coast Conventional Gasoline Regular Spot Price FOB (Dollars per Gallon),1.843
2024-12-06,Los Angeles Reformulated RBOB Regular Gasoline Spot Price (Dollars per Gallon),1.923
2024-12-06,U.S. Gulf Coast Kerosene-Type Jet Fuel Spot Price FOB (Dollars per Gallon),1.984
2024-12-06,New York Harbor No. 2 Heating Oil Spot Price FOB (Dollars per Gallon),2.049
2024-12-06,New York Harbor Ultra-Low Sulfur No 2 Diesel Spot Price (Dollars per Gallon),2.109
2024-12-06,U.S. Gulf Coast Ultra-Low Sulfur No 2 Diesel Spot Price (Dollars per Gallon),2.037
2024-12-05,"Los Angeles, CA Ultra-Low Sulfur CARB Diesel Spot Price (Dollars per Gallon)",2.183
2024-12-05,WTI Crude,68.58
2024-12-05,Brent Crude,73.78
2024-12-05,"Mont Belvieu, TX Propane Spot Price FOB (Dollars per Gallon)",0.765
2024-12-05,New York Harbor Conventional Gasoline Regular Spot Price FOB (Dollars per Gallon),2.079
2024-12-05,U.S. Gulf Coast Conventional Gasoline Regular Spot Price FOB (Dollars per Gallon),1.889
2024-12-05,Los Angeles Reformulated RBOB Regular Gasoline Spot Price (Dollars per Gallon),2.019
2024-12-05,U.S. Gulf Coast Kerosene-Type Jet Fuel Spot Price FOB (Dollars per Gallon),2.011
2024-12-05,New York Harbor No. 2 Heating Oil Spot Price FOB (Dollars per Gallon),2.086
2024-12-05,New York Harbor Ultra-Low Sulfur No 2 Diesel Spot Price (Dollars per Gallon),2.143
2024-12-05,U.S. Gulf Coast Ultra-Low Sulfur No 2 Diesel Spot Price (Dollars per Gallon),2.076
2024-12-04,"Los Angeles, CA Ultra-Low Sulfur CARB Diesel Spot Price (Dollars per Gallon)",2.209
2024-12-04,WTI Crude,68.81
2024-12-04,Brent Crude,74.68
2024-12-04,"Mont Belvieu, TX Propane Spot Price FOB (Dollars per Gallon)",0.783
2024-12-04,New York Harbor Conventional Gasoline Regular Spot Price FOB (Dollars per Gallon),2.08
2024-12-04,U.S. Gulf Coast Conventional Gasoline Regular Spot Price FOB (Dollars per Gallon),1.905
2024-12-04,Los Angeles Reformulated RBOB Regular Gasoline Spot Price (Dollars per Gallon),1.94
2024-12-04,U.S. Gulf Coast Kerosene-Type Jet Fuel Spot Price FOB (Dollars per Gallon),2.021
2024-12-04,New York Harbor No. 2 Heating Oil Spot Price FOB (Dollars per Gallon),2.091
2024-12-04,New York Harbor Ultra-Low Sulfur No 2 Diesel Spot Price (Dollars per Gallon),2.154
2024-12-04,U.S. Gulf Coast Ultra-Low Sulfur No 2 Diesel Spot Price (Dollars per Gallon),2.086
2024-12-03,"Los Angeles, CA Ultra-Low Sulfur CARB Diesel Spot Price (Dollars per Gallon)",2.244
2024-12-03,WTI Crude,70.15
2024-12-03,Brent Crude,74.8
2024-12-03,"Mont Belvieu, TX Propane Spot Price FOB (Dollars per Gallon)",0.81
2024-12-03,New York Harbor Conventional Gasoline Regular Spot Price FOB (Dollars per Gallon),2.111
2024-12-03,U.S. Gulf Coast Conventional Gasoline Regular Spot Price FOB (Dollars per Gallon),1.924
2024-12-03,Los Angeles Reformulated RBOB Regular Gasoline Spot Price (Dollars per Gallon),2.004
2024-12-03,U.S. Gulf Coast Kerosene-Type Jet Fuel Spot Price FOB (Dollars per Gallon),2.075
2024-12-03,New York Harbor No. 2 Heating Oil Spot Price FOB (Dollars per Gallon),2.137
2024-12-03,New York Harbor Ultra-Low Sulfur No 2 Diesel Spot Price (Dollars per Gallon),2.184
2024-12-03,U.S. Gulf Coast Ultra-Low Sulfur No 2 Diesel Spot Price (Dollars per Gallon),2.139
2024-12-02,"Los Angeles, CA Ultra-Low Sulfur CARB Diesel Spot Price (Dollars per Gallon)",2.231
2024-12-02,WTI Crude,68.35
2024-12-02,Brent Crude,72.81
2024-12-02,"Mont Belvieu, TX Propane Spot Price FOB (Dollars per Gallon)",0.8
2024-12-02,New York Harbor Conventional Gasoline Regular Spot Price FOB (Dollars per Gallon),2.068
2024-12-02,U.S. Gulf Coast Conventional Gasoline Regular Spot Price FOB (Dollars per Gallon),1.881
2024-12-02,Los Angeles Reformulated RBOB Regular Gasoline Spot Price (Dollars per Gallon),2.071
2024-12-02,U.S. Gulf Coast Kerosene-Type Jet Fuel Spot Price FOB (Dollars per Gallon),2.042
2024-12-02,New York Harbor No. 2 Heating Oil Spot Price FOB (Dollars per Gallon),2.103
2024-12-02,New York Harbor Ultra-Low Sulfur No 2 Diesel Spot Price (Dollars per Gallon),2.151
2024-12-02,U.S. Gulf Coast Ultra-Low Sulfur No 2 Diesel Spot Price (Dollars per Gallon),2.106
2024-11-29,"Los Angeles, CA Ultra-Low Sulfur CARB Diesel Spot Price (Dollars per Gallon)",2.235
2024-11-29,WTI Crude,68.26
2024-11-29,Brent Crude,74.16
2024-11-29,New York Harbor Conventional Gasoline Regular Spot Price FOB (Dollars per Gallon),2.035
2024-11-29,U.S. Gulf Coast Conventional Gasoline Regular Spot Price FOB (Dollars per Gallon),1.889
2024-11-29,Los Angeles Reformulated RBOB Regular Gasoline Spot Price (Dollars per Gallon),2.082
2024-11-29,U.S. Gulf Coast Kerosene-Type Jet Fuel Spot Price FOB (Dollars per Gallon),2.04
2024-11-29,New York Harbor No. 2 Heating Oil Spot Price FOB (Dollars per Gallon),2.103
2024-11-29,New York Harbor Ultra-Low Sulfur No 2 Diesel Spot Price (Dollars per Gallon),2.165
2024-11-29,U.S. Gulf Coast Ultra-Low Sulfur No 2 Diesel Spot Price (Dollars per Gallon),2.095
2024-11-28,Brent Crude,73.92
2024-11-27,"Los Angeles, CA Ultra-Low Sulfur CARB Diesel Spot Price (Dollars per Gallon)",2.275
2024-11-27,WTI Crude,69.03
2024-11-27,Brent Crude,73.91
2024-11-27,"Mont Belvieu, TX Propane Spot Price FOB (Dollars per Gallon)",0.823
2024-11-27,New York Harbor Conventional Gasoline Regular Spot Price FOB (Dollars per Gallon),2.077
2024-11-27,U.S. Gulf Coast Conventional Gasoline Regular Spot Price FOB (Dollars per Gallon),1.914
2024-11-27,Los Angeles Reformulated RBOB Regular Gasoline Spot Price (Dollars per Gallon),2.124
2024-11-27,U.S. Gulf Coast Kerosene-Type Jet Fuel Spot Price FOB (Dollars per Gallon),2.055
2024-11-27,New York Harbor No. 2 Heating Oil Spot Price FOB (Dollars per Gallon),2.118
2024-11-27,New York Harbor Ultra-Low Sulfur No 2 Diesel Spot Price (Dollars per Gallon),2.18
2024-11-27,U.S. Gulf Coast Ultra-Low Sulfur No 2 Diesel Spot Price (Dollars per Gallon),2.11
2024-11-26,"Los Angeles, CA Ultra-Low Sulfur CARB Diesel Spot Price (Dollars per Gallon)",2.311
2024-11-26,WTI Crude,69.05
2024-11-26,Brent Crude,74.56
2024-11-26,"Mont Belvieu, TX Propane Spot Price FOB (Dollars per Gallon)",0.823
2024-11-26,New York Harbor Conventional Gasoline Regular Spot Price FOB (Dollars per Gallon),2.093
2024-11-26,U.S. Gulf Coast Conventional Gasoline Regular Spot Price FOB (Dollars per Gallon),1.926
2024-11-26,Los Angeles Reformulated RBOB Regular Gasoline Spot Price (Dollars per Gallon),2.15
2024-11-26,U.S. Gulf Coast Kerosene-Type Jet Fuel Spot Price FOB (Dollars per Gallon),2.064
2024-11-26,New York Harbor No. 2 Heating Oil Spot Price FOB (Dollars per Gallon),2.154
2024-11-26,New York Harbor Ultra-Low Sulfur No 2 Diesel Spot Price (Dollars per Gallon),2.219
2024-11-26,U.S. Gulf Coast Ultra-Low Sulfur No 2 Diesel Spot Price (Dollars per Gallon),2.171
2024-11-25,"Los Angeles, CA Ultra-Low Sulfur CARB Diesel Spot Price (Dollars per Gallon)",2.318
2024-11-25,WTI Crude,69.41
2024-11-25,Brent Crude,74.27
2024-11-25,"Mont Belvieu, TX Propane Spot Price FOB (Dollars per Gallon)",0.829
2024-11-25,New York Harbor Conventional Gasoline Regular Spot Price FOB (Dollars per Gallon),2.106
2024-11-25,U.S. Gulf Coast Conventional Gasoline Regular Spot Price FOB (Dollars per Gallon),1.915
2024-11-25,Los Angeles Reformulated RBOB Regular Gasoline Spot Price (Dollars per Gallon),2.163
2024-11-25,U.S. Gulf Coast Kerosene-Type Jet Fuel Spot Price FOB (Dollars per Gallon),2.058
2024-11-25,New York Harbor No. 2 Heating Oil Spot Price FOB (Dollars per Gallon),2.143
2024-11-25,New York Harbor Ultra-Low Sulfur No 2 Diesel Spot Price (Dollars per Gallon),2.225
2024-11-25,U.S. Gulf Coast Ultra-Low Sulfur No 2 Diesel Spot Price (Dollars per Gallon),2.168
2024-11-22,"Los Angeles, CA Ultra-Low Sulfur CARB Diesel Spot Price (Dollars per Gallon)",2.28
2024-11-22,WTI Crude,71.68
2024-11-22,Brent Crude,76.1
2024-11-22,"Mont Belvieu, TX Propane Spot Price FOB (Dollars per Gallon)",0.83
2024-11-22,New York Harbor Conventional Gasoline Regular Spot Price FOB (Dollars per Gallon),2.16
2024-11-22,U.S. Gulf Coast Conventional Gasoline Regular Spot Price FOB (Dollars per Gallon),1.971
2024-11-22,Los Angeles Reformulated RBOB Regular Gasoline Spot Price (Dollars per Gallon),2.168
2024-11-22,U.S. Gulf Coast Kerosene-Type Jet Fuel Spot Price FOB (Dollars per Gallon),2.09
2024-11-22,New York Harbor No. 2 Heating Oil Spot Price FOB (Dollars per Gallon),2.175
2024-11-22,New York Harbor Ultra-Low Sulfur No 2 Diesel Spot Price (Dollars per Gallon),2.256
2024-11-22,U.S. Gulf Coast Ultra-Low Sulfur No 2 Diesel Spot Price (Dollars per Gallon),2.2
2024-11-21,"Los Angeles, CA Ultra-Low Sulfur CARB Diesel Spot Price (Dollars per Gallon)",2.275
2024-11-21,WTI Crude,70.39
2024-11-21,Brent Crude,75.09
2024-11-21,"Mont Belvieu, TX Propane Spot Price FOB (Dollars per Gallon)",0.816
2024-11-21,New York Harbor Conventional Gasoline Regular Spot Price FOB (Dollars per Gallon),2.154
2024-11-21,U.S. Gulf Coast Conventional Gasoline Regular Spot Price FOB (Dollars per Gallon),1.944
2024-11-21,Los Angeles Reformulated RBOB Regular Gasoline Spot Price (Dollars per Gallon),2.191
2024-11-21,U.S. Gulf Coast Kerosene-Type Jet Fuel Spot Price FOB (Dollars per Gallon),2.095
2024-11-21,New York Harbor No. 2 Heating Oil Spot Price FOB (Dollars per Gallon),2.17
2024-11-21,New York Harbor Ultra-Low Sulfur No 2 Diesel Spot Price (Dollars per Gallon),2.248
2024-11-21,U.S. Gulf Coast Ultra-Low Sulfur No 2 Diesel Spot Price (Dollars per Gallon),2.175
2024-11-20,"Los Angeles, CA Ultra-Low Sulfur CARB Diesel Spot Price (Dollars per Gallon)",2.237
2024-11-20,WTI Crude,69.25
2024-11-20,Brent Crude,74.33
2024-11-20,"Mont Belvieu, TX Propane Spot Price FOB (Dollars per Gallon)",0.804
2024-11-20,New York Harbor Conventional Gasoline Regular Spot Price FOB (Dollars per Gallon),2.151
2024-11-20,U.S. Gulf Coast Conventional Gasoline Regular Spot Price FOB (Dollars per Gallon),2.008
2024-11-20,Los Angeles Reformulated RBOB Regular Gasoline Spot Price (Dollars per Gallon),2.098
2024-11-20,U.S. Gulf Coast Kerosene-Type Jet Fuel Spot Price FOB (Dollars per Gallon),2.06
2024-11-20,New York Harbor No. 2 Heating Oil Spot Price FOB (Dollars per Gallon),2.13
2024-11-20,New York Harbor Ultra-Low Sulfur No 2 Diesel Spot Price (Dollars per Gallon),2.217
2024-11-20,U.S. Gulf Coast Ultra-Low Sulfur No 2 Diesel Spot Price (Dollars per Gallon),2.155
2024-11-19,"Los Angeles, CA Ultra-Low Sulfur CARB Diesel Spot Price (Dollars per Gallon)",2.243
2024-11-19,WTI Crude,69.75
2024-11-19,Brent Crude,74.32
2024-11-19,"Mont Belvieu, TX Propane Spot Price FOB (Dollars per Gallon)",0.793
2024-11-19,New York Harbor Conventional Gasoline Regular Spot Price FOB (Dollars per Gallon),2.142
2024-11-19,U.S. Gulf Coast Conventional Gasoline Regular Spot Price FOB (Dollars per Gallon),1.999
2024-11-19,Los Angeles Reformulated RBOB Regular Gasoline Spot Price (Dollars per Gallon),2.179
2024-11-19,U.S. Gulf Coast Kerosene-Type Jet Fuel Spot Price FOB (Dollars per Gallon),2.066
2024-11-19,New York Harbor No. 2 Heating Oil Spot Price FOB (Dollars per Gallon),2.136
2024-11-19,New York Harbor Ultra-Low Sulfur No 2 Diesel Spot Price (Dollars per Gallon),2.223
2024-11-19,U.S. Gulf Coast Ultra-Low Sulfur No 2 Diesel Spot Price (Dollars per Gallon),2.161
2024-11-18,"Los Angeles, CA Ultra-Low Sulfur CARB Diesel Spot Price (Dollars per Gallon)",2.227
2024-11-18,WTI Crude,69.46
2024-11-18,Brent Crude,74.35
2024-11-18,"Mont Belvieu, TX Propane Spot Price FOB (Dollars per Gallon)",0.784
2024-11-18,New York Harbor Conventional Gasoline Regular Spot Price FOB (Dollars per Gallon),2.12
2024-11-18,U.S. Gulf Coast Conventional Gasoline Regular Spot Price FOB (Dollars per Gallon),1.958
2024-11-18,Los Angeles Reformulated RBOB Regular Gasoline Spot Price (Dollars per Gallon),2.173
2024-11-18,U.S. Gulf Coast Kerosene-Type Jet Fuel Spot Price FOB (Dollars per Gallon),2.079
2024-11-18,New York Harbor No. 2 Heating Oil Spot Price FOB (Dollars per Gallon),2.152
2024-11-18,New York Harbor Ultra-Low Sulfur No 2 Diesel Spot Price (Dollars per Gallon),2.242
2024-11-18,U.S. Gulf Coast Ultra-Low Sulfur No 2 Diesel Spot Price (Dollars per Gallon),2.174
